player,team,pos,fg_pct,fga,ft_pct,fta,tpm,pts,reb,ast,stl,blk,tov,note
Nikola Jokic,DEN,C,0.580,17.8,0.810,6.4,1.4,29.0,12.4,10.4,1.7,0.7,3.2,
Victor Wembanyama,SAS,C,0.490,19.8,0.845,6.2,2.7,26.5,12.5,4.0,1.2,4.0,3.4,
Shai Gilgeous-Alexander,OKC,PG,0.520,21.5,0.895,8.6,2.2,32.5,5.1,6.5,1.8,0.9,2.5,
Luka Doncic,LAL,"PG,SG",0.470,22.5,0.800,9.0,3.8,33.5,8.5,8.5,1.5,0.4,3.8,hamstring-monitor (Gr2 Apr 2026; cleared 5/28; self-declared 100% Sept — informational; no multiplier)
Giannis Antetokounmpo,MIA,"PF,C",0.598,19.2,0.630,9.6,0.3,30.8,11.7,6.3,0.9,1.1,3.2,
Anthony Davis,WAS,"PF,C",0.515,17.0,0.775,6.8,0.9,24.0,11.8,3.4,1.2,2.1,2.0,inj-risk
Cade Cunningham,DET,"PG,SG",0.475,21.5,0.850,6.8,2.2,27.5,6.3,9.4,1.1,0.7,4.2,
Anthony Edwards,MIN,"PG,SF,SG",0.455,20.8,0.840,6.5,4.2,28.5,5.8,4.8,1.3,0.6,3.3,
Kevin Durant,HOU,"PF,SF,SG",0.525,16.8,0.845,5.2,2.3,26.0,5.8,4.0,0.8,1.1,3.0,
Jalen Williams,OKC,"PF,SF,SG",0.488,17.0,0.795,5.0,2.0,22.5,5.5,5.4,1.7,0.7,2.6,
Chet Holmgren,OKC,"PF,C",0.500,13.5,0.760,4.0,1.7,17.5,8.8,2.4,0.9,2.4,1.5,
Evan Mobley,CLE,"PF,C",0.560,14.5,0.680,4.8,1.2,19.5,9.5,3.6,1.0,1.7,1.9,"FT% repriced 2026-09-29 to 0.680: 2025-26 .606 on 4.6 FTA after .725 and .719, career .674 (B-Ref, StatMuse); line otherwise held"
Donovan Mitchell,CLE,"PG,SG",0.450,19.5,0.870,5.2,3.7,24.5,4.4,5.2,1.4,0.3,2.5,
Devin Booker,PHX,"PG,SG",0.465,19.2,0.890,5.8,2.2,26.0,4.2,7.0,0.9,0.4,3.0,
Tyrese Maxey,PHI,"PG,SG",0.445,18.5,0.880,5.0,3.1,25.0,3.5,6.0,1.6,0.4,2.3,
Karl-Anthony Towns,NYK,"C,PF",0.525,15.5,0.830,5.0,2.1,24.8,12.5,3.2,1.0,0.8,2.9,
Domantas Sabonis,SAC,"C,PF",0.585,13.8,0.750,4.5,0.7,19.5,13.5,6.2,0.8,0.5,3.0,
Alperen Sengun,HOU,"C,PF",0.500,16.0,0.700,5.6,0.5,20.5,10.5,5.2,1.2,0.9,2.8,
Jalen Brunson,NYK,PG,0.485,18.8,0.825,6.6,2.4,26.5,3.0,7.2,0.9,0.1,2.6,"wrist-surgery-monitor (says fully cleared 9/24); practiced 9/29 at the first official camp practice (SNY, BVM)"
Trae Young,WAS,PG,0.415,17.0,0.870,6.2,2.4,23.5,3.2,9.8,1.3,0.2,4.2,
Ja Morant,POR,PG,0.455,18.0,0.820,6.2,1.8,23.5,4.2,7.5,1.3,0.3,3.4,"inj-risk (20 of 82 games in 2025-26 — calf, elbow and a suspension, 19.5 / 3.3 / 8.1 in 28.4 mpg; 79 appearances over the last three seasons — Basketball-Reference game log, Hoops Rumors Trail Blazers Notes 9/2026, SI Blazers; says he hopes to play every game; day-two camp practice 10/1 — Blazer's Edge). Tag added 2026-10-01 (D58-1): the kit's 60-game line was already the price; the weekly model now expects fewer games"
Jaren Jackson Jr.,UTA,"PF,C",0.495,16.5,0.790,5.4,2.0,23.5,6.0,2.2,1.3,1.6,1.9,inj-knee-risk (PVNS surgery)
Stephen Curry,GSW,PG,0.450,18.2,0.930,4.5,4.3,24.0,4.3,5.9,1.0,0.4,2.8,"inj-risk; 9/29: knee 'feeling great, no issues at all', a management plan with select back-to-backs off (NBC Sports Bay Area, Heavy, Yahoo)"
Bam Adebayo,MIA,"C,PF",0.490,13.0,0.770,3.6,0.8,16.5,9.8,3.8,1.3,0.8,2.1,
Cooper Flagg,DAL,"PF,SF,SG",0.468,14.8,0.790,4.3,1.6,17.8,7.8,4.2,1.4,1.1,2.5,
Scottie Barnes,TOR,"C,PF,SF,SG",0.450,17.0,0.760,5.0,1.3,20.5,8.0,6.0,1.5,1.1,2.9,
Franz Wagner,ORL,"SF,PF",0.470,18.6,0.860,5.9,1.6,24.8,5.8,5.8,1.3,0.6,3.0,
Paolo Banchero,ORL,"PF,SF",0.460,19.5,0.735,7.2,1.9,26.5,7.8,5.0,0.9,0.7,3.2,
Jalen Johnson,ATL,"SF,PF",0.505,16.5,0.745,4.6,1.6,22.0,10.2,7.5,1.3,1.0,3.4,
Amen Thompson,HOU,"PG,SF,SG",0.560,12.5,0.700,4.5,0.4,16.5,8.8,4.5,1.5,1.3,2.1,
LeBron James,PHI,"SF,PF",0.520,13.0,0.780,3.4,1.8,17.5,6.2,6.0,0.9,0.5,2.6,inj-age41-risk (4th option PHI)
Jaylen Brown,PHI,"PF,SF,SG",0.465,19.0,0.770,4.8,2.4,23.0,5.9,4.6,1.2,0.4,2.8,
Ivica Zubac,IND,C,0.625,11.0,0.670,3.8,0.0,17.0,12.4,2.8,0.7,1.1,1.7,"role 9/30: starter (Circle City Spin day-one, SI Pacers)"
De'Aaron Fox,SAS,"PG,SG",0.470,19.0,0.750,5.2,1.7,24.0,4.9,6.5,1.6,0.4,2.9,
Jamal Murray,DEN,PG,0.475,17.6,0.885,4.0,2.6,21.8,4.0,6.2,1.3,0.3,2.2,healthy (75 GP in 2025-26; the 9/8 inj-achilles-risk tag was a Dejounte Murray garble - removed 2026-09-28)
James Harden,CLE,"PG,SG",0.415,16.5,0.870,6.4,2.9,22.5,5.6,8.5,1.4,0.6,4.2,
Zion Williamson,NOP,"C,PF",0.565,16.2,0.660,6.9,0.1,24.8,7.3,5.4,1.2,0.9,3.3,inj-risk
Kawhi Leonard,TOR,"PF,SF,SG",0.495,16.0,0.810,4.0,2.1,21.0,5.8,3.2,1.6,0.5,1.8,"inj-risk; investigation closed 2026-09-02 — $700K fine, no suspension (NBA.com release, ESPN); camp ramp-up plus load management, healthy (TSN 9/29, Raptors Republic 9/30); traded TOR 2026-09-14 (executed)"
Tyler Herro,MIL,"PG,SG",0.455,18.8,0.880,4.6,3.2,25.0,5.0,6.2,0.8,0.2,3.1,
Desmond Bane,ORL,"SG,SF",0.480,15.8,0.890,3.6,2.6,19.8,6.0,5.2,1.2,0.4,2.4,
Derrick White,BOS,"PG,SG",0.445,14.5,0.845,3.2,3.2,18.0,4.6,5.2,1.0,1.2,1.8,
Jimmy Butler,GSW,"PF,SF,SG",0.535,12.8,0.855,6.0,0.9,18.5,5.4,5.6,1.4,0.3,1.5,"acl-recovery-jan26 (light on-court work at three-quarter speed as of the 9/28 media day; Warriors hope for early 2027, no timeline — NBC Bay Area, SF Chronicle); 9/30: light on-court work in an individual rehab phase in Hawaii, 'months away' per Slater (SF Standard, NBC Sports Bay Area 9/29)"
LaMelo Ball,MIN,PG,0.430,18.5,0.840,4.5,3.4,23.0,4.8,7.0,1.2,0.3,3.4,
Darius Garland,LAC,PG,0.470,15.6,0.875,3.5,2.9,20.5,2.9,6.8,1.2,0.1,2.6,
Josh Giddey,CHI,"PG,SG,SF",0.470,14.5,0.810,3.2,1.8,16.5,8.5,7.8,1.3,0.7,3.0,
Dyson Daniels,ATL,"PG,SF,SG",0.495,12.5,0.610,2.2,1.1,14.5,6.0,4.5,3.0,0.7,1.9,
Devin Vassell,SAS,"SG,SF",0.465,13.5,0.805,2.4,2.4,16.8,4.0,3.0,1.1,0.4,1.5,
Jalen Duren,DET,C,0.690,8.5,0.700,3.3,0.0,12.5,10.5,2.8,0.7,1.2,1.9,"rfa-holdout: deadline day 10/1 — unsigned, left off Detroit's camp roster, the fully guaranteed 5yr/$200M offer reported rejected, the $9.6M qualifying-offer decision due 11:59 pm ET (NBC Sports, Yahoo, Hoops Rumors 9/30-10/1); Stein 9/29: prepared to accept the QO absent a deal; Detroit could extend the deadline to March 1, no indication it will"
Rudy Gobert,MIN,C,0.665,6.8,0.680,4.0,0.0,12.2,10.8,1.9,0.8,1.4,1.6,
Jarrett Allen,CLE,C,0.700,8.5,0.720,3.5,0.0,13.8,9.8,2.0,0.9,0.9,1.4,
Walker Kessler,LAL,C,0.660,7.8,0.630,2.6,0.0,11.8,12.0,1.8,0.5,2.4,1.6,"inj-shoulder-risk (first season back; fully cleared for all basketball activity per Pelinka at the 9/28 media day — NBC Sports, CBS)"
Myles Turner,MIL,C,0.460,9.5,0.770,2.6,2.0,12.5,5.8,1.5,0.7,1.7,1.3,"repriced 2026-09-29 to the 2025-26 Milwaukee shape: 71 GP / 26.9 mpg / 11.9 pts / 5.3 reb / 1.6 blk (B-Ref); starter with Ware on his heels and no guarantees (SI Bucks, Behind the Buck Pass)"
Deandre Ayton,WAS,C,0.565,9.0,0.760,1.8,0.1,11.0,7.8,1.5,0.7,0.8,1.5,backup-watch (WAS projected five lists Sarr at C; role unsettled)
Mark Williams,PHX,C,0.580,10.2,0.795,4.2,0.0,15.5,10.4,2.6,0.7,1.2,2.3,"shoulder-recovery (torn labrum surgery 2026-09-10; about five months, a February return targeted, no set timetable — ESPN, NBA.com, Yahoo, Hoops Wire)"
Kristaps Porzingis,GSW,"PF,C",0.485,13.6,0.810,4.2,2.0,19.8,6.9,2.2,0.7,1.5,1.6,"inj-risk; out indefinitely pre-camp with an undisclosed health issue, will not travel to Hawaii camp (Dunleavy 9/28, no timeline; 'hopefully back soon', not ruled out for the season start — NBC Sports, NBA.com, Hoops Rumors); 9/30: ruled out through the first camp week, misses at least four practices and the 10/4 preseason opener (NBC Sports, Yahoo, SI)"
Joel Embiid,PHI,C,0.450,15.0,0.825,7.5,1.4,24.0,8.3,4.5,0.8,0.9,3.3,"inj-risk; 9/29: full participant at the opening practice, no restrictions per Nurse; a back-to-back plan with LeBron being mapped (NBC Sports Philadelphia, Heavy, SI 76ers)"
Nikola Vucevic,ORL,C,0.530,10.5,0.800,2.0,1.1,13.0,7.5,2.4,0.6,0.6,1.4,bench-role (backup/sixth man behind Wendell Carter; synced 9/21)
Jakob Poeltl,TOR,C,0.625,8.8,0.690,2.7,0.0,14.5,9.7,2.8,1.2,1.2,1.9,
Onyeka Okongwu,ATL,C,0.560,11.5,0.780,2.8,1.7,15.0,7.8,3.0,0.8,1.1,1.5,
Kel'el Ware,MIL,C,0.545,8.8,0.720,1.5,1.0,11.5,8.5,0.9,0.7,1.3,1.0,"repriced 2026-09-29 to the backup-center role: 2025-26 MIA 77 GP / 34 GS / 22.1 mpg / 11.1 pts / 9.0 reb / 1.1 blk (B-Ref); clear No. 2 behind Turner in camp (SI Bucks, Behind the Buck Pass); 9/30: about 25 mpg as Turner's primary backup (SI Bucks, Behind the Buck Pass, Brew Hoop)"
Zach Edey,MEM,C,0.585,9.5,0.720,3.2,0.2,12.5,10.5,1.2,0.5,1.5,1.3,"inj-ankle-risk (bone stress surgery; cleared for full-speed, full-court work and expected ready for the regular season per Kleiman at the 9/28 media day — SI, Yahoo, Hoops Rumors); 9/30: practicing, no two-a-days yet; limited preseason reps expected, ready for the season per Kleiman (Yahoo, SI Grizzlies)"
Donovan Clingan,POR,C,0.520,9.0,0.680,2.6,1.0,12.0,11.5,2.0,0.6,1.7,1.2,"starting-center role (SI Blazers, RotoWire); repriced 2026-09-30 to the 2025-26 B-Ref line (77 GP / 27.2 mpg / 12.1 pts / 11.6 reb / 1.1 3PM / 1.7 blk)"
Jusuf Nurkic,UTA,C,0.500,8.5,0.560,2.7,0.6,10.5,10.0,4.5,1.2,0.6,2.4,"starting-center role (camp day-one first unit — Hoops Rumors Jazz Notes, SLC Dunk/Yahoo 9/29); repriced 2026-09-30 to the 2025-26 B-Ref line (41 GP / 26.4 mpg / 10.9 pts / 10.4 reb / 4.8 ast / 1.3 stl / .549 FT)"
Isaiah Hartenstein,OKC,C,0.585,8.0,0.680,2.2,0.0,11.5,11.0,3.5,0.8,1.0,1.6,
Daniel Gafford,DAL,C,0.700,6.5,0.700,2.4,0.0,10.5,7.5,1.5,0.5,1.7,1.1,
Dereck Lively II,DAL,C,0.700,5.5,0.650,1.8,0.0,8.5,8.0,1.3,0.6,1.5,1.2,"inj-risk; not cleared for camp, running and shooting as of the 9/28 media day (NBA.com recap, Yardbarker); could miss the start of the season; 9/30: not cleared for camp, ramping toward clearance; 10/21 opener status undetermined (ESPN, CBS, Yahoo 9/28-29)"
Neemias Queta,BOS,C,0.630,7.5,0.650,2.8,0.0,10.5,8.6,1.4,0.6,1.3,1.5,"role 9/30: starting-center favorite in a three-man platoon with Mitchell Robinson and Garza (Yahoo, SI Celtics)"
Mitchell Robinson,BOS,C,0.680,5.5,0.550,2.0,0.0,8.0,9.0,1.0,0.8,1.4,1.0,inj-risk (timeshare w/ Queta)
Nic Claxton,CHI,C,0.565,9.0,0.580,2.4,0.1,11.0,8.2,2.4,0.9,1.5,1.7,
Alex Sarr,WAS,"C,PF",0.430,12.5,0.700,2.8,1.4,15.0,7.5,2.8,0.9,1.6,1.9,"inj-foot-risk (June surgery, expected ready)"
Khaman Maluach,PHX,C,0.560,6.5,0.650,1.8,0.1,9.0,7.5,0.8,0.4,1.4,1.2,rookie-proj
Yves Missi,NOP,C,0.560,7.5,0.620,2.2,0.0,10.0,8.5,1.5,0.6,1.3,1.4,
Steven Adams,HOU,C,0.580,4.5,0.550,1.8,0.0,6.5,8.5,1.5,0.5,0.7,1.0,inj-ankle-risk (first season back; Grade 3 sprain + Jan 2026 surgery; cleared as a full camp participant at the 9/22 media day per Udoka)
Clint Capela,HOU,C,0.590,6.0,0.600,1.8,0.0,8.0,8.0,1.0,0.6,1.0,1.1,
Wendell Carter Jr.,ORL,C,0.525,9.0,0.740,2.6,0.9,12.0,8.5,2.4,0.7,0.7,1.6,
Goga Bitadze,ORL,C,0.570,6.0,0.650,1.6,0.1,8.5,7.0,1.8,0.7,1.2,1.3,
Day'Ron Sharpe,BKN,C,0.563,8.6,0.704,2.9,0.3,11.9,9.4,3.0,1.4,0.9,2.2,"starting-center role (Yahoo Nets camp breakdown, TalkBasket); twinned 2026-09-30 to the kit's 28.2-mpg starter line (built from the 2025-26 B-Ref per-36: 16.8 pts / 12.8 reb / 4.5 ast / 2.1 stl)"
Tyrese Haliburton,IND,"PG,SG",0.473,15.5,0.851,3.2,3.0,18.6,3.5,9.2,1.4,0.7,1.6,inj-achilles-risk (first season back)
Jayson Tatum,BOS,"SF,PF",0.452,18.1,0.812,6.5,3.2,26.8,8.7,6.0,1.1,0.5,2.9,inj-achilles-risk
Kyrie Irving,DAL,PG,0.473,16.7,0.916,4.0,2.7,24.7,4.8,4.6,1.3,0.5,2.1,inj-acl-risk (first season back)
Damian Lillard,POR,PG,0.435,17.5,0.920,6.5,3.0,24.0,4.2,7.0,1.0,0.3,2.9,inj-achilles-risk (first season back)
Fred VanVleet,HOU,"PG,SG",0.374,12.5,0.810,2.3,2.5,14.1,3.7,5.6,1.6,0.6,1.6,"inj-acl-risk (first season back); 10/1: fully cleared, five-on-five scrimmages for weeks, practiced Wednesday 9/30; no back-to-backs to open the season, minutes limit set by camp progress per Udoka (CBS Sports, The Dream Shake, Yahoo, RotoWire) — D-BV2"
Dejounte Murray,NOP,"PG,SG",0.410,15.0,0.790,3.6,2.0,17.0,5.8,6.5,1.8,0.4,2.8,inj-achilles-risk (14 games last season)
Paul George,BOS,"SF,PF",0.435,13.5,0.810,2.8,2.2,16.0,5.2,4.2,1.7,0.5,2.4,"inj-risk; 9/29: 'my body has naturally healed', no restrictions reported at camp (Yahoo, NBA.com, CelticsBlog)"
Brandon Ingram,LAC,"SG,SF,PF",0.465,15.0,0.820,4.2,1.7,19.0,5.3,3.9,0.8,0.6,2.3,"inj-achilles-risk (partially torn left Achilles found and repaired at the 2026-05 heel surgery, disclosed at the 9/28 media day — ESPN, NBA.com, NBC LA; out for the start of the season, no team timetable, reporting points at Nov–early Dec; 'week-by-week', not participating in camp much) Line repriced 2026-09-29: post-Achilles ramp in a Garland-led offense, assists to the 2025-26 Toronto level (77 GP / 21.5 / 5.6 / 3.7 - B-Ref; ESPN, NBA.com).; 9/30: Redden — a partial tear runs about six months less rehab than a full one; 'week-by-week', on the floor a little in camp (ESPN, NBA.com, Washington Times)"
Zach LaVine,SAC,"PG,SF,SG",0.505,16.5,0.840,3.8,3.0,22.5,4.5,4.0,0.8,0.2,2.6,
DeMar DeRozan,DEN,"PF,SF",0.475,12.5,0.845,4.2,0.8,16.0,3.4,3.6,0.8,0.5,1.7,"9/30: bench unit projected, possible starter over Cam Johnson or Braun (Forbes 9/29, SI Nuggets)"
Jalen Green,PHX,"SF,SG",0.430,17.8,0.830,5.0,3.0,21.5,4.4,3.5,0.9,0.3,2.6,"role 9/30: starter, usage share down with Bridges added (SI Suns, Valley of the Suns, BVM 9/29)"
Norman Powell,CHI,"SG,SF",0.480,15.2,0.805,3.8,2.9,21.0,3.2,2.2,1.1,0.2,1.8,
Cam Thomas,FA,SG,0.440,18.5,0.880,5.4,2.5,24.0,3.4,4.0,0.7,0.2,2.7,
Coby White,CHA,"PG,SG",0.455,16.0,0.900,4.0,3.0,20.5,3.8,4.6,0.9,0.2,2.3,"role 9/30: starter (SI Hornets, Yahoo)"
Austin Reaves,LAL,"PG,SF,SG",0.465,16.8,0.880,6.5,2.7,23.0,4.6,6.8,1.1,0.3,3.0,
Jordan Poole,NOP,"PG,SG",0.410,9.0,0.870,2.2,1.9,10.5,1.7,2.5,0.6,0.2,1.5,"repriced 2026-09-29 to the third-guard role: 2025-26 39 GP / 8 GS / 23.9 mpg / 13.4 pts and out of the rotation by season's end (B-Ref); camp reporting has him behind Murray and Fears at PG with Mathurin at SG (SI Pelicans, Yahoo camp preview, Pelican Debrief)"
CJ McCollum,ATL,"PG,SG",0.445,14.5,0.785,2.2,2.6,17.5,3.5,4.0,1.0,0.4,1.8,
Anfernee Simons,PHI,"PG,SG",0.430,12.0,0.900,2.6,2.6,14.5,2.6,3.4,0.8,0.2,1.8,
Malik Monk,SAC,"SG,PG",0.440,13.2,0.865,3.3,2.2,17.5,3.8,5.6,0.9,0.4,2.5,
Immanuel Quickley,TOR,"PG,SG",0.425,13.8,0.870,3.1,2.6,17.5,3.6,6.0,1.0,0.1,2.1,
Jalen Suggs,ORL,"PG,SG",0.420,13.0,0.860,3.2,2.3,17.0,4.2,4.0,1.6,0.8,2.6,
Stephon Castle,SAS,"PG,SG",0.440,14.5,0.730,4.6,1.2,16.5,4.0,4.8,1.0,0.4,2.4,
Scoot Henderson,POR,"PG,SG",0.430,10.0,0.790,2.5,1.4,11.5,3.0,4.5,1.0,0.3,2.3,
Reed Sheppard,HOU,"PG,SG",0.450,10.0,0.860,2.1,2.2,12.5,3.0,3.9,1.2,0.4,1.5,bench-role (VanVleet healthy; role recompressed per 9/16 research; synced 9/21)
Andrew Nembhard,IND,"PG,SG",0.470,11.0,0.800,2.4,1.3,12.5,3.2,6.8,1.2,0.4,2.2,"role 9/30: starter (Circle City Spin day-one, SI Pacers)"
Kevin Porter Jr.,MIL,"PG,SG",0.455,11.8,0.780,2.8,1.6,14.5,4.2,5.0,1.1,0.4,2.4,"starting-PG battle with Ryan Rollins (SI Bucks, Yahoo camp preview 9/30); 10/1: undecided, Rollins listed first on the camp depth chart (RealGM) — row noted 2026-10-01 after the 9/30 report wrongly said the deck had no Porter row (D-30-1 closed)"
Ryan Rollins,MIL,"PG,SG",0.465,12.5,0.800,2.2,1.9,15.5,4.2,5.2,1.4,0.4,1.9,"starting-PG battle with Kevin Porter Jr (SI Bucks, Yahoo camp preview); repriced 2026-09-30 toward the 2025-26 line (17.3 / 4.6 / 5.6 / 1.5 in 32.1 mpg on 47/40 — Yahoo, SI) with a share haircut; 10/1: battle undecided; listed first on the camp depth chart (RealGM), the starter debate still live (SI Bucks)"
Dylan Harper,SAS,"PG,SG",0.455,12.5,0.760,3.8,1.4,15.5,4.2,5.0,1.3,0.4,2.5,"role 9/30: starter or first guard in with Fox and Castle, Johnson rotating lineups (Yahoo, CBS Sports, Air Alamo)"
VJ Edgecombe,PHI,"PG,SG",0.445,13.8,0.785,3.6,1.9,17.0,4.6,3.8,1.4,0.5,2.1,
Keyonte George,UTA,"PG,SG",0.445,15.5,0.830,4.5,2.9,20.5,3.8,5.8,0.9,0.1,2.9,"role 9/30: starter (SI Jazz, Hoops Rumors)"
Isaiah Collier,UTA,"PG,SG",0.465,10.5,0.720,2.8,0.8,12.5,3.6,7.0,1.2,0.2,2.9,
Jaden Ivey,FA,SG,0.460,13.5,0.750,4.0,2.1,18.0,4.2,4.2,0.9,0.5,2.4,
Cason Wallace,OKC,"PG,SF,SG",0.480,8.5,0.800,1.5,1.4,11.0,3.5,3.4,1.7,0.5,1.1,
Bub Carrington,WAS,"PG,SG",0.420,11.5,0.810,2.0,1.8,13.0,4.2,4.8,0.9,0.3,2.1,
Jeremiah Fears,NOP,"PG,SG",0.430,12.0,0.750,3.4,1.2,14.0,3.2,5.2,1.1,0.2,2.8,rookie-proj
Egor Demin,BKN,"PG,SG",0.420,10.5,0.760,1.8,1.5,11.5,4.0,5.5,1.0,0.3,2.5,"rookie-proj; starting-guard projection (Yahoo Nets camp breakdown, TalkBasket); non-surgical plantar fasciitis procedure this offseason, participation monitored (Yahoo, CBS)"
Tre Johnson,WAS,"PG,SF,SG",0.435,12.5,0.840,2.6,2.1,15.0,3.2,2.8,0.8,0.3,1.9,rookie-proj
Kon Knueppel,CHA,"SF,SG",0.455,12.8,0.855,2.9,2.6,16.5,4.2,3.6,0.9,0.3,1.7,"hamstring-monitor (left hamstring strain 9/25: out for preseason, likely misses the start of the season, re-eval first week); 10/1: hamstring pain gone, rebuilding strength, no five-on-five yet; re-evaluation the week of 10/19, the 10/21 opener undecided per Peterson (Yahoo, NBC Sports)"
Brandin Podziemski,GSW,"SG,PG",0.450,10.5,0.800,1.8,1.8,12.5,4.8,4.0,1.0,0.3,1.8,
Moses Moody,GSW,"SG,SF",0.440,9.5,0.820,2.0,1.8,12.0,3.2,1.8,0.8,0.4,1.1,patellar-recovery (no return timeline)
De'Anthony Melton,GSW,"PG,SG",0.420,9.0,0.780,1.6,1.7,10.5,3.6,3.2,1.5,0.4,1.5,inj-risk
Keon Ellis,BKN,SG,0.465,8.0,0.830,1.5,1.7,10.5,2.8,2.2,1.4,0.5,1.0,
Gradey Dick,LAC,"SG,SF",0.440,12.0,0.830,2.6,2.2,15.0,3.6,2.0,0.8,0.3,1.5,traded LAC 2026-09-14 (executed)
Buddy Hield,CHI,"SG,SF",0.430,9.5,0.820,1.2,2.4,11.5,3.0,1.8,0.7,0.2,1.2,traded CHI 2026-09-26 (CHA sent Hield + cash for Rob Dillingham - his second trade in five days after ATL->CHA 9/22); bench shooter role
Gary Trent Jr.,MIL,"SG,SF",0.430,9.8,0.830,1.2,2.3,12.0,2.6,1.5,1.0,0.2,1.0,
Jordan Hawkins,MEM,SG,0.420,10.5,0.850,2.0,2.2,13.0,2.8,1.8,0.8,0.2,1.5,traded MEM 2026-09-08 (four-player NOP-MEM deal clearing room to complete the Mathurin signing)
Collin Sexton,LAL,"PG,SG",0.470,12.5,0.830,3.4,1.7,16.5,3.0,4.4,0.9,0.1,2.3,
Dennis Schroder,CHA,"PG,SG",0.430,8.5,0.850,2.1,1.3,10.5,2.3,4.5,0.8,0.1,1.9,
Russell Westbrook,FA,PG,0.440,10.0,0.660,2.8,0.8,12.0,5.0,5.5,1.1,0.3,2.8,out-retired (announced 2026-08-12 after 18 seasons)
Malcolm Brogdon,FA,PG,0.440,9.0,0.870,2.0,1.4,11.5,3.4,4.0,0.7,0.2,1.6,out-retired
Lonzo Ball,FA,PG,0.420,8.5,0.750,1.2,1.8,10.0,4.6,5.0,1.4,0.6,2.0,inj-risk
Jose Alvarado,NYK,PG,0.430,7.0,0.810,1.2,1.3,8.5,2.2,3.5,1.5,0.2,1.3,
Payton Pritchard,BOS,"PG,SG",0.465,15.0,0.850,2.2,3.8,19.0,4.2,5.5,1.0,0.2,2.0,
Anthony Black,ORL,"PG,SG,SF",0.455,9.5,0.760,2.4,1.1,11.5,3.4,4.2,1.2,0.5,1.8,"role 9/30: sixth man, 20-25 mpg; first up if Suggs misses time (SI Magic, Orlando Magic Daily); 10/1: minor ankle sprain from the voluntary workouts, day-to-day, limited at the start of camp (Sweeney via HoopsHype 9/30, SI Magic, RotoBaller)"
Nickeil Alexander-Walker,ATL,"PG,SG",0.455,13.5,0.890,3.4,2.8,18.4,3.0,3.3,1.2,0.5,1.9,"starting-SG role (NBA.com season preview 9/22 — Zillgitt; SI Hawks projected lineup; Dort the alternative per SI Hawks' camp position battles); repriced 2026-10-01 to the 2025-26 B-Ref game-log line (78 GP / 33.3 mpg / 20.8 pts / 3.2 3PM / 3.4 reb / 3.7 ast / 1.3 stl / .459 FG / .902 FT) at 31 minutes with a share haircut for McCollum, Dort and Wiggins — the kit carries the same line (D-30-2)"
Mikal Bridges,NYK,"PF,SF,SG",0.500,14.8,0.815,2.2,2.2,18.0,3.4,3.8,1.0,0.5,1.5,
OG Anunoby,NYK,"SF,PF",0.480,13.5,0.805,2.5,2.3,18.5,5.0,2.3,1.6,0.9,1.4,
Trey Murphy III,NOP,"PF,SF,SG",0.460,15.5,0.885,3.9,3.1,22.0,5.3,3.7,1.1,0.7,2.1,inj-shoulder-risk (season ended early)
Herbert Jones,NOP,"PF,SF,SG",0.455,9.0,0.810,2.5,1.3,11.5,4.0,2.8,1.8,0.8,1.5,
Michael Porter Jr.,BKN,"SF,PF",0.500,14.0,0.770,2.4,2.7,19.5,7.2,2.4,0.7,0.5,1.6,"role 9/30: starter (Yahoo, Fadeaway World)"
Cameron Johnson,DEN,"PF,SF",0.475,10.5,0.860,2.5,2.3,14.0,4.0,2.6,0.8,0.4,1.1,"repriced 2026-09-29 to Denver's fourth-option usage: 2025-26 54 GP / 30.5 mpg / 8.8 FGA / 12.2 pts, double figures in 13 of the last 15 (B-Ref, Gazette 9/20); starting SF with DeRozan on the bench (SI Nuggets)"
Andrew Wiggins,MIA,"PF,SF,SG",0.460,13.5,0.760,3.6,2.0,18.0,4.6,2.7,1.2,0.6,1.7,"role 9/30: starter (SI Heat, NBA.com season preview)"
Jaden McDaniels,MIN,"SF,PF",0.460,10.5,0.810,2.5,1.5,13.0,5.9,2.1,1.3,0.9,1.5,
Bilal Coulibaly,WAS,"SG,SF",0.430,11.0,0.720,2.8,1.3,13.5,5.2,3.8,1.5,0.8,2.1,
Matas Buzelis,CHI,"SF,PF",0.470,11.5,0.780,2.8,1.5,14.5,6.2,2.0,0.8,1.1,1.7,
Jaylen Wells,MEM,"SG,SF",0.450,10.5,0.820,2.2,1.7,12.5,4.2,2.2,0.9,0.4,1.4,"inj-toe-risk (surgery, expected ready)"
Zaccharie Risacher,DAL,SF,0.465,11.5,0.730,2.0,1.9,14.0,4.0,1.5,0.8,0.7,1.3,
Ace Bailey,UTA,"PF,SF",0.435,13.0,0.770,3.0,1.8,15.5,5.8,2.2,0.8,0.9,2.1,"role 9/30: fifth-starter competition with Peterson, bench likely (SI Jazz, SLC Dunk 9/29)"
Cedric Coward,MEM,"SG,SF",0.470,10.0,0.800,2.0,1.6,13.0,4.5,2.5,0.9,0.5,1.5,rookie-proj
Nique Clifford,SAC,"SG,SF",0.430,7.8,0.740,1.4,1.1,9.0,3.8,2.4,0.9,0.3,1.4,"second-year wing, rookie projection retired 2026-09-29: 2025-26 75 GP / 28 GS / 25.1 mpg / 8.6 pts / 3.8 reb / 2.4 ast (B-Ref); three-guard bench rotation with Monk and Simmons (SI Kings, Sactown Sports)"
Kyshawn George,WAS,"PF,SF,SG",0.420,10.0,0.780,2.0,1.6,11.5,4.6,3.2,1.0,0.7,1.8,"role 9/30: fifth-starter battle with Coulibaly and Tre Johnson (Bullets Forever, Yahoo)"
Brandon Miller,CHA,"PF,SF,SG",0.425,17.5,0.870,4.2,3.2,22.5,5.0,4.6,1.1,0.7,2.9,
Miles Bridges,PHX,"SF,PF",0.435,16.0,0.830,3.5,2.3,20.0,7.4,4.0,0.9,0.7,2.4,
RJ Barrett,TOR,"PF,SF,SG",0.465,15.5,0.630,5.0,1.6,20.5,6.2,5.2,0.9,0.3,2.7,"role 9/30: starter in the core five (SI Raptors, Yardbarker)"
Deni Avdija,POR,"PF,SF,SG",0.480,13.0,0.790,4.8,1.7,17.8,7.4,4.2,1.1,0.6,2.7,
Shaedon Sharpe,POR,"PG,SF,SG",0.455,12.0,0.790,2.8,1.9,15.0,3.8,2.6,0.8,0.4,1.8,"knee-recovery (torn meniscus 8/24, ~6mo, ret ~late Feb 2027)"
Toumani Camara,POR,"SF,PF",0.460,9.0,0.720,2.0,1.5,11.8,5.9,2.3,1.5,0.7,1.5,
Dorian Finney-Smith,ATL,"SF,PF",0.430,7.5,0.760,1.2,1.6,9.5,4.4,1.5,0.7,0.5,1.0,traded ATL 2026-09-22 (for Hield + Nembhard + cash; a day after Veesaar's torn ACL); reserve PF competing for a rotation spot
Kelly Oubre Jr.,IND,"PF,SF,SG",0.450,12.0,0.750,3.0,1.5,15.0,5.5,1.8,1.2,0.6,1.7,
Aaron Nesmith,IND,"PF,SF,SG",0.480,9.5,0.850,2.2,1.9,13.0,4.8,1.5,0.9,0.6,1.1,
Bennedict Mathurin,NOP,"SG,SF",0.460,10.0,0.835,3.9,1.2,13.9,4.5,1.7,0.6,0.3,1.6,bench-role (NOP rotation reporting 9/9-9/11; sixth-man scoring punch)
Pascal Siakam,IND,"C,PF,SF",0.520,15.8,0.745,4.2,1.5,20.5,7.0,3.5,0.9,0.5,1.8,"role 9/30: starter (Circle City Spin day-one, SI Pacers)"
Obi Toppin,IND,PF,0.510,9.0,0.780,1.6,1.5,12.5,4.5,1.8,0.6,0.5,1.2,
Julius Randle,BKN,PF,0.475,17.0,0.780,6.5,1.6,22.5,8.0,5.5,0.8,0.3,3.2,"role 9/30: starter (Yahoo, Fadeaway World)"
Jonathan Kuminga,MIN,"PF,SF",0.460,13.0,0.680,4.6,1.0,16.0,4.8,2.4,0.9,0.5,1.9,
Draymond Green,GSW,"PF,C",0.440,7.8,0.690,2.0,1.2,9.2,6.0,5.5,1.4,1.0,2.3,re-signed 1yr $27.7M (agreed 7/28)
Jabari Smith Jr.,HOU,"PF,C",0.455,11.5,0.790,2.6,2.0,14.5,7.5,1.5,0.7,0.9,1.3,
Tari Eason,HOU,"PF,SF,SG",0.455,9.5,0.770,1.8,1.4,11.0,6.2,1.6,1.4,0.7,1.3,"repriced 2026-09-29: FG% and stocks to the 2024-26 blend (2025-26 .416 / 1.2 stl / 0.5 blk vs 2024-25 .487 / 1.7 / 0.9 - B-Ref); bench role, minutes trending up, 5yr/$81.5M (The Dream Shake, CBS Sports)"
Dillon Brooks,PHX,"PF,SF,SG",0.435,12.0,0.800,2.4,2.0,15.0,3.5,2.2,0.9,0.4,1.8,
Quentin Grimes,LAL,"SG,SF",0.460,13.5,0.790,3.0,2.4,17.5,4.5,3.8,1.1,0.4,2.0,
Kyle Kuzma,MIL,"SF,PF",0.450,14.5,0.700,2.9,1.7,17.5,6.2,3.0,0.6,0.4,2.3,
Bobby Portis,MIA,"PF,C",0.470,8.5,0.810,1.4,1.2,10.5,6.2,1.8,0.6,0.3,1.1,"role 9/30: bench (SI Heat, NBA.com season preview)"
Aaron Gordon,DEN,"PF,C",0.535,10.5,0.815,3.5,1.6,15.5,5.0,3.3,0.7,0.5,1.5,
Peyton Watson,CLE,"SF,PF",0.460,10.0,0.760,2.3,1.5,13.0,4.8,1.9,0.8,1.2,1.3,"presumed fifth starter, lineup 'not set' per Atkinson (Yahoo, Hoops Wire, BVM 9/26-29)"
Christian Braun,DEN,"PF,SF,SG",0.545,9.8,0.800,2.5,1.1,13.8,4.9,2.6,1.0,0.4,1.1,"repriced 2026-09-29 to the two-season blend (2024-25 15.4 pts / 1.1 3PM on .580; 2025-26 44 GP / 12.0 / 1.0 on .519 - B-Ref); cemented starter, ankle explosiveness back (Gazette 9/28, SI Nuggets)"
Julian Strawther,DEN,"SG,SF",0.440,9.5,0.800,1.8,1.8,12.0,2.8,1.8,0.7,0.3,1.3,
Keegan Murray,SAC,"SF,PF",0.450,11.5,0.770,1.7,2.1,13.0,6.8,1.6,0.9,0.8,1.1,"inj-ankle-risk (May scope, expected ready)"
PJ Washington,DAL,"C,PF,SF",0.470,10.5,0.750,2.6,1.5,13.5,7.2,2.4,1.1,0.9,1.5,
Naji Marshall,DAL,"PF,SF,SG",0.480,10.5,0.750,2.6,0.8,13.0,5.0,3.2,1.0,0.3,1.7,"role 9/30: rotation minutes, not a starter (Dallas Sports Journal day-one, SI Mavericks)"
Klay Thompson,MIA,"SG,SF",0.415,10.0,0.850,1.2,2.4,11.5,3.0,1.8,0.7,0.4,1.1,
Tim Hardaway Jr.,MIA,"SG,SF",0.420,10.0,0.865,1.5,2.3,12.0,2.8,1.6,0.6,0.2,0.9,
Jaden Hardy,LAL,SG,0.440,9.5,0.810,2.0,1.6,12.0,2.5,2.2,0.7,0.2,1.4,
Rui Hachimura,LAC,"SF,PF",0.490,10.5,0.770,1.8,1.4,13.5,4.8,1.4,0.7,0.4,1.0,"role 9/30: starter (SI Clippers, Yardbarker)"
Jarred Vanderbilt,LAL,PF,0.520,5.5,0.650,1.4,0.2,7.0,6.5,1.5,1.2,0.6,1.1,inj-risk
Santi Aldama,DAL,"PF,SF",0.480,10.0,0.750,1.8,1.6,12.5,6.8,2.6,0.7,0.7,1.3,"knee-monitor (arthroscopic right-knee surgery; limited in practice at camp open, 9/25-9/27)"
GG Jackson,MEM,"C,PF,SF",0.440,10.5,0.780,2.4,1.7,13.5,4.5,1.5,0.7,0.5,1.5,
Isaiah Stewart,MEM,"PF,C",0.500,6.5,0.720,1.8,0.7,9.0,7.0,1.5,0.6,1.1,1.1,
Ausar Thompson,DET,"PF,SF,SG",0.540,9.0,0.660,2.8,0.2,11.0,5.5,2.6,1.7,0.9,1.5,
Ron Holland,DET,"SF,PF",0.470,9.5,0.700,2.6,0.6,12.0,4.5,2.2,1.1,0.5,1.6,
Tobias Harris,SAS,"PF,SF",0.470,11.0,0.820,2.4,1.2,13.5,5.9,2.2,0.8,0.6,1.2,"role 9/30: fifth-starter battle with Champagnie, matchup-based (Air Alamo, Yahoo)"
Duncan Robinson,DET,"SG,SF",0.435,9.0,0.850,1.6,2.2,12.0,2.6,2.4,0.6,0.2,1.3,starter-watch (DET wing crowd; 3PM specialist)
Caris LeVert,MIL,"SG,SF",0.445,9.0,0.780,2.2,1.3,11.0,3.2,3.2,0.9,0.3,1.5,
De'Andre Hunter,SAC,"SF,PF",0.465,11.0,0.830,2.8,2.0,15.0,4.2,1.6,0.7,0.4,1.3,inj-eye-risk (retinal surgery Feb)
Max Strus,LAC,"PF,SF",0.440,9.5,0.800,1.4,2.3,12.5,3.8,2.4,0.7,0.3,1.2,"fifth-starter candidate among six, bench more likely; Ingram's absence opens early minutes (SI Clippers, Yardbarker)"
Sam Merrill,CLE,SG,0.430,8.0,0.840,1.2,2.2,10.5,2.6,2.0,0.7,0.2,1.0,
Ochai Agbaji,NYK,"SG,SF",0.470,8.5,0.740,1.4,1.5,10.5,3.8,1.8,0.9,0.5,1.1,camp-deal (Exhibit 9 non-guaranteed 2026-09-16; five names for ~one NYK spot)
Jaime Jaquez Jr.,MIL,"PF,SF,SG",0.475,10.5,0.760,2.8,0.7,13.0,5.0,3.2,1.0,0.3,1.7,
Nikola Jovic,MIA,"C,PF",0.455,9.5,0.800,2.0,1.5,12.0,4.5,3.0,0.8,0.4,1.6,
Bogdan Bogdanovic,HOU,"SG,SF",0.435,10.5,0.820,1.6,2.2,13.0,3.2,3.2,1.0,0.3,1.6,
Grayson Allen,CHA,"PG,SF,SG",0.450,9.0,0.830,1.4,2.2,12.0,3.2,2.8,0.8,0.3,1.3,
Royce O'Neale,CHA,"SF,PF",0.430,8.0,0.790,1.0,2.0,10.0,4.8,2.4,0.8,0.4,1.2,
Trayce Jackson-Davis,TOR,"PF,C",0.610,5.5,0.650,1.6,0.0,8.0,6.5,1.8,0.6,1.0,1.1,
Quinten Post,MEM,C,0.450,7.5,0.790,1.2,1.7,9.5,5.0,1.8,0.5,0.6,1.1,
Jeremy Sochan,POR,PF,0.535,6.3,0.720,1.9,0.3,8.0,4.5,2.1,0.7,0.4,1.3,camp-deal non-gtd (agreed 8/1; role repriced to bench minutes 2026-08-13)
Corey Kispert,ATL,"SF,SG",0.450,9.0,0.820,1.6,1.9,11.5,3.0,1.8,0.6,0.3,1.1,
Gabe Vincent,FA,PG,0.420,7.5,0.820,1.4,1.6,9.5,2.0,2.8,0.8,0.2,1.2,"unsigned free agent — contract expired 2026-06-30 after the deadline trade to Atlanta; on none of ESPN's 30 live rosters (site.api.espn.com, direct check 2026-10-01); turned down a Knicks camp offer, waiting for a guaranteed deal (Yahoo, Heavy, Soaring Down South; Spotrac FA list). The pool carried him on ATL since the February trade — a placement error the fallback evidence file never caught; corrected 2026-10-01"
Dalton Knecht,LAL,"SG,SF",0.450,10.0,0.800,1.6,2.1,13.0,3.2,1.5,0.6,0.3,1.2,
Tristan da Silva,ORL,"SF,PF",0.450,8.5,0.800,1.6,1.4,10.5,4.2,2.2,0.7,0.3,1.2,
Tre Mann,WAS,"PG,SG",0.430,10.0,0.810,2.0,1.8,12.5,3.0,4.2,0.9,0.2,1.9,
Josh Hart,NYK,"SG,SF",0.520,9.5,0.780,2.6,1.0,13.5,8.0,4.5,1.3,0.3,1.9,
Landry Shamet,NYK,SG,0.440,7.0,0.820,1.0,1.7,9.5,2.0,1.5,0.6,0.2,0.8,
Ziaire Williams,LAL,"SF,PF",0.440,9.0,0.780,2.0,1.5,11.5,4.6,1.8,0.9,0.5,1.4,
Lauri Markkanen,UTA,"SF,PF",0.455,15.0,0.875,4.4,2.8,19.5,6.2,1.8,0.8,0.5,1.5,
Jrue Holiday,POR,"PG,SG",0.440,9.5,0.800,1.8,1.8,12.0,3.6,4.5,1.1,0.5,1.7,
D'Angelo Russell,FA,PG,0.415,13.5,0.820,2.6,2.6,15.5,3.0,6.2,1.0,0.3,2.5,"out-china (agreed with the Shanghai Sharks 2026-09-30 — HoopsHype, SI Mavericks); waived by MEM 2026-09-25"
Naz Reid,CHA,"PF,C",0.470,11.5,0.780,2.2,2.2,15.0,7.0,2.5,0.8,0.9,1.6,
Brook Lopez,LAC,C,0.460,7.5,0.780,1.2,1.5,9.5,4.0,1.3,0.5,1.4,0.9,"repriced 2026-09-29 to the first Clipper season: 75 GP / 40 GS / 21.8 mpg / 8.5 pts / 3.6 reb / 1.2 blk at 37 (B-Ref); one of two healthy centers with Isaiah Jackson, likely starter at 38 (SI Clippers, NBA.com preview, Clipperholics)"
Donte DiVincenzo,MIN,"SG,PG",0.435,12.0,0.800,1.6,2.8,14.5,4.0,3.5,1.2,0.2,1.6,achilles-recovery (return late 2026-27 at best)
Jordan Clarkson,NYK,"PG,SG",0.440,11.0,0.800,2.2,1.8,13.5,3.0,3.5,0.7,0.2,1.7,
Bradley Beal,LAC,"SF,SG",0.475,10.0,0.810,2.0,1.6,13.0,3.0,3.2,0.9,0.4,1.6,"inj-hip-risk (6 games 2025-26; re-signed LAC 2yr/$13.2M 2026-08-13; right knee inflammation, misses the start of camp per the 9/28 media day — Hoops Rumors, SI)"
Marcus Smart,HOU,"PG,SG",0.410,9.0,0.760,1.8,1.5,10.5,2.5,4.0,1.5,0.3,1.8,inj-risk
Al Horford,GSW,"C,PF",0.465,7.5,0.800,1.0,1.7,9.5,5.5,2.0,0.6,0.9,0.9,
John Collins,DET,"PF,C",0.500,10.5,0.800,2.6,1.2,14.0,7.0,2.0,0.7,0.8,1.3,
AJ Dybantsa,WAS,SF,0.455,16.5,0.780,6.5,1.9,20.5,5.5,3.0,1.1,0.6,2.8,"rookie-proj; projected starter (Bullets Forever, Washington Post 9/30); Yahoo rookie targets 9/30 agrees: starting group with Young and George at Keefe's pace"
Darryn Peterson,UTA,"SG,PG",0.440,14.5,0.810,4.3,1.8,18.2,4.1,3.8,1.2,0.5,2.6,"rookie-proj; role 9/30: camp day-one first unit in purple with George, Markkanen, Jackson Jr. and Nurkić (Yahoo rookie targets, Yahoo camp footage); the fifth spot is contested with Bailey, Sensabaugh and Mykhailiuk (Hoops Rumors Jazz Notes); repriced 2026-09-30 from 28 to 30 minutes on the same per-minute line, kit twin"
Cameron Boozer,MEM,PF,0.500,14.5,0.780,5.0,1.2,18.5,9.5,3.8,1.1,0.8,2.4,"rookie-proj; role 9/30: starting PF next to Edey, the primary option and offensive hub per Iisalo (Yahoo rookie targets, SI Grizzlies); deck line set 2026-09-30 to the kit's 32-minute starter line"
Caleb Wilson,CHI,"PF,SF",0.490,11.8,0.700,3.8,0.6,14.5,8.0,2.1,1.1,1.4,2.0,"rookie-proj; role 9/30: starting frontcourt with Claxton and Buzelis, Patrick Williams to the bench (Yahoo rookie targets, Heavy, Sun-Times); repriced 2026-09-30 from 28 to 30 minutes, kit twin"
Mikel Brown Jr.,BKN,PG,0.410,11.5,0.800,2.4,1.7,12.7,3.0,4.8,1.0,0.2,2.3,"rookie-proj; role 9/30: starting point guard next to Dёmin (Yahoo rookie targets, ClutchPoints); left ankle sprain in camp, not expected to miss considerable time per Marks (Yahoo); repriced 2026-09-30 from 24 to 29 minutes, kit twin"
Darius Acuff Jr.,SAC,PG,0.430,13.4,0.820,3.3,2.1,16.7,3.1,5.0,1.0,0.2,2.6,"rookie-proj; role 9/30: starting point guard, the Simmons logistics to sort in camp (Yahoo rookie targets, CBS Sports 'projected to start', Sactown Sports); repriced 2026-09-30 from 26 to 29 minutes, kit twin"
Jerami Grant,MEM,"SF,PF",0.450,12.5,0.830,4.5,1.9,16.5,4.5,2.5,0.9,0.7,1.6,
Yaxel Lendeborg,GSW,"PF,SF",0.520,9.7,0.740,2.7,0.9,12.9,7.5,2.7,1.1,0.9,1.5,"rookie-proj; role 9/30: Kerr — 'clearly going to play a ton', starter or not (Yahoo rookie targets, NBA.com media day); Porziņģis out indefinitely with an undisclosed health issue (CBS Sports, SI Warriors); repriced 2026-09-30 from 26 to 28 minutes, kit twin"
Alex Caruso,OKC,"PG,SG,SF",0.450,6.5,0.780,1.5,1.3,8.5,3.0,3.0,1.6,0.5,1.1,
Kyle Filipowski,UTA,"C,PF",0.500,11.5,0.720,3.0,1.3,15.0,8.5,2.8,0.7,0.7,1.7,
Jared McCain,OKC,"PG,SG",0.450,12.5,0.860,2.5,2.4,16.0,3.0,3.5,0.8,0.2,1.7,
Ayo Dosunmu,MIN,"PG,SF,SG",0.490,10.0,0.800,2.0,1.3,12.5,3.5,4.0,1.0,0.3,1.5,"role 9/30: bench, majority of minutes (Star Tribune, Dunking with Wolves)"
Luguentz Dort,ATL,"SG,SF",0.440,9.0,0.780,2.0,2.0,11.5,4.0,1.6,1.1,0.4,0.9,
Derik Queen,NOP,"C,PF",0.520,9.5,0.720,3.0,0.3,12.5,8.0,2.8,0.9,0.8,1.9,"role 9/30: bench unit with Mathurin, Bey and Fears (SI Pelicans, Pelican Debrief)"
Moussa Diabate,CHA,"PF,C",0.600,6.0,0.650,2.5,0.0,8.5,8.5,1.2,0.8,1.0,1.0,"role 9/30: incumbent starting center vs rookie Steinbach (SI Hornets, QC News/Yahoo)"
Derrick Jones Jr,LAC,"SF,PF",0.520,7.5,0.720,2.0,1.0,10.0,4.0,1.2,1.0,0.7,0.9,
Khris Middleton,WAS,"PF,SF,SG",0.440,9.5,0.850,2.0,1.5,11.5,4.0,3.5,0.8,0.2,1.5,
Taylor Hendricks,MEM,PF,0.470,8.0,0.750,2.0,1.1,10.5,5.5,1.2,0.7,0.9,0.9,
Rob Dillingham,FA,"PG,SG",0.450,10.5,0.820,2.0,1.6,13.0,2.5,5.0,1.0,0.1,2.0,"waived by CHA 2026-09-28, two days after the Hield trade (Yahoo, NBC Sports, Hoops Rumors, HoopsHype); unsigned free agent — destination discount on the card; cleared waivers, unrestricted free agent 9/30 (Hoops Rumors, Yardbarker)"
Terrence Shannon Jr,MIN,"SF,SG",0.470,9.5,0.780,3.0,1.2,13.0,4.0,2.5,0.9,0.3,1.3,
Kasparas Jakucionis,MIL,PG,0.430,11.0,0.800,3.0,1.5,13.5,3.5,6.0,1.0,0.2,2.6,
Hannes Steinbach,CHA,C,0.550,8.0,0.700,3.0,0.3,10.5,8.0,1.5,0.6,0.9,1.5,"rookie-proj; role 9/30: starting-center battle with Diabaté — Yahoo's rookie piece calls the job his to lose, SI Hornets and ESPN's depth chart lean Diabaté with Steinbach off the bench; line unchanged"
Jalen Wilson,ATL,SF,0.430,4.5,0.800,1.2,0.7,5.5,2.2,1.0,0.3,0.1,0.6,two-way
Davion Mitchell,MIA,PG,0.480,7.8,0.650,1.0,1.3,9.8,2.7,6.3,1.0,0.2,1.5,"starting-PG role next to Giannis and Bam (NBA.com season preview, SI Heat, Last Word 9/29); repriced 2026-09-30 to the 2025-26 B-Ref line (70/70 starts, 28.6 mpg, 9.3 pts / 6.5 ast / 39% 3PT / .646 FT)"
Keldon Johnson,SAS,"PF,SF",0.480,10.0,0.780,2.5,1.2,13.0,5.5,1.5,0.7,0.3,1.2,
Sam Hauser,BOS,"SF,PF",0.450,7.5,0.850,1.0,2.4,9.5,3.5,1.5,0.5,0.3,0.7,
Ty Jerome,MEM,"SG,PG",0.46,12.5,0.875,2.2,2.4,16.5,2.8,4.8,1.0,0.2,1.9,
Sandro Mamukelashvili,LAL,"PF,C",0.49,8.5,0.75,1.8,1.5,10.5,4.8,1.9,0.7,0.6,1.4,
Collin Murray-Boyles,TOR,"PF,C",0.555,7.0,0.7,2.5,0.4,9.5,5.4,2.1,0.9,0.9,1.4,
Ajay Mitchell,OKC,"PG,SG",0.475,10.0,0.865,2.3,1.2,13.0,3.2,3.6,1.0,0.3,1.5,
Saddiq Bey,NOP,"PF,SF",0.45,13.5,0.84,2.6,2.4,17.0,5.5,2.5,0.9,0.4,1.5,
Maxime Raynaud,SAC,C,0.555,7.5,0.72,1.6,1.0,9.5,6.0,1.2,0.5,0.6,1.3,
Collin Gillespie,PHX,"PG,SG",0.418,10.5,0.875,1.6,2.8,12.5,4.0,4.6,1.2,0.2,1.6,
Paul Reed,DET,"C,PF",0.6,5.5,0.68,1.8,0.1,7.5,4.5,1.2,0.9,0.9,0.9,
Keaton Wagler,LAC,"PG,SG",0.430,13.5,0.820,3.5,2.3,16.5,3.8,3.8,0.9,0.3,2.4,rookie (No. 5 pick; projected opening-night starter)
Adem Bona,PHI,C,0.630,4.0,0.630,2.4,0.0,5.5,4.8,0.9,0.6,1.3,0.9,foot-sprain-monitor (left foot sprain 9/17 FIBA; back within ~2 wks of camp)
Julian Champagnie,SAS,"PF,SF,SG",0.440,8.0,0.830,1.4,2.1,10.5,4.3,1.5,0.9,0.4,0.9,bench-role (behind Tobias Harris; 3yr commitment)
Allen Graves,TOR,"PF,SF",0.450,5.5,0.780,1.2,1.2,7.0,4.2,1.2,0.7,0.6,0.8,rookie (No. 19 pick; second unit)
Tre Jones,CHI,"PG,SG",0.475,10.0,0.815,2.6,0.9,12.5,3.3,5.0,1.1,0.2,1.4,backup-role (CHI primary backup PG; live-drafted in mock-51 while poolless)
Robert Williams III,POR,C,0.691,4.2,0.660,0.9,0.1,6.5,6.8,1.0,0.6,1.5,0.8,inj-risk (chronic availability; deep POR C rotation)
AJ Green,MIL,SG,0.440,8.0,0.850,1.0,2.5,10.5,2.5,1.5,0.5,0.2,0.6,
Joan Beringer,MIN,"C,PF",0.610,4.5,0.640,1.8,0.0,6.0,5.0,0.8,0.5,1.4,0.9,bench-role (primary backup C behind Gobert post-Reid)
Isaiah Joe,DET,SG,0.435,8.5,0.880,1.6,2.8,11.5,2.6,1.4,0.7,0.2,0.8,bench-role (DET second shooter next to Robinson)
Jay Huff,IND,C,0.520,5.5,0.780,1.2,1.3,7.5,3.8,0.8,0.4,1.3,0.7,bench-role (backup C behind Zubac)
Bronny James,LAL,"PG,SG",0.375,1.9,0.818,0.2,0.3,1.9,0.4,0.8,0.3,0.1,0.4,"starter-watch (deep bench guard; guaranteed salary, not starting; more addi)"
Aday Mara,OKC,C,0.563,3.4,0.575,1.4,0.0,4.7,2.6,0.9,0.1,1.0,0.7,rookie-proj (No. 12 pick; backup-C battle with Jaylin Williams)
Luke Kennard,PHX,"SG,SF",0.505,6.7,0.901,1.0,1.8,9.5,2.8,3.0,0.8,0.1,1.1,bench-role (core rotation shooter filling the Grayson Allen / Royce O'Ne)
Johni Broome,FA,C,0.500,3.2,0.650,0.8,0.2,3.8,2.8,0.5,0.4,0.4,0.5,rookie-proj (waived by LAC 2026-09-24; unsigned free agent)
Aaron Wiggins,ATL,"SG,SF",0.463,8.9,0.795,1.2,1.6,10.7,3.5,1.7,0.9,0.3,1.1,bench-role (acquired from OKC July 6 2026 for two seconds; bench wing (1)
Brayden Burries,MIL,SG,0.466,8.0,0.814,2.6,1.2,10.7,2.9,1.5,0.9,0.1,0.9,rookie-proj (No. 10 pick; rotation assured post-Giannis)
Daniss Jenkins,DET,"PG,SG",0.406,7.9,0.821,2.2,1.0,9.3,2.3,3.8,0.8,0.2,1.6,"bench-role (rotation guard, team option exercised; 72 GP, 9.3 pts / 3.9)"
Oso Ighodaro,PHX,"C,PF",0.635,4.0,0.494,1.2,0.0,5.6,4.5,1.9,0.7,0.7,1.1,bench-role (backup C behind Mark Williams (Maluach also in the room); 82)
Scotty Pippen Jr.,MEM,"PG,SG",0.475,8.8,0.720,2.5,1.3,11.4,3.6,5.1,1.5,0.5,2.1,starter-watch (competing with Ty Jerome for starting PG after Morant->POR;)
Miles McBride,NYK,"PG,SG",0.414,8.4,0.800,1.0,2.1,9.8,2.3,2.6,0.9,0.3,0.7,"bench-role (bench two-way guard, 12.0 pts / 2.6 ast last season; final c)"
T.J. McConnell,IND,PG,0.528,8.0,0.771,0.8,0.2,9.3,2.4,4.7,1.0,0.2,1.2,rookie-proj (primary backup PG behind Haliburton; rookie Braden Smith com)
Jalen Smith,CHI,"PF,C",0.474,7.6,0.771,1.7,1.4,9.9,6.7,1.2,0.3,0.8,0.9,starter-watch (backup C behind Claxton (calf); 12.1/7.1 in 24.6 mpg as a st)
Kris Dunn,LAC,"PG,SG",0.457,5.5,0.734,0.6,1.0,6.5,3.1,3.0,1.6,0.3,1.1,starter-watch (starter last season (68 starts) at risk from Wagler; defensi)
Max Christie,DAL,"SG,SF",0.435,8.4,0.878,1.9,1.9,10.7,3.2,1.9,0.7,0.4,1.2,"starter-watch (projected starting SG (only natural SG); 12.3 ppg, 40.4% 3P,)"
Ryan Kalkbrenner,CHA,C,0.753,3.3,0.717,1.3,0.0,5.8,4.2,0.6,0.3,1.1,0.7,rookie-proj (rotational C battling Naz Reid / Diabate / Steinbach; 1.5 bl)
Noah Clowney,BKN,"PF,C",0.382,7.2,0.813,2.2,1.6,8.8,3.2,1.1,0.5,0.5,1.1,rookie-proj (primary backup PF (Randle + rookie Joshua Jefferson ahead);)
Luke Kornet,SAS,C,0.657,3.5,0.765,1.3,0.0,5.6,5.1,1.6,0.4,0.9,0.4,rookie-proj (backup C #1 behind Wembanyama; rookies Quaintance and Reed a)
Jake LaRavia,LAL,"SF,PF",0.465,6.5,0.728,2.0,1.0,8.6,4.5,2.3,1.3,0.5,1.3,starter-watch (projected opening-night PF starter; Ziaire Williams / Thybul)
Dylan Cardwell,SAC,"PF,C",0.587,3.6,0.511,1.0,0.0,4.8,6.7,1.2,0.6,1.4,0.8,"rookie-proj (first big off the bench behind Sabonis and Raynaud; 44 GP, 5)"
Jaxson Hayes,UTA,C,0.739,3.7,0.640,1.8,0.0,6.6,4.1,0.9,0.4,0.8,0.5,"bench-role (signed 2yr/$12M July 2026; backup C behind Nurkic, competing)"
Kevin Huerter,DET,"SG,SF",0.439,6.2,0.753,0.6,1.2,7.1,2.3,1.7,0.7,0.3,0.8,bench-role (re-signed 3yr/$27M June 29 2026; crowded wing room (Isaiah J)
Tony Bradley,NYK,C,0.557,3.2,0.700,0.8,0.0,3.7,2.6,0.5,0.3,0.5,0.5,"camp-deal (NYK, non-guaranteed, signed 2026-09-30 — RealGM, Hoops Wire, BVM); third-big competition"
Isaiah Jackson,LAC,C,0.635,3.7,0.631,1.7,0.0,5.8,4.5,0.9,0.6,0.9,0.9,"bench-role (backup C behind Brook Lopez, watchlist-only; Yanic Konan Nie)"
Jaylon Tyson,CLE,"SG,SF,PF",0.481,8.7,0.744,1.5,1.7,11.1,4.6,2.0,0.7,0.3,1.3,"bench-role (second man up behind Peyton Watson; 13.2 pts in 26.9 mpg, 45)"
Jarace Walker,IND,"SF,PF",0.437,7.7,0.728,1.8,1.5,9.5,4.4,2.2,0.8,0.4,1.6,bench-role (primary backup forward behind Nesmith; career-high 11.6 ppg)
Ja'Kobe Walter,TOR,"PG,SG",0.425,6.8,0.791,1.5,1.6,8.6,3.0,1.5,1.0,0.2,0.7,"bench-role (locked bench 3-and-D wing, top wing of the second unit; 40.9)"
Jordan Goodwin,PHX,"PG,SG",0.417,8.4,0.706,0.8,1.7,9.2,5.5,2.4,1.7,0.4,1.2,"bench-role (re-signed 3yr/$19M; key bench guard, 8.7 pts / 4.9 reb in 22)"
Jaylin Williams,OKC,"PF,C",0.428,4.5,0.790,1.0,1.2,5.9,4.3,2.2,0.4,0.6,0.8,"rookie-proj (backup C behind Hartenstein, battling rookies Mara and Sorbe)"
Moritz Wagner,BKN,C,0.503,8.1,0.760,3.3,0.9,11.6,4.8,1.3,0.8,0.2,1.2,bench-role (signed 2yr/$18.45M (mutual option); center depth behind the)
Kobe Sanders,LAC,"SG,SF",0.466,4.0,0.829,0.8,0.8,5.2,1.6,1.2,0.5,0.1,0.8,bench-role (backcourt depth (PG option behind Garland / Wagler / Dunn);)
Cam Spencer,MEM,"PG,SG",0.465,6.9,0.947,1.7,1.8,9.8,2.3,4.7,0.7,0.2,1.1,bench-role (bigger role after Morant / KCP departures; 44.8% 3P as a sop)
Karlo Matkovic,NOP,"PF,C",0.589,4.2,0.754,0.8,0.5,6.0,3.9,0.9,0.4,0.9,0.7,bench-role (team option exercised; backup big behind Missi and Queen; 5.)
Baylor Scheierman,BOS,"SG,SF",0.430,5.4,0.861,0.6,1.5,6.6,4.1,1.9,0.7,0.1,0.7,"bench-role (77 GP, 20 starts, 5.0/3.1/1.4 in 16.8 mpg, 39.9% 3P; larger)"
Gui Santos,GSW,"SF,PF",0.488,8.1,0.715,2.1,1.4,10.8,5.6,3.0,1.1,0.4,1.8,starter-watch (starter-or-first-wing; projected 28 mpg; 15.4 pts over last)
Justin Champagnie,WAS,"SF,PF",0.506,6.5,0.740,1.3,0.9,8.4,5.5,1.0,0.9,0.6,0.8,"bench-role (rotational forward; 8.7 pts / 5.6 reb in 20.0 mpg, 50.2% FG)"
Javonte Green,DET,"SG,SF",0.438,3.7,0.793,1.0,0.8,4.8,2.4,0.6,0.9,0.3,0.4,"bench-role (re-signed 1yr/$3.95M; competing for bench wing minutes (Joe,)"
Harrison Barnes,SAS,PF,0.484,5.4,0.814,1.4,1.2,7.7,2.2,1.2,0.4,0.1,0.4,"bench-role (re-signed 1yr/$8M; 15-20 mpg matchup role; 9.9 ppg, 38.8% 3P)"
Precious Achiuwa,SAC,"PF,C",0.519,6.9,0.566,1.5,0.3,8.4,6.0,1.1,0.8,0.7,0.8,bench-role (re-signed 2yr/$11.5M; reserve big behind Sabonis; 10.1/6.7/1)
Gary Payton II,GSW,"SG,SF",0.580,5.0,0.677,0.5,0.4,6.7,3.2,1.5,0.9,0.3,0.7,"bench-role (re-signed 1yr minimum; specialist depth; 73 GP, 7.5/3.6 in 1)"
Bruce Brown,NYK,"PG,SG",0.450,4.8,0.720,0.8,0.7,5.5,2.5,1.8,0.6,0.2,0.8,"camp-deal (NYK Exhibit 9, non-guaranteed; five names for ~one spot)"
Dominick Barlow,PHI,"PF,C",0.538,4.5,0.703,1.5,0.3,6.1,3.7,1.0,0.7,0.6,0.6,"bench-role (regular rotation big; 59 starts, 7.7/4.8/1.2/0.9 stl in 23.8)"
Jamal Shead,TOR,PG,0.386,6.1,0.781,1.1,1.0,6.6,1.6,4.6,0.8,0.2,1.4,"bench-role (primary backup PG behind Quickley; team option exercised; 82); extension 3yr/$24M agreed 10/1, contract only (ESPN/Shams, TSN, NBC Sports)"
John Konchar,FA,"SG,SF",0.465,2.1,0.760,0.4,0.4,2.7,2.8,1.2,0.9,0.4,0.4,"waived by NYK 2026-09-30 (personal matter, mutual parting — Hoops Rumors, RealGM, BVM); unsigned free agent"
Jonas Valanciunas,FA,C,0.550,7.0,0.800,2.8,0.2,10.0,7.5,1.5,0.4,0.6,1.4,out-europe (waived by DEN July 2026; signed Zalgiris — Yahoo still lists DEN)
Dru Smith,MIA,"PG,SG",0.430,4.3,0.824,1.3,0.6,5.4,2.3,2.2,1.3,0.3,0.8,"bench-role (salary guaranteed; defensive PG option; 70 GP, 5.6/2.5/2.6/1)"
Pelle Larsson,MIA,"SG,SF",0.480,7.6,0.771,2.9,0.9,10.5,3.3,3.0,0.9,0.3,1.3,"starter-watch (4yr/$60M extension Sept 2026; major rotation role, competing)"
Vit Krejci,POR,"SG,SF",0.466,4.0,0.729,0.5,1.2,5.3,1.7,1.4,0.5,0.3,0.5,camp-battle ($2.7M non-guaranteed; backup wing in contention)
Jock Landale,ATL,C,0.519,7.5,0.643,1.9,1.0,10.0,5.7,1.7,0.6,0.6,0.9,"bench-role (re-signed 1yr/$14M; No. 2 C behind Okongwu, the only center)"
Dean Wade,PHI,"SF,PF",0.427,4.4,0.630,0.5,1.2,5.2,3.9,1.3,0.7,0.3,0.3,bench-role (4yr/$38.7M June 30 2026; bench forward behind Jaylen Brown a)
Isaac Okoro,CHI,"SG,SF",0.462,4.3,0.773,0.9,0.7,5.4,1.8,1.0,0.4,0.2,0.4,bench-role (defense-first wing without a clear role after Powell / Caleb)
Brandon Williams,GSW,PG,0.450,8.5,0.800,2.2,1.2,10.5,2.4,3.2,0.6,0.2,1.5,bench-role (GSW 1yr; scoring guard behind Curry/Melton)
Ryan Dunn,PHX,"SF,PF",0.440,5.6,0.492,0.5,0.9,6.0,3.7,1.1,0.7,0.4,0.6,bench-role (make-or-break third year; team option exercised; 70 GP at ~1)
Nicolas Batum,FA,"SF,PF",0.450,3.5,0.800,0.6,1.1,4.8,3.5,1.5,0.6,0.4,0.6,out-retired (announced 2026-09-21 after LAC declined his option)
Mouhamed Gueye,ATL,"PF,C",0.440,4.9,0.698,1.1,0.7,5.7,4.4,1.0,0.9,0.8,0.5,"inj-foot-risk (fractured left foot, summer surgery; misses camp/preseason and the start of the season)"
Simone Fontecchio,MIA,"SF,PF",0.407,5.8,0.836,1.3,1.4,7.2,2.9,1.1,0.5,0.2,0.7,"bench-role (re-signed 1yr minimum July 2; volume shooter, 37.5% 3P over)"
Kentavious Caldwell-Pope,PHI,"SG,SF",0.428,3.8,0.877,0.8,0.7,4.6,1.3,1.2,0.6,0.2,0.5,bench-role (1yr/$3.9M; may sit outside Nurse's nine-man rotation behind)
Marvin Bagley III,DEN,"PF,C",0.599,6.3,0.660,2.2,0.3,9.3,5.6,1.2,0.4,0.7,0.9,bench-role (1yr deal July 2026; top backup big behind Jokic; 60 GP (12 s)
Terance Mann,BKN,"SG,SF",0.478,4.3,0.745,0.8,0.6,5.3,2.2,1.8,0.5,0.2,0.6,"bench-role (buried on the depth chart behind Mikel Brown, Demin, Powell,)"
Will Richard,GSW,"SG,SF",0.469,3.4,0.852,0.5,0.7,4.4,1.7,0.9,0.8,0.1,0.5,rookie-proj (limited bench guard (~14 min projected); two-way flashes as)
Luka Garza,BOS,C,0.557,4.9,0.747,1.6,0.7,7.4,3.6,0.9,0.4,0.4,0.7,bench-role (backup C behind Queta; role had vanished when Vucevic arrive)
Jordan Walsh,BOS,"SF,PF",0.474,4.3,0.747,0.9,0.8,5.5,4.2,0.9,0.8,0.5,0.7,bench-role (bench wing; 3yr/$15M extension July 2026; 68 GP / 25 starts)
Bones Hyland,MIN,"PG,SG",0.442,5.9,0.801,1.1,1.5,7.6,1.6,2.2,0.6,0.2,1.0,bench-role (re-signed 1yr vet-min; bench guard behind Edwards/LaMelo Bal)
Craig Porter Jr.,CLE,"PG,SG",0.471,3.4,0.662,0.7,0.5,4.0,2.4,2.3,0.7,0.5,0.8,bench-role (top backup PG behind Harden; $2.41M option exercised June 20)
Sion James,CHA,"SG,SF",0.371,3.2,0.841,0.9,0.8,3.9,2.5,1.5,0.5,0.2,0.6,bench-role (competing for the backup guard spot behind Coby White (LaMel)
Mike Conley,BOS,PG,0.380,4.1,0.892,0.9,1.1,4.8,1.7,2.8,0.6,0.1,0.6,bench-role (signed 1yr/$3.88M July 7 2026 (20th season); backup PG behin)
Ben Sheppard,IND,"SG,SF",0.427,3.1,0.815,0.3,0.7,3.6,1.7,0.9,0.3,0.1,0.3,bench-role (third-string SG/SF outside the projected 10-man rotation wit)
Ben Simmons,SAC,PG,0.520,4.0,0.650,0.8,0.0,5.0,4.5,4.8,0.9,0.5,1.8,"inj-back-risk (sat out all of 2025-26 rehabbing back and leg injuries; signed SAC 1yr/$3.5M, announced 2026-09-08 - ESPN, NBA.com, CBS Sports; backup PG behind rookie Darius Acuff Jr., says no limitations entering camp - Sactown Sports)"
Will Riley,WAS,"PF,SF",0.445,9.5,0.800,2.6,1.4,11.8,3.2,2.3,0.7,0.2,1.4,"second-year bench wing (2025-26: 74 GP / 18 GS / 22.1 mpg / 10.3 pts / 2.9 reb / 2.0 ast - B-Ref); primary perimeter weapon off the bench, competing with Middleton and Coulibaly for second-unit minutes (SI Wizards, Yardbarker, Bullets Forever camp roster)"
Kingston Flemings,ATL,"PG,SG",0.420,7.0,0.760,1.6,1.0,8.0,2.5,3.0,0.8,0.2,1.5,"rookie-proj (No. 8 pick 2026; Houston 2025-26: 37 GP / 31.6 mpg / 16.1 pts / 4.1 reb / 5.2 ast / 1.5 stl, 38.7 pct from three - NBA.com draft, Yahoo; expected backup PG, competing with Nembhard and Carter - SI Hawks, Soaring Down South); role 9/30: backup point guard behind McCollum, who calls him 'ahead of his time' (Yahoo rookie targets, SI Hawks, HoopsHype); bench line unchanged"
Zach Collins,CHI,C,0.520,5.5,0.800,1.4,0.6,7.0,4.6,1.6,0.4,0.5,1.0,"backup big behind Claxton, platooning with Jalen Smith; re-signed 2yr/$17M with a team option (Bleacher Nation 9/25 camp roster, Pippen Ain't Easy, On Tap Sports Net); 2025-26 10 GP / 18.4 mpg / 9.7 pts (B-Ref)"
