player,team,espn_team,gp,mpg,fga,fgm,fta,ftm,tpm,pts,reb,ast,stl,blk,tov,fg_pct,ft_pct,join,status,note
A.J. Green,MIL,MIL,78,29.1026,7.9231,3.3590,0.7949,0.6795,2.9744,10.3718,2.7308,1.9487,0.5000,0.1026,0.9615,0.4240,0.8548,fold,verified,
A.J. Lawson,TOR,TOR,24,9.4167,3.2500,1.4167,0.7500,0.5833,0.7917,4.2083,1.7917,0.2917,0.5000,0.1667,0.2500,0.4359,0.7778,fold,verified,
AJ Johnson,2TM,DAL,48,9.4375,3.6667,1.1875,0.8333,0.7083,0.2500,3.3333,1.1458,0.9792,0.2292,0.0625,0.6250,0.3239,0.8500,fold,verified,
Aaron Gordon,DEN,DEN,36,27.9167,11.0556,5.5000,4.5278,3.4722,1.6944,16.1667,5.8056,2.6667,0.5833,0.2778,1.0556,0.4975,0.7669,fold,verified,
Aaron Holiday,HOU,HOU,57,13.7018,4.4211,1.8421,0.7193,0.6140,1.1754,5.4737,1.0175,1.0526,0.4737,0.0877,0.6667,0.4167,0.8537,fold,verified,
Aaron Nesmith,IND,IND,45,29.6667,11.3778,4.7111,2.4667,2.0444,2.3333,13.8000,4.1556,1.9111,0.5778,0.5111,1.4000,0.4141,0.8288,fold,verified,
Aaron Wiggins,OKC,OKC,65,21.7538,8.2462,3.5538,1.1077,0.8154,1.4769,9.4000,3.0615,1.6769,0.9231,0.4308,1.2462,0.4310,0.7361,fold,verified,
Ace Bailey,UTA,UTAH,72,27.6111,12.3889,5.4861,1.2222,0.9167,1.9028,13.7917,4.1944,1.8194,0.8333,0.6806,1.4861,0.4428,0.7500,fold,verified,
Adama-Alpha Bal,MEM,MEM,8,30.1250,8.5000,3.5000,1.2500,1.1250,2.2500,10.3750,3.1250,2.3750,1.1250,0.1250,0.7500,0.4118,0.9000,key3,verified,
Adem Bona,PHI,PHI,71,17.3803,3.0986,1.8451,1.5915,1.1268,0.0282,4.8451,4.3239,0.4507,0.4225,1.1549,0.7887,0.5954,0.7080,fold,verified,
Adou Thiero,LAL,LAL,25,5.9600,1.2400,0.6400,0.8800,0.5600,0.0400,1.8800,1.1200,0.4000,0.2800,0.0800,0.3600,0.5161,0.6364,fold,verified,
Ajay Mitchell,OKC,OKC,57,25.8421,10.3509,5.0175,2.8421,2.4737,1.0702,13.5789,3.3333,3.6140,1.2456,0.3158,1.4211,0.4847,0.8704,fold,verified,
Al Horford,GSW,GS,45,21.5333,7.2000,3.0667,0.5778,0.4889,1.6444,8.2667,4.8667,2.5778,0.6667,1.1333,0.9333,0.4259,0.8461,fold,verified,
Alex Antetokounmpo,MIL,MIL,6,3.5000,1.3333,0.5000,2.5000,1.8333,0.3333,3.1667,1.0000,0.1667,0.0000,0.1667,0.1667,0.3750,0.7333,fold,verified,
Alex Caruso,OKC,OKC,56,18.2143,5.3571,2.2679,0.9107,0.7321,0.9464,6.2143,2.7679,1.9643,1.2857,0.3036,0.8571,0.4233,0.8039,fold,verified,
Alex Morales,ORL,ORL,4,6.0000,1.7500,0.7500,0.5000,0.5000,0.0000,2.0000,0.7500,1.0000,0.0000,0.0000,1.0000,0.4286,1.0000,fold,verified,
Alex Sarr,WAS,WSH,48,27.1875,13.6667,6.5833,3.0417,2.1042,1.0417,16.3125,7.3958,2.7083,0.8125,1.9792,1.7083,0.4817,0.6918,fold,verified,
Alijah Martin,TOR,TOR,23,6.3478,2.1739,0.6957,0.8261,0.6522,0.1739,2.2174,0.9130,0.5217,0.3478,0.1739,0.3478,0.3200,0.7895,fold,verified,
Alondes Williams,WAS,WSH,4,25.2500,6.5000,4.0000,2.0000,1.7500,1.2500,11.0000,6.2500,3.0000,0.7500,0.7500,1.2500,0.6154,0.8750,fold,verified,
Alperen Şengün,HOU,HOU,72,33.3056,15.5972,8.0972,5.2222,3.6111,0.5556,20.3611,8.8889,6.1806,1.1806,1.0694,3.1528,0.5192,0.6915,fold,verified,
Amari Williams,BOS,BOS,22,6.6364,0.9091,0.4545,0.6364,0.4545,0.0000,1.3636,1.8182,0.4545,0.1364,0.4545,0.5000,0.5000,0.7143,fold,verified,
Amen Thompson,HOU,HOU,79,37.3797,13.2152,7.0506,4.9367,3.8481,0.3165,18.2658,7.7722,5.3165,1.5063,0.6076,2.4051,0.5335,0.7795,fold,verified,
Amir Coffey,2TM,PHX,46,10.6739,2.4565,1.1957,0.6087,0.4783,0.3696,3.2391,1.2391,0.5870,0.1957,0.1087,0.1957,0.4867,0.7857,fold,verified,
Andersson Garcia,UTA,UTAH,5,33.8000,5.8000,1.8000,1.8000,1.4000,0.2000,5.2000,8.4000,2.8000,1.6000,0.8000,1.4000,0.3103,0.7778,fold,verified,
Andre Drummond,PHI,PHI,63,19.5397,5.3492,2.5238,1.3333,0.8413,0.5079,6.3968,8.4444,1.2698,0.6032,0.7778,0.9683,0.4718,0.6310,fold,verified,
Andre Jackson Jr.,MIL,MIL,48,8.5000,2.4792,0.8125,0.6667,0.4167,0.3125,2.3542,1.5000,0.8958,0.3958,0.0833,0.6458,0.3277,0.6250,fold,verified,
Andrew Nembhard,IND,IND,57,31.3333,13.2105,5.8421,4.1053,3.3860,1.8772,16.9474,2.8070,7.6667,0.8947,0.1404,2.4035,0.4422,0.8248,fold,verified,
Andrew Wiggins,MIA,MIA,68,30.3382,12.0735,5.7353,2.3824,1.8676,2.0294,15.3676,4.8382,2.6765,1.1176,1.0147,1.5147,0.4750,0.7839,fold,verified,
Anfernee Simons,2TM,CHI,55,24.9455,11.7818,5.1818,1.4000,1.2545,2.6545,14.2727,2.4545,2.4364,0.4909,0.1455,1.2364,0.4398,0.8961,fold,verified,
Anthony Black,ORL,ORL,64,29.8438,12.0625,5.3906,3.6094,2.6406,1.5625,14.9844,3.8125,3.6875,1.4219,0.7031,2.0625,0.4469,0.7316,fold,verified,
Anthony Davis,DAL,DAL,20,31.3000,16.7000,8.4500,4.0500,2.9500,0.5000,20.3500,11.0500,2.8000,1.1000,1.6500,2.0500,0.5060,0.7284,fold,verified,
Anthony Edwards,MIN,MIN,61,35.0328,20.1803,9.8689,7.1639,5.7049,3.3607,28.8033,4.9508,3.7049,1.3607,0.8033,2.8525,0.4890,0.7963,fold,verified,
Anthony Gill,WAS,WSH,55,17.2909,3.9091,2.4545,0.8364,0.6182,0.3091,5.8364,2.8727,1.2545,0.5636,0.3818,0.6545,0.6279,0.7391,fold,verified,
Antonio Reeves,CHO,CHA,10,6.8000,2.0000,1.0000,0.0000,0.0000,0.7000,2.7000,0.8000,0.3000,0.1000,0.0000,0.1000,0.5000,0.0000,fold,verified,
Ariel Hukporti,NYK,NY,54,9.2222,1.4815,0.8333,0.6111,0.4815,0.0185,2.1667,2.9444,0.5370,0.1667,0.4815,0.5926,0.5625,0.7879,fold,verified,
Asa Newell,ATL,ATL,44,11.3636,3.8409,2.0682,0.6591,0.3636,0.6591,5.1591,2.1818,0.5909,0.3636,0.3409,0.5227,0.5385,0.5517,fold,verified,
Ausar Thompson,DET,DET,73,25.9726,7.9041,4.1507,2.6164,1.4932,0.0822,9.8767,5.7260,3.1233,2.0000,0.9452,1.5068,0.5251,0.5707,fold,verified,
Austin Reaves,LAL,LAL,51,34.5490,14.9412,7.3137,7.2745,6.3333,2.3137,23.2745,4.7059,5.4902,1.0980,0.3922,2.9608,0.4895,0.8706,fold,verified,
Ayo Dosunmu,2TM,MIN,69,27.2609,10.8261,5.5942,2.1014,1.8406,1.7826,14.8116,3.4348,3.6087,0.8406,0.2609,1.3913,0.5167,0.8759,fold,verified,
Bam Adebayo,MIA,MIA,73,32.3973,15.6849,6.9315,5.7945,4.5068,1.7397,20.1096,10.0274,3.1781,1.1781,0.6712,1.6438,0.4419,0.7778,fold,verified,
Baylor Scheierman,BOS,BOS,77,18.5584,4.3247,1.9610,0.4026,0.3636,1.2597,5.5455,3.4935,1.5065,0.5455,0.0779,0.5974,0.4535,0.9032,fold,verified,
Ben Saraf,BRK,BKN,44,20.8182,6.8864,2.7273,2.0000,1.6591,0.4318,7.5455,2.0909,3.2955,0.8636,0.1818,2.2500,0.3960,0.8296,fold,verified,
Ben Sheppard,IND,IND,65,21.3846,5.9538,2.5846,0.7846,0.6000,1.2923,7.0615,3.0000,1.7538,0.6000,0.0923,0.6308,0.4341,0.7647,fold,verified,
Bennedict Mathurin,2TM,LAC,54,30.0000,12.5370,5.3889,6.2222,5.4074,1.3889,17.5741,5.4259,2.3889,0.7963,0.2407,2.1852,0.4298,0.8690,fold,verified,
Bez Mbeng,UTA,UTAH,15,32.8000,6.6667,3.3333,1.6667,1.0667,0.4000,8.1333,3.8000,4.1333,2.2667,0.3333,1.4667,0.5000,0.6400,fold,verified,
Bilal Coulibaly,WAS,WSH,56,26.2143,9.6607,4.1071,3.1607,2.3571,1.1607,11.7321,4.3393,2.5893,1.3393,0.9643,1.4464,0.4251,0.7458,fold,verified,
Bismack Biyombo,SAS,SA,25,5.6400,0.6000,0.3600,0.2800,0.2000,0.0000,0.9200,1.0400,0.2000,0.1600,0.0800,0.3200,0.6000,0.7143,fold,verified,
Blake Hinson,UTA,UTAH,14,20.3571,8.2143,4.2143,1.1429,0.8571,2.6429,11.9286,2.3571,1.1429,0.3571,0.1429,0.3571,0.5130,0.7500,fold,verified,
Blake Wesley,POR,POR,31,11.6452,4.0000,1.8065,1.5161,0.8387,0.3226,4.7742,1.2581,2.0000,0.5161,0.1613,1.0000,0.4516,0.5532,fold,verified,
Bobby Portis,MIL,MIL,67,24.1642,11.1940,5.4627,1.0149,0.7164,2.0149,13.6567,6.3881,1.5672,0.6119,0.1791,0.9851,0.4880,0.7059,fold,verified,
Bobi Klintman,DET,DET,12,5.9167,2.2500,0.7500,0.2500,0.0000,0.3333,1.8333,1.5833,0.5000,0.2500,0.0000,0.5000,0.3333,0.0000,fold,verified,
Bogdan Bogdanović,LAC,LAC,23,19.6522,6.6087,2.5652,1.0870,0.8696,1.4348,7.4348,2.5652,2.2174,0.4348,0.1304,1.1739,0.3882,0.8000,fold,verified,
Bones Hyland,MIN,MIN,71,16.5775,6.5915,2.9859,1.1549,0.9014,1.6338,8.5070,1.7887,2.6479,0.6197,0.2394,0.9859,0.4530,0.7805,fold,verified,
Bradley Beal,LAC,LAC,6,20.1667,8.0000,3.0000,1.3333,1.0000,1.1667,8.1667,0.8333,1.6667,0.5000,0.0000,1.5000,0.3750,0.7500,fold,verified,
Branden Carlson,OKC,OKC,42,11.6190,4.4286,2.3333,0.6190,0.3571,0.7381,5.7619,2.9524,0.6905,0.1905,0.6429,0.3810,0.5269,0.5769,fold,verified,
Brandin Podziemski,GSW,GS,82,28.4512,10.5610,4.8049,2.9390,2.3415,1.8659,13.8171,5.1098,3.7073,1.0732,0.1829,1.5976,0.4550,0.7967,fold,verified,
Brandon Clarke,MEM,MEM,2,10.0000,4.5000,1.5000,2.0000,1.0000,0.0000,4.0000,3.0000,0.5000,1.0000,0.0000,0.0000,0.3333,0.5000,fold,verified,
Brandon Ingram,TOR,TOR,77,33.8182,16.7273,7.9740,4.6234,3.7922,1.7532,21.4935,5.5844,3.6883,0.7532,0.7143,2.4286,0.4767,0.8202,fold,verified,
Brandon Miller,CHO,CHA,65,30.2769,16.0615,6.9846,3.4308,3.0615,3.1385,20.1692,4.9077,3.3385,1.0154,0.6769,2.5077,0.4349,0.8924,fold,verified,
Brandon Williams,DAL,DAL,66,22.1667,9.3485,4.4091,4.6061,3.6515,0.5455,13.0152,2.8939,3.8788,0.9394,0.3030,1.8939,0.4716,0.7928,fold,verified,
Brice Sensabaugh,UTA,UTAH,75,23.4933,11.4267,5.2533,2.6800,2.2133,2.1600,14.8800,3.0800,1.9067,0.7200,0.1600,1.6533,0.4597,0.8259,fold,verified,
Bronny James,LAL,LAL,42,8.9286,2.7381,1.1190,0.1667,0.1429,0.5238,2.9048,0.5476,1.2143,0.4524,0.0952,0.5952,0.4087,0.8571,fold,verified,
Brook Lopez,LAC,LAC,75,21.8000,7.2267,3.0933,0.9867,0.7467,1.5200,8.4533,3.6400,1.2933,0.6000,1.1600,0.8133,0.4280,0.7568,fold,verified,
Brooks Barnhizer,OKC,OKC,40,8.7000,1.7750,0.6750,0.2500,0.1750,0.1750,1.7000,1.9500,0.5500,0.2750,0.1250,0.2500,0.3803,0.7000,fold,verified,
Bruce Brown,DEN,DEN,82,24.3659,6.3659,3.0244,1.5366,1.1707,0.6951,7.9146,3.8780,2.1220,1.0366,0.2439,1.1098,0.4751,0.7619,fold,verified,
Bryce McGowens,NOP,NO,42,20.9524,5.6429,2.7143,2.2619,1.7619,0.9048,8.0952,2.0952,1.4762,0.6429,0.1905,0.4048,0.4810,0.7789,fold,verified,
Bub Carrington,WAS,WSH,82,27.6951,9.0366,3.8293,1.3537,0.9878,2.0610,10.7073,3.3659,4.6463,0.6341,0.2073,2.3293,0.4238,0.7297,fold,verified,
Buddy Boeheim,OKC,OKC,4,3.7500,1.5000,0.5000,0.0000,0.0000,0.5000,1.5000,0.0000,0.0000,0.0000,0.0000,0.0000,0.3333,0.0000,fold,verified,
Buddy Hield,2TM,ATL,51,16.0588,6.4118,2.8039,0.7255,0.5882,1.4510,7.6471,2.2745,1.3922,0.7647,0.1765,0.9412,0.4373,0.8108,fold,verified,
CJ Huntley,PHO,PHX,4,10.0000,2.7500,1.5000,0.0000,0.0000,0.0000,3.0000,1.2500,0.5000,0.2500,0.0000,0.0000,0.5454,0.0000,fold,verified,
CJ McCollum,2TM,ATL,76,29.7763,15.1842,6.9079,3.1184,2.4079,2.5132,18.7368,3.3158,3.8553,0.8421,0.4605,1.7763,0.4549,0.7721,fold,verified,
Cade Cunningham,DET,DET,64,33.9375,18.5781,8.5625,5.9688,4.8438,1.9531,23.9219,5.5469,9.9062,1.4375,0.8438,3.6875,0.4609,0.8115,fold,verified,
Caleb Houstan,ATL,ATL,18,4.1667,1.4444,0.7778,0.1667,0.1667,0.6111,2.3333,0.6111,0.2222,0.1111,0.0556,0.2222,0.5385,1.0000,fold,verified,
Caleb Love,POR,POR,49,20.6735,10.0000,3.8776,1.0000,0.7347,1.8980,10.3878,2.3265,2.5102,0.5510,0.0816,1.2653,0.3878,0.7347,fold,verified,
Caleb Martin,DAL,DAL,58,14.7586,3.2586,1.4655,1.0517,0.6379,0.3448,3.9138,2.4655,1.3966,0.6897,0.2586,0.6897,0.4497,0.6066,fold,verified,
Cam Christie,LAC,LAC,55,8.7273,2.5273,0.9636,0.9091,0.6909,0.2182,2.8364,1.4182,0.5636,0.2909,0.0545,0.4000,0.3813,0.7600,fold,verified,
Cam Spencer,MEM,MEM,72,23.8056,7.7222,3.6528,1.8611,1.7500,2.0278,11.0833,2.5417,5.5556,0.7222,0.1528,1.2917,0.4730,0.9403,fold,verified,
Cam Thomas,2TM,MIL,42,20.9762,10.9762,4.5000,4.0238,3.2619,1.2381,13.5000,1.6905,2.5714,0.2143,0.0952,1.7619,0.4100,0.8107,fold,verified,
Cam Whitmore,WAS,WSH,21,16.8571,8.0476,3.6667,1.4762,1.0952,0.7619,9.1905,2.7619,0.7143,0.7143,0.3810,0.8571,0.4556,0.7419,fold,verified,
Cameron Johnson,DEN,DEN,54,30.5000,8.7963,4.2222,2.0741,1.7407,2.0370,12.2222,3.8148,2.4444,0.7407,0.3889,0.8704,0.4800,0.8393,fold,verified,
Cameron Payne,PHI,PHI,22,17.0000,6.7727,2.5455,1.0000,0.8636,1.4545,7.4091,2.0000,2.6364,1.0909,0.3182,0.5000,0.3758,0.8636,fold,verified,
Caris LeVert,DET,DET,60,19.2333,6.5167,2.7167,1.4000,0.9500,1.0000,7.3833,1.9500,2.6500,0.8500,0.6833,1.3667,0.4169,0.6786,fold,verified,
Carter Bryant,SAS,SA,71,11.5211,3.7324,1.5211,0.5915,0.4225,0.7324,4.1972,2.5070,0.6620,0.2254,0.3239,0.4648,0.4076,0.7143,fold,verified,
Cason Wallace,OKC,OKC,77,26.5714,7.5844,3.2727,0.8831,0.7143,1.3117,8.5714,3.0909,2.5974,1.9481,0.3636,0.9481,0.4315,0.8088,fold,verified,
Cedric Coward,MEM,MEM,62,25.7742,10.4516,4.9194,2.6774,2.2581,1.5000,13.5968,5.8710,2.7581,0.6452,0.4355,1.6935,0.4707,0.8434,fold,verified,
Chaney Johnson,BRK,BKN,17,20.4706,5.5294,3.0000,2.0588,1.6471,0.5294,8.1765,4.6471,2.1176,0.8824,0.5294,1.1765,0.5426,0.8000,fold,verified,
Charles Bassey,4TM,GS,13,11.7692,3.6154,2.3846,1.5385,1.0769,0.0000,5.8462,4.3846,0.5385,0.3077,0.8462,0.4615,0.6596,0.7000,fold,verified,
Chaz Lanier,DET,DET,34,7.7059,2.6176,0.8235,0.1765,0.1471,0.5588,2.3529,0.6765,0.5000,0.2059,0.0000,0.0882,0.3146,0.8333,fold,verified,
Chet Holmgren,OKC,OKC,69,28.9420,11.2899,6.2899,4.1159,3.2609,1.2754,17.1159,8.8986,1.6667,0.6232,1.8986,1.5507,0.5571,0.7922,fold,verified,
Chris Boucher,BOS,BOS,9,10.4444,2.7778,0.8889,0.4444,0.3333,0.2222,2.3333,2.0000,0.3333,0.5556,0.7778,0.1111,0.3200,0.7500,fold,verified,
Chris Livingston,CLE,CLE,3,5.6667,2.3333,1.3333,0.3333,0.3333,0.0000,3.0000,1.0000,0.3333,0.3333,0.0000,0.0000,0.5714,1.0000,fold,verified,
Chris Mañon,LAL,LAL,9,5.1111,0.6667,0.2222,0.4444,0.3333,0.0000,0.7778,1.1111,0.3333,0.5556,0.2222,0.1111,0.3333,0.7500,fold,verified,
Chris Paul,LAC,LAC,16,14.2500,3.5000,1.1250,0.1250,0.0625,0.6250,2.9375,1.7500,3.3125,0.6875,0.0000,1.0000,0.3214,0.5000,fold,verified,
Chris Youngblood,2TM,POR,34,5.4412,1.8529,0.6471,0.2941,0.2647,0.5294,2.0882,0.8235,0.3529,0.1176,0.0882,0.0588,0.3492,0.9000,fold,verified,
Christian Braun,DEN,DEN,44,31.7955,8.8409,4.5909,2.2955,1.7955,0.9773,11.9545,4.7955,2.7273,0.6818,0.2727,0.9773,0.5193,0.7822,fold,verified,
Christian Koloko,3TM,ATL,27,13.2222,2.7407,1.1481,0.5556,0.3704,0.0370,2.7037,3.0000,0.6667,0.5185,0.8519,0.5926,0.4189,0.6667,fold,verified,
Chucky Hepburn,TOR,TOR,2,6.5000,3.0000,0.0000,0.0000,0.0000,0.0000,0.0000,0.5000,1.0000,0.5000,0.0000,0.5000,0.0000,0.0000,fold,verified,
Clint Capela,HOU,HOU,75,12.3467,3.0267,1.5733,1.0400,0.6000,0.0133,3.7600,4.6000,0.6667,0.4800,0.8400,0.5467,0.5198,0.5769,fold,verified,
Coby White,2TM,CHA,50,25.0000,12.4600,5.5600,4.8200,3.9400,2.3000,17.3600,3.4000,4.0000,0.5000,0.1000,2.5600,0.4462,0.8174,fold,verified,
Cody Martin,IND,IND,4,13.7500,2.5000,0.5000,1.5000,0.7500,0.0000,1.7500,3.5000,0.5000,1.0000,0.5000,1.0000,0.2000,0.5000,fold,verified,
Cody Williams,UTA,UTAH,67,24.3433,7.5970,3.5522,1.7761,1.2537,0.4179,8.7761,2.9552,2.0448,0.7612,0.3881,1.0896,0.4676,0.7059,fold,verified,
Colby Jones,DET,DET,1,7.0000,3.0000,1.0000,0.0000,0.0000,0.0000,2.0000,4.0000,2.0000,0.0000,0.0000,0.0000,0.3333,0.0000,fold,verified,
Cole Anthony,MIL,MIL,35,15.0571,6.6000,2.8000,0.7429,0.4571,0.6286,6.6857,2.4857,3.4571,0.5714,0.3143,1.8571,0.4242,0.6154,fold,verified,
Colin Castleton,ORL,ORL,4,5.2500,1.2500,0.5000,0.2500,0.2500,0.0000,1.2500,2.0000,0.2500,0.2500,0.0000,0.5000,0.4000,1.0000,fold,verified,
Collin Gillespie,PHO,PHX,80,28.5250,10.5250,4.4000,1.0875,0.9500,2.9000,12.6500,4.0875,4.6375,1.2375,0.2000,1.5625,0.4181,0.8736,fold,verified,
Collin Murray-Boyles,TOR,TOR,57,21.8596,6.0000,3.4737,1.8947,1.2456,0.2982,8.4912,5.0000,1.8596,0.9123,0.9298,1.0351,0.5790,0.6574,fold,verified,
Collin Sexton,2TM,CHI,68,23.7206,10.9118,5.2941,3.7500,3.2059,1.6471,15.4412,2.2794,3.2794,1.1176,0.1471,2.0735,0.4852,0.8549,fold,verified,
Cooper Flagg,DAL,DAL,70,33.4857,17.0571,7.9857,4.8857,4.0429,1.0286,21.0429,6.6571,4.5143,1.2000,0.9143,2.3000,0.4682,0.8275,fold,verified,
Corey Kispert,2TM,ATL,58,18.6207,6.7931,3.1724,1.6724,1.3276,1.5000,9.1724,2.2759,1.5862,0.2759,0.1552,0.7759,0.4670,0.7938,fold,verified,
Cormac Ryan,MIL,MIL,11,24.6364,9.2727,4.8182,2.3636,2.1818,2.4545,14.2727,2.5455,1.7273,1.0000,0.2727,1.5455,0.5196,0.9231,fold,verified,
Craig Porter Jr.,CLE,CLE,64,17.9375,4.0312,1.8125,0.6250,0.3750,0.5156,4.5156,3.4375,3.2031,0.8906,0.5938,0.9219,0.4496,0.6000,fold,verified,
Curtis Jones,DEN,DEN,10,8.8000,2.7000,1.1000,0.2000,0.1000,0.6000,2.9000,1.1000,1.0000,0.4000,0.0000,0.2000,0.4074,0.5000,fold,verified,
D'Angelo Russell,DAL,DAL,26,19.0385,8.9231,3.6154,2.3077,1.6538,1.2692,10.1538,2.3462,4.0000,0.4615,0.0769,1.8846,0.4052,0.7167,fold,verified,
DaQuan Jeffries,SAC,SAC,3,20.0000,6.3333,3.6667,1.6667,1.6667,1.3333,10.3333,1.6667,0.3333,0.6667,0.0000,0.0000,0.5790,1.0000,fold,verified,
DaRon Holmes,DEN,DEN,25,8.4000,2.4400,1.2400,0.5600,0.4400,0.8000,3.7200,1.4000,0.6400,0.0400,0.2400,0.4800,0.5082,0.7857,fold,verified,
Daeqwon Plowden,SAC,SAC,32,26.3750,8.7188,3.7500,1.5312,1.3125,1.9375,10.7500,3.0312,1.2812,0.7188,0.2188,0.8125,0.4301,0.8571,fold,verified,
Dalano Banton,2TM,BOS,6,10.3333,2.0000,0.6667,0.6667,0.6667,0.0000,2.0000,0.8333,1.8333,0.3333,0.8333,1.3333,0.3333,1.0000,fold,verified,
Dalen Terry,2TM,PHI,48,11.4792,3.2292,1.4167,0.6250,0.3333,0.5000,3.6667,1.7917,1.3750,0.6042,0.3125,0.5417,0.4387,0.5333,fold,verified,
Dalton Knecht,LAL,LAL,54,10.2407,3.5370,1.6111,0.4074,0.2963,0.7037,4.2222,1.3889,0.3889,0.2037,0.2037,0.4259,0.4555,0.7273,fold,verified,
Daniel Gafford,DAL,DAL,55,21.7091,5.7455,3.7636,2.9273,2.0000,0.0000,9.5273,6.8727,1.0545,0.7636,1.2545,1.1455,0.6551,0.6832,fold,verified,
Daniss Jenkins,DET,DET,72,20.2083,7.8889,3.2222,2.2361,1.8611,1.0139,9.3194,2.3056,3.8611,0.8889,0.2083,1.5972,0.4085,0.8323,fold,verified,
Danny Wolf,BRK,BKN,57,20.8246,7.7193,3.1228,1.9123,1.4737,1.1930,8.9123,4.9298,2.2281,0.5263,0.5614,1.2807,0.4046,0.7706,fold,verified,
Dario Šarić,SAC,SAC,5,8.2000,1.2000,0.2000,0.4000,0.4000,0.2000,1.0000,1.2000,0.4000,0.0000,0.0000,0.4000,0.1667,1.0000,fold,verified,
Dariq Whitehead,MEM,MEM,6,30.5000,15.5000,6.1667,1.1667,0.8333,3.1667,16.3333,4.0000,1.5000,0.6667,0.0000,1.6667,0.3978,0.7143,fold,verified,
Darius Brown II,CLE,CLE,1,3.0000,1.0000,0.0000,0.0000,0.0000,0.0000,0.0000,1.0000,0.0000,0.0000,0.0000,0.0000,0.0000,0.0000,fold,verified,
Darius Garland,2TM,LAC,45,29.8667,14.9333,6.8667,2.7111,2.3333,2.7111,18.7778,2.3778,6.6889,0.9556,0.1778,2.8889,0.4598,0.8607,fold,verified,
David Jones García,SAS,SA,11,6.1818,2.2727,1.1818,0.5455,0.2727,0.2727,2.9091,1.1818,1.6364,0.5455,0.0909,0.4545,0.5200,0.5000,fold,verified,
David Roddy,DEN,DEN,5,14.6000,6.0000,3.0000,1.4000,1.4000,0.6000,8.0000,4.0000,0.8000,0.8000,0.2000,0.4000,0.5000,1.0000,fold,verified,
Davion Mitchell,MIA,MIA,70,28.5714,7.6143,3.7286,0.9286,0.6000,1.2857,9.3429,2.6714,6.4714,0.9714,0.1571,1.5429,0.4897,0.6461,fold,verified,
Day'Ron Sharpe,BRK,BKN,62,18.7097,5.7419,3.4516,2.4516,1.6613,0.1452,8.7097,6.6613,2.3387,1.0806,0.4194,1.7097,0.6011,0.6776,fold,verified,
De'Aaron Fox,SAS,SA,72,30.9861,14.5417,7.0694,3.4167,2.5972,1.8194,18.5556,3.7500,6.1806,1.2361,0.2639,2.2778,0.4862,0.7602,fold,verified,
De'Andre Hunter,2TM,SAC,45,26.1111,11.1333,4.6222,3.1778,2.7556,1.6667,13.6667,4.1111,2.0000,0.6667,0.1333,1.6667,0.4152,0.8671,fold,verified,
De'Anthony Melton,GSW,GS,49,22.9592,10.7755,4.3878,2.4694,2.0408,1.4694,12.2857,3.2245,2.5510,1.5714,0.4082,1.8571,0.4072,0.8264,fold,verified,
DeAndre Jordan,NOP,NO,12,16.5833,2.6667,1.7500,1.4167,0.9167,0.0000,4.4167,6.3333,0.9167,0.3333,0.8333,0.7500,0.6562,0.6471,fold,verified,
DeJon Jarreau,MEM,MEM,11,21.0000,7.5455,3.0000,2.0909,1.6364,0.3636,8.0000,4.6364,3.2727,0.9091,0.7273,2.3636,0.3976,0.7826,fold,verified,
DeMar DeRozan,SAC,SAC,77,31.2468,13.0519,6.4805,5.5974,4.8571,0.6104,18.4286,2.9351,4.1039,1.0390,0.2987,1.2468,0.4965,0.8678,fold,verified,
Dean Wade,CLE,CLE,59,22.3390,4.7119,2.0678,0.6441,0.4576,1.2034,5.7966,4.1864,1.4915,0.7458,0.3898,0.2712,0.4388,0.7105,fold,verified,
Deandre Ayton,LAL,LAL,72,27.1944,8.3472,5.5972,1.9583,1.2639,0.0000,12.4583,7.9861,0.8194,0.5694,0.9722,1.1528,0.6706,0.6454,fold,verified,
Dejounte Murray,NOP,NO,14,27.7857,13.0000,6.2857,3.2143,2.7857,1.3571,16.7143,5.3571,6.3571,1.6429,0.2143,3.3571,0.4835,0.8667,fold,verified,
Deni Avdija,POR,POR,66,33.3182,16.1212,7.4545,9.2424,7.4091,1.8939,24.2121,6.8788,6.6970,0.7727,0.6212,3.8333,0.4624,0.8016,fold,verified,
Dennis Schröder,2TM,CLE,70,24.2286,8.9857,3.6429,2.9286,2.4429,1.0714,10.8000,2.7143,4.8714,0.7857,0.1571,1.7714,0.4054,0.8342,fold,verified,
Dereck Lively II,DAL,DAL,7,16.4286,2.5714,1.5714,1.4286,1.1429,0.0000,4.2857,5.2857,1.8571,0.5714,1.5714,1.4286,0.6111,0.8000,fold,verified,
Derik Queen,NOP,NO,81,24.9753,9.2346,4.3704,3.3704,2.6790,0.2840,11.7037,7.0617,3.6790,1.0370,0.9136,2.3457,0.4733,0.7949,fold,verified,
Derrick Jones Jr.,LAC,LAC,50,27.0000,7.5800,3.7800,1.8600,1.4200,1.1000,10.0800,3.4600,1.3800,0.9000,1.0000,0.8000,0.4987,0.7634,fold,verified,
Derrick White,BOS,BOS,77,34.0909,14.3896,5.6753,2.6494,2.3896,2.7143,16.4545,4.4026,5.3766,1.1429,1.2727,1.7403,0.3944,0.9020,fold,verified,
Desmond Bane,ORL,ORL,82,33.6098,14.6951,7.1098,4.2195,3.8293,2.0366,20.0854,4.1220,4.1220,1.0488,0.4512,2.0000,0.4838,0.9075,fold,verified,
Devin Booker,PHO,PHX,64,33.5312,18.7188,8.5312,8.1250,7.0938,1.9062,26.0625,3.8750,6.0312,0.7969,0.2812,3.1406,0.4558,0.8731,fold,verified,
Devin Carter,SAC,SAC,38,18.4211,7.6842,3.1842,2.4737,1.7632,0.7895,8.9211,3.2895,2.6579,0.8947,0.2368,1.4211,0.4144,0.7128,fold,verified,
Devin Vassell,SAS,SA,67,30.5075,11.2687,4.9254,1.9403,1.5821,2.4776,13.9104,4.0149,2.4925,0.8507,0.3731,0.8955,0.4371,0.8154,fold,verified,
Dillon Brooks,PHO,PHX,56,30.3929,17.1250,7.4464,3.6071,3.0357,2.2679,20.1964,3.6250,1.7679,1.0179,0.1607,1.7500,0.4348,0.8416,fold,verified,
Dillon Jones,NYK,NY,7,5.5714,1.2857,0.2857,0.5714,0.5714,0.1429,1.2857,1.0000,0.5714,0.4286,0.0000,0.0000,0.2222,1.0000,fold,verified,
Domantas Sabonis,SAC,SAC,19,29.6842,11.6316,6.3158,4.0526,2.9474,0.2632,15.8421,11.3684,4.1053,0.9474,0.2105,2.6842,0.5430,0.7273,fold,verified,
Dominick Barlow,PHI,PHI,71,23.7887,5.6197,3.0282,1.8451,1.3239,0.2958,7.6761,4.7887,1.2254,0.8873,0.7465,0.7887,0.5388,0.7176,fold,verified,
Donovan Clingan,POR,POR,77,27.1948,8.8831,4.6234,2.6364,1.7922,1.0909,12.1299,11.5844,2.1039,0.5714,1.6883,1.2338,0.5205,0.6798,fold,verified,
Donovan Mitchell,CLE,CLE,70,33.4571,20.0429,9.6857,6.1429,5.3143,3.2000,27.8857,4.5143,5.6857,1.4857,0.2857,2.8286,0.4833,0.8651,fold,verified,
Donte DiVincenzo,MIN,MIN,82,30.4146,10.1829,4.1341,1.2805,0.9512,2.9756,12.1951,4.0976,3.8171,1.2683,0.4146,1.4390,0.4060,0.7429,fold,verified,
Dorian Finney-Smith,HOU,HOU,37,16.7568,3.5676,1.1892,0.2432,0.2162,0.7297,3.3243,2.5135,0.9730,0.4324,0.1622,0.5946,0.3333,0.8889,fold,verified,
Doug McDermott,SAC,SAC,29,15.1379,4.7931,1.8621,0.3103,0.2759,1.6552,5.6552,1.2759,0.7586,0.2069,0.1379,0.4483,0.3885,0.8889,fold,verified,
Drake Powell,BRK,BKN,63,20.9524,5.6825,2.2857,1.2222,1.0952,0.8095,6.4762,1.7619,1.4444,0.5714,0.2222,0.9524,0.4022,0.8961,fold,verified,
Draymond Green,GSW,GS,68,27.4853,7.2206,3.0147,1.2353,0.8676,1.4853,8.3824,5.5147,5.5294,0.8971,0.6176,2.6618,0.4175,0.7024,fold,verified,
Drew Eubanks,SAC,SAC,42,13.1429,3.7143,2.2143,1.3571,0.7619,0.0238,5.2143,3.0238,0.4524,0.3571,0.6190,0.7143,0.5962,0.5614,fold,verified,
Drew Peterson,CHO,CHA,6,10.6667,2.6667,0.3333,0.3333,0.1667,0.0000,0.8333,1.5000,0.3333,0.5000,0.1667,0.0000,0.1250,0.5000,fold,verified,
Drew Timme,LAL,LAL,27,8.7037,2.4444,1.4074,0.3333,0.1852,0.4074,3.4074,1.2222,0.8519,0.2222,0.0000,0.4815,0.5758,0.5556,fold,verified,
Dru Smith,MIA,MIA,70,16.3000,4.6429,1.9286,1.5000,1.2429,0.5429,5.6429,2.4714,2.5714,1.4286,0.3000,0.7857,0.4154,0.8286,fold,verified,
Duncan Robinson,DET,DET,77,27.4416,9.0649,4.1299,1.4286,1.0779,2.8571,12.1948,2.6623,2.0649,0.5714,0.2857,0.7013,0.4556,0.7546,fold,verified,
Duop Reath,POR,POR,32,8.0625,2.3125,1.0312,0.1875,0.1562,0.7188,2.9375,1.1875,0.3125,0.1562,0.2500,0.2188,0.4460,0.8333,fold,verified,
Dwight Powell,DAL,DAL,63,14.3492,1.6032,1.0317,1.7778,1.2381,0.0317,3.3333,4.0794,1.0794,0.5397,0.3333,0.6508,0.6436,0.6964,fold,verified,
Dylan Cardwell,SAC,SAC,44,20.6136,4.0682,2.3864,1.1591,0.5909,0.0455,5.4091,7.5455,1.4091,0.6818,1.5227,0.8864,0.5866,0.5098,fold,verified,
Dylan Harper,SAS,SA,69,22.5797,9.5072,4.7971,1.7246,1.3043,0.8841,11.7826,3.3913,3.8551,0.7826,0.3478,1.4348,0.5046,0.7563,fold,verified,
Dyson Daniels,ATL,ATL,76,33.1579,10.2237,5.2895,1.6053,0.9868,0.2895,11.8553,6.8421,5.9079,1.9605,0.4079,1.7763,0.5174,0.6147,fold,verified,
E.J. Liddell,BRK,BKN,26,13.4231,4.2692,2.0769,1.0000,0.8077,0.6923,5.6538,2.6538,0.9231,0.2308,0.3846,0.5769,0.4865,0.8077,fold,verified,
Egor Dëmin,BRK,BKN,52,25.1538,8.6346,3.4423,1.2500,1.0385,2.3846,10.3077,3.1731,3.3269,0.8077,0.3269,1.6538,0.3987,0.8308,fold,verified,
Elijah Harkless,UTA,UTAH,26,20.9615,6.1923,2.0769,2.4615,1.8846,0.8077,6.8462,2.0385,2.8846,1.1923,0.2308,1.0000,0.3354,0.7656,fold,verified,
Emanuel Miller,CHI,CHI,5,6.6000,2.6000,1.2000,0.4000,0.2000,0.4000,3.0000,0.6000,0.8000,0.4000,0.0000,0.0000,0.4615,0.5000,fold,verified,
Enrique Freeman,MIN,MIN,4,9.2500,2.0000,1.0000,1.0000,0.7500,0.5000,3.2500,2.5000,0.5000,0.5000,0.7500,0.5000,0.5000,0.7500,fold,verified,
Eric Gordon,PHI,PHI,6,12.3333,3.5000,2.0000,0.3333,0.1667,1.3333,5.5000,0.3333,0.5000,0.6667,0.1667,0.5000,0.5714,0.5000,fold,verified,
Ethan Thompson,IND,IND,32,20.4062,6.1250,2.3125,1.4688,1.1562,1.1875,6.9688,2.1562,1.7812,0.6250,0.2812,0.7812,0.3776,0.7872,fold,verified,
Evan Mobley,CLE,CLE,65,31.9077,13.2154,7.2154,4.5692,2.7692,0.9538,18.1538,9.0154,3.6000,0.7385,1.7385,1.8769,0.5460,0.6061,fold,verified,
Franz Wagner,ORL,ORL,34,29.9706,14.9118,7.1765,5.8235,4.7941,1.4118,20.5588,5.2059,3.3235,0.9412,0.3235,1.7059,0.4813,0.8232,fold,verified,
GG Jackson II,MEM,MEM,55,21.4182,9.3455,4.6364,2.7455,2.0364,1.1636,12.4727,4.2727,1.4727,0.5636,0.8000,1.5455,0.4961,0.7417,fold,verified,
Gabe Vincent,2TM,ATL,53,16.5849,4.0755,1.4340,0.4340,0.3774,1.1132,4.3585,1.0189,1.4340,0.5094,0.0566,0.5094,0.3519,0.8696,fold,verified,
Garrett Temple,TOR,TOR,22,3.3182,0.6818,0.1818,0.4091,0.2727,0.1364,0.7727,0.4091,0.4091,0.1818,0.0909,0.3182,0.2667,0.6667,fold,verified,
Garrison Mathews,IND,IND,15,13.0667,3.4667,1.4000,1.5333,1.2667,1.1333,5.2000,1.1333,0.6667,0.4000,0.2000,0.2000,0.4038,0.8261,fold,verified,
Gary Harris,MIL,MIL,48,13.7708,2.1667,0.9583,0.1875,0.1667,0.5833,2.6667,1.2708,1.0625,0.5625,0.1875,0.3958,0.4423,0.8889,fold,verified,
Gary Payton II,GSW,GS,73,15.6438,5.6849,3.3151,0.5479,0.3562,0.5068,7.4932,3.6301,1.6849,0.9178,0.2877,0.8493,0.5831,0.6500,fold,verified,
Gary Trent Jr.,MIL,MIL,65,21.1846,7.2769,2.8154,0.8000,0.6154,1.8923,8.1385,1.0308,1.2154,0.5231,0.0462,0.6308,0.3869,0.7692,fold,verified,
Giannis Antetokounmpo,MIL,MIL,36,28.8611,16.6111,10.3611,9.9167,6.4444,0.4167,27.5833,9.7778,5.4444,0.9444,0.6667,3.1944,0.6238,0.6499,fold,verified,
Goga Bitadze,ORL,ORL,64,15.1875,3.5156,2.3750,1.5156,1.0781,0.0312,5.8594,5.0000,1.3125,0.5781,0.9531,0.6719,0.6756,0.7113,fold,verified,
Gradey Dick,TOR,TOR,76,14.0395,5.0526,2.1184,1.1579,1.0132,0.7368,5.9868,1.9342,0.6711,0.5921,0.0921,0.5526,0.4193,0.8750,fold,verified,
Grant Nelson,BRK,BKN,4,8.7500,2.2500,1.2500,2.5000,1.7500,0.0000,4.2500,1.5000,1.2500,0.2500,1.2500,1.0000,0.5556,0.7000,fold,verified,
Grant Williams,CHO,CHA,36,19.7500,5.0833,2.1667,1.5000,1.2222,1.4444,7.0000,3.9444,1.5556,0.4722,0.5000,0.8611,0.4262,0.8148,fold,verified,
Grayson Allen,PHO,PHX,51,28.7647,13.0784,5.2745,3.2941,2.8235,3.1176,16.4902,3.0392,3.8235,1.3529,0.2549,1.6275,0.4033,0.8571,fold,verified,
Guerschon Yabusele,2TM,CHI,67,15.0299,4.6567,1.8657,1.0746,0.8060,1.0299,5.5672,3.4925,0.9403,0.3881,0.2388,0.6119,0.4006,0.7500,fold,verified,
Gui Santos,GSW,GS,68,20.5147,6.7647,3.3824,1.7647,1.2794,1.1471,9.1912,3.9118,2.3382,0.8971,0.3235,1.5000,0.5000,0.7250,fold,verified,
Harrison Barnes,SAS,SA,77,25.7922,7.4675,3.4026,1.5974,1.3247,1.8052,9.9351,2.7662,1.9221,0.6494,0.1558,0.7922,0.4556,0.8293,fold,verified,
Harrison Ingram,SAS,SA,7,3.7143,0.8571,0.7143,0.0000,0.0000,0.1429,1.5714,0.4286,0.1429,0.0000,0.0000,0.1429,0.8333,0.0000,fold,verified,
Hayden Gray,UTA,UTAH,1,25.0000,3.0000,2.0000,2.0000,2.0000,0.0000,6.0000,0.0000,1.0000,1.0000,1.0000,1.0000,0.6667,1.0000,fold,verified,
Haywood Highsmith,PHO,PHX,7,13.0000,3.2857,1.7143,1.0000,0.8571,1.1429,5.4286,1.8571,1.0000,0.5714,0.0000,0.0000,0.5217,0.8571,fold,verified,
Herbert Jones,NOP,NO,56,28.3571,8.5357,3.2679,1.1071,0.8929,1.4286,8.8571,3.3929,2.7679,1.5714,0.4821,1.3036,0.3828,0.8064,fold,verified,
Hugo González,BOS,BOS,74,14.6486,3.3243,1.5811,0.3514,0.1757,0.5676,3.9054,3.3243,0.5405,0.5676,0.2838,0.5135,0.4756,0.5000,fold,verified,
Hunter Dickinson,NOP,NO,5,8.4000,2.8000,1.0000,0.4000,0.4000,0.0000,2.4000,1.0000,0.4000,0.2000,0.4000,0.6000,0.3571,1.0000,fold,verified,
Hunter Sallis,PHI,PHI,7,3.7143,0.7143,0.4286,0.2857,0.1429,0.0000,1.0000,0.1429,0.5714,0.0000,0.1429,0.7143,0.6000,0.5000,fold,verified,
Hunter Tyson,DEN,DEN,21,7.7143,2.4762,0.6667,0.6190,0.5238,0.3333,2.1905,1.7143,0.8095,0.0952,0.0476,0.2381,0.2692,0.8461,fold,verified,
Immanuel Quickley,TOR,TOR,70,31.8714,12.9286,5.7286,2.9571,2.4286,2.5429,16.4286,4.0286,5.9286,1.3143,0.0714,1.4571,0.4431,0.8213,fold,verified,
Isaac Jones,2TM,DET,7,5.1429,1.0000,0.4286,0.5714,0.4286,0.0000,1.2857,0.7143,0.1429,0.0000,0.1429,0.1429,0.4286,0.7500,fold,verified,
Isaac Okoro,CHI,CHI,63,26.9048,7.2857,3.3492,1.7778,1.4127,1.1587,9.2698,2.7460,1.5873,0.7302,0.4603,0.7302,0.4597,0.7946,fold,verified,
Isaiah Collier,UTA,UTAH,59,25.7119,8.7288,4.3220,3.5424,2.5593,0.4576,11.6610,2.5424,7.1695,1.1186,0.3390,2.5085,0.4951,0.7225,fold,verified,
Isaiah Crawford,HOU,HOU,14,6.5714,1.7143,0.7143,0.4286,0.3571,0.2143,2.0000,1.1429,0.3571,0.1429,0.2143,0.2857,0.4167,0.8333,fold,verified,
Isaiah Hartenstein,OKC,OKC,47,24.1915,6.2979,3.9149,2.2340,1.3617,0.0000,9.1915,9.4255,3.5319,1.0213,0.7660,1.7447,0.6216,0.6095,fold,verified,
Isaiah Jackson,2TM,LAC,55,16.5091,4.3091,2.7455,1.9091,1.2364,0.0000,6.7273,5.2727,0.9455,0.6545,0.8909,1.0545,0.6371,0.6476,fold,verified,
Isaiah Joe,OKC,OKC,71,21.2254,7.6479,3.4789,1.7324,1.5493,2.5493,11.0563,2.5493,1.3239,0.7042,0.1549,0.6338,0.4549,0.8943,fold,verified,
Isaiah Livers,PHO,PHX,36,9.6389,1.7778,0.6111,0.3333,0.2500,0.3333,1.8056,1.6944,0.5833,0.3611,0.2222,0.3333,0.3438,0.7500,fold,verified,
Isaiah Stevens,SAC,SAC,3,14.3333,2.3333,1.0000,1.3333,1.3333,0.0000,3.3333,1.0000,3.3333,1.6667,0.0000,0.6667,0.4286,1.0000,fold,verified,
Isaiah Stewart,DET,DET,58,22.7069,6.9310,3.8103,2.2586,1.7069,0.6897,10.0172,5.0000,1.1379,0.2759,1.6034,1.1552,0.5497,0.7557,fold,verified,
Ivica Zubac,2TM,IND,48,30.1458,10.0417,6.0000,2.9583,2.1042,0.0000,14.1042,10.6042,2.1875,0.3750,0.8333,1.7917,0.5975,0.7113,fold,verified,
JD Davison,HOU,HOU,28,7.7857,2.2857,0.8571,0.6786,0.4643,0.2857,2.4643,1.2143,1.2500,0.2143,0.2143,0.2500,0.3750,0.6842,fold,verified,
Ja Morant,MEM,MEM,20,28.4500,16.1000,6.6000,5.8500,5.2500,1.0000,19.4500,3.2500,8.0500,1.0000,0.3000,3.5500,0.4099,0.8974,fold,verified,
Ja'Kobe Walter,TOR,TOR,72,20.4722,5.6111,2.5000,1.2500,0.9861,1.5278,7.5139,2.5694,1.1944,1.0139,0.1944,0.5139,0.4455,0.7889,fold,verified,
Jabari Smith Jr.,HOU,HOU,77,35.1299,12.6623,5.6883,2.7143,2.1039,2.2987,15.7792,6.8701,1.8571,0.7273,0.9221,1.3636,0.4492,0.7751,fold,noted,fga bref 12.6 espn 12.6623; fg_pct bref 0.45 espn 0.4492
Jabari Walker,PHI,PHI,64,11.9062,3.3281,1.5156,1.0625,0.7812,0.5000,4.3125,3.0000,0.5312,0.3594,0.2031,0.4219,0.4554,0.7353,fold,verified,
Jacob Toppin,ATL,ATL,5,3.4000,1.2000,0.8000,0.0000,0.0000,0.0000,1.6000,0.2000,0.2000,0.0000,0.2000,0.0000,0.6667,0.0000,fold,verified,
Jaden Hardy,2TM,WSH,57,15.7544,7.5263,3.1930,1.3158,0.9649,1.8246,9.1754,1.5088,1.0175,0.2807,0.1053,1.0877,0.4242,0.7333,fold,verified,
Jaden Ivey,2TM,CHI,37,18.1081,6.9189,3.0811,1.2703,1.0270,1.3514,8.5405,2.4595,1.8378,0.6216,0.3784,1.1081,0.4453,0.8085,fold,verified,
Jaden McDaniels,MIN,MIN,73,31.7260,11.0822,5.7123,2.4110,2.0137,1.4110,14.8493,4.2466,2.7260,1.1096,1.0000,1.7945,0.5154,0.8352,fold,verified,
Jae'Sean Tate,HOU,HOU,46,8.8043,2.3696,1.2174,0.2391,0.1522,0.2174,2.8043,1.5870,0.5435,0.2174,0.0652,0.3478,0.5138,0.6364,fold,verified,
Jahmai Mashack,MEM,MEM,31,21.7097,6.2903,2.4839,1.1290,0.6129,0.6129,6.1935,2.6129,2.2258,1.1935,0.4516,1.5806,0.3949,0.5429,fold,verified,
Jahmir Young,MIA,MIA,14,4.1429,1.7857,0.7143,0.1429,0.1429,0.2143,1.7857,0.2857,0.6429,0.0714,0.0000,0.2143,0.4000,1.0000,fold,verified,
Jahmyl Telfort,LAC,LAC,8,4.0000,0.5000,0.0000,0.5000,0.1250,0.0000,0.1250,0.3750,0.1250,0.1250,0.0000,0.1250,0.0000,0.2500,fold,verified,
Jaime Jaquez Jr.,MIA,MIA,75,28.2800,12.2000,6.1867,2.8800,2.2133,0.7733,15.3600,5.0000,4.6933,0.6800,0.2800,2.0267,0.5071,0.7685,fold,verified,
Jake LaRavia,LAL,LAL,82,25.1341,6.3780,2.9268,1.8537,1.4146,0.9512,8.2195,3.9756,1.7683,1.2683,0.4634,1.0610,0.4589,0.7632,fold,verified,
Jakob Poeltl,TOR,TOR,46,24.9783,6.7391,4.7174,2.1304,1.2826,0.0000,10.7174,7.0217,2.0217,0.8696,0.6957,1.2391,0.7000,0.6020,fold,verified,
Jalen Brunson,NYK,NY,74,35.0000,19.9324,9.3108,5.6892,4.7838,2.6351,26.0405,3.3378,6.7973,0.7703,0.1081,2.3649,0.4671,0.8409,fold,verified,
Jalen Duren,DET,DET,70,28.2286,11.4714,7.4571,6.1429,4.5857,0.0000,19.5000,10.5286,1.9714,0.8143,0.8429,1.8571,0.6501,0.7465,fold,verified,
Jalen Green,PHO,PHX,32,25.8750,16.0000,6.7500,2.7188,2.0312,2.2188,17.7500,3.6250,2.8438,1.0625,0.2500,2.2500,0.4219,0.7471,fold,verified,
Jalen Johnson,ATL,ATL,72,35.1667,17.0556,8.3333,5.3056,4.1806,1.6667,22.5139,10.2778,7.8611,1.2361,0.4306,3.3889,0.4886,0.7880,fold,verified,
Jalen Pickett,DEN,DEN,50,16.1200,4.6400,1.9600,0.3800,0.3000,0.9800,5.2000,2.2800,2.3000,0.2600,0.1000,0.6800,0.4224,0.7895,fold,verified,
Jalen Slawson,IND,IND,13,23.9231,5.9231,2.6154,1.3077,0.9231,1.1538,7.3077,4.3846,2.7692,1.5385,1.0769,1.3077,0.4416,0.7059,fold,verified,
Jalen Smith,CHI,CHI,53,20.6604,7.6226,3.6792,1.7547,1.3019,1.5472,10.2075,6.6981,1.2264,0.4528,0.7925,1.0000,0.4827,0.7419,fold,verified,
Jalen Suggs,ORL,ORL,57,27.6140,11.3860,4.9474,2.0526,1.7544,2.1404,13.7895,3.8596,5.4737,1.8421,0.7018,2.6667,0.4345,0.8547,fold,verified,
Jalen Williams,OKC,OKC,33,28.3636,13.5152,6.5455,3.9091,3.2727,0.6970,17.0606,4.6364,5.4848,1.1818,0.2727,1.9091,0.4843,0.8372,fold,verified,
Jalen Wilson,BRK,BKN,54,15.9074,5.1481,2.0370,1.7778,1.2778,1.0000,6.3519,2.1111,0.9259,0.4074,0.0370,0.7037,0.3957,0.7188,fold,verified,
Jamal Cain,ORL,ORL,40,12.1500,3.8000,1.8500,1.1500,0.9750,0.7000,5.3750,1.9500,0.7250,0.2750,0.1000,0.4750,0.4868,0.8478,fold,verified,
Jamal Murray,DEN,DEN,75,35.3600,18.1333,8.7600,5.2000,4.6133,3.2667,25.4000,4.4000,7.1333,0.8800,0.3867,2.2800,0.4831,0.8872,fold,verified,
Jamal Shead,TOR,TOR,82,22.5854,6.1463,2.2561,1.4146,1.1098,1.0244,6.6463,1.7439,5.4146,0.9268,0.1829,1.3659,0.3671,0.7845,fold,verified,
Jamaree Bouyea,PHO,PHX,46,14.0000,5.1304,2.3478,0.7609,0.5217,0.5000,5.7174,1.7826,1.7826,0.6304,0.3478,0.6522,0.4576,0.6857,fold,verified,
James Harden,2TM,CLE,70,34.8286,16.0429,6.9571,7.4857,6.6143,3.0714,23.6000,4.8000,7.9571,1.1286,0.4000,3.5000,0.4337,0.8836,fold,verified,
James Wiseman,IND,IND,4,14.5000,2.5000,1.5000,0.5000,0.2500,0.0000,3.2500,2.0000,0.7500,0.0000,0.2500,1.2500,0.6000,0.5000,fold,verified,
Jamir Watkins,WAS,WSH,50,20.6400,5.9200,2.6400,1.6400,1.1400,0.9400,7.3600,3.8800,1.3400,1.0800,0.5000,0.8000,0.4460,0.6951,fold,verified,
Jamison Battle,TOR,TOR,61,8.4754,2.3770,1.2131,0.2295,0.1475,0.5738,3.1475,1.4590,0.3934,0.1148,0.0492,0.3115,0.5103,0.6429,fold,verified,
Jarace Walker,IND,IND,76,25.6974,9.6447,4.0395,2.4079,1.8026,1.7500,11.6316,5.1447,2.5263,0.8289,0.3421,1.8289,0.4188,0.7486,fold,verified,
Jared McCain,2TM,OKC,67,17.3134,7.1642,3.0448,0.8806,0.7612,1.4776,8.3284,2.0448,1.3433,0.5224,0.0746,0.8358,0.4250,0.8644,fold,verified,
Jaren Jackson Jr.,2TM,UTAH,48,30.3125,14.9792,7.1250,4.2292,3.3958,1.7500,19.3958,5.6667,1.9583,1.1042,1.4375,2.2292,0.4757,0.8030,fold,verified,
Jarred Vanderbilt,LAL,LAL,65,17.3538,3.6923,1.7385,0.8615,0.5077,0.4462,4.4308,4.4923,1.2923,0.8462,0.2923,0.8615,0.4708,0.5893,fold,verified,
Jarrett Allen,CLE,CLE,56,27.1250,9.4286,6.0179,4.6607,3.3036,0.0179,15.3571,8.5000,1.7857,0.9821,0.8393,1.3393,0.6383,0.7088,fold,verified,
Jase Richardson,ORL,ORL,54,10.8704,3.4815,1.6481,0.8519,0.6111,0.5185,4.4259,1.1667,1.0741,0.3519,0.0370,0.4630,0.4734,0.7174,fold,verified,
Javon Small,MEM,MEM,41,20.2439,7.0244,3.2683,2.0000,1.6585,1.4634,9.6585,3.1220,3.6829,0.8293,0.2195,1.3659,0.4653,0.8293,fold,verified,
Javonte Cooke,POR,POR,19,4.9474,2.1579,0.4737,0.1053,0.1053,0.1579,1.2105,1.0000,0.3684,0.3158,0.0000,0.4737,0.2195,1.0000,fold,verified,
Javonte Green,DET,DET,82,17.6341,5.0488,2.2561,1.5244,1.2805,1.1463,6.9390,2.8049,0.6829,1.2439,0.3049,0.5488,0.4469,0.8400,fold,verified,
Jaxson Hayes,LAL,LAL,66,18.2879,3.9697,3.0000,2.2727,1.4848,0.0455,7.5303,4.1061,0.8939,0.4394,0.7879,0.4697,0.7557,0.6533,fold,verified,
Jay Huff,IND,IND,82,20.9634,7.4512,3.5488,1.2073,1.0000,1.4512,9.5488,3.9512,1.4756,0.5000,1.8659,0.9268,0.4763,0.8283,fold,verified,
Jaylen Brown,BOS,BOS,71,34.4085,21.7324,10.3662,7.5493,6.0000,1.9718,28.7042,6.9296,5.1268,1.0141,0.3803,3.6479,0.4770,0.7948,fold,verified,
Jaylen Clark,MIN,MIN,68,13.0588,3.3529,1.4559,0.9853,0.6471,0.4853,4.0441,1.7647,0.6324,0.6912,0.1324,0.3382,0.4342,0.6567,fold,verified,
Jaylen Wells,MEM,MEM,69,26.3913,10.1159,4.3623,2.4783,1.9420,1.8696,12.5362,3.1884,1.6087,0.8841,0.1304,1.0725,0.4312,0.7836,fold,verified,
Jaylin Williams,OKC,OKC,65,19.6462,5.4154,2.2923,1.4154,1.1231,1.5077,7.2154,5.5077,2.4308,0.4769,0.6462,1.0308,0.4233,0.7935,fold,verified,
Jaylon Tyson,CLE,CLE,66,26.9242,10.1515,5.0000,1.6212,1.1970,2.0152,13.2121,5.1212,2.2273,0.8182,0.4242,1.5000,0.4925,0.7383,fold,verified,
Jayson Kent,POR,POR,5,4.4000,1.4000,0.8000,0.2000,0.2000,0.2000,2.0000,1.0000,0.0000,0.2000,0.2000,0.0000,0.5714,1.0000,fold,verified,
Jayson Tatum,BOS,BOS,16,32.6250,17.9375,7.3750,4.9375,4.0625,2.9375,21.7500,10.0000,5.3125,1.3750,0.1875,2.4375,0.4112,0.8228,fold,verified,
Jeff Green,HOU,HOU,30,5.8333,2.2667,0.8333,0.1667,0.1667,0.4000,2.2333,0.8333,0.2667,0.0667,0.0667,0.1333,0.3676,1.0000,fold,verified,
Jerami Grant,POR,POR,57,29.7368,12.8070,5.8070,5.6491,4.5965,2.3860,18.5965,3.4737,2.1404,0.7368,0.6316,2.0877,0.4534,0.8137,fold,verified,
Jeremiah Fears,NOP,NO,82,25.7561,12.2683,5.3293,3.0000,2.3659,1.2317,14.2561,3.6585,3.4024,1.1829,0.3659,2.1707,0.4344,0.7886,fold,verified,
Jeremiah Robinson-Earl,2TM,IND,22,16.4091,4.5455,1.6818,0.8182,0.7727,0.4545,4.5909,4.6818,0.6818,0.4091,0.0455,0.5455,0.3700,0.9444,fold,verified,
Jeremy Sochan,2TM,NY,44,10.6591,2.9318,1.4545,0.5909,0.4318,0.2500,3.5909,2.4318,0.9091,0.3864,0.1591,0.4773,0.4961,0.7308,fold,verified,
Jericho Sims,MIL,MIL,67,19.6716,2.7612,2.1642,1.0597,0.6567,0.0000,4.9851,5.5224,1.5522,0.2836,0.2537,1.1194,0.7838,0.6197,fold,verified,
Jett Howard,ORL,ORL,55,12.6364,4.5636,1.9091,0.7091,0.6727,0.9818,5.4727,1.5818,0.8182,0.1818,0.2000,0.2727,0.4183,0.9487,fold,verified,
Jevon Carter,2TM,ORL,53,16.3585,5.7925,2.3208,0.3585,0.2830,1.4717,6.3962,1.6792,1.6415,0.7547,0.1887,0.6792,0.4006,0.7895,fold,verified,
Jimmy Butler,GSW,GS,38,31.1053,12.1579,6.3158,7.5526,6.5263,0.8421,20.0000,5.5526,4.8684,1.4474,0.2105,1.5789,0.5195,0.8641,fold,verified,
Joan Beringer,MIN,MIN,40,7.8500,2.4500,1.6250,0.9250,0.6500,0.0000,3.9000,2.3000,0.3000,0.1750,0.6500,0.2750,0.6633,0.7027,fold,verified,
Jock Landale,2TM,ATL,68,22.1471,8.0588,4.1471,1.8529,1.1765,1.0882,10.5588,5.6912,1.6912,0.5147,0.5294,0.8824,0.5146,0.6349,fold,verified,
Joe Ingles,MIN,MIN,27,5.6667,1.0000,0.5926,0.0741,0.0741,0.2593,1.5185,0.7037,1.2593,0.3333,0.0741,0.5185,0.5926,1.0000,fold,verified,
Joel Embiid,PHI,PHI,38,31.6053,18.3421,8.9737,8.8158,7.5263,1.3947,26.8684,7.7105,3.9474,0.5526,1.2105,2.8684,0.4892,0.8537,fold,verified,
John Collins,LAC,LAC,69,27.1159,9.5507,5.2754,2.2319,1.7101,1.2899,13.5507,5.3188,1.0145,0.8696,0.7391,1.3768,0.5524,0.7662,fold,verified,
John Konchar,2TM,UTAH,56,19.9107,3.5536,1.6786,0.7857,0.5714,0.5000,4.4286,4.2857,2.1071,1.4821,0.6786,0.6250,0.4724,0.7273,fold,verified,
John Poulakidas,DAL,DAL,13,19.4615,7.0000,3.0000,0.5385,0.4615,2.3846,8.8462,2.3077,0.8462,0.5385,0.3077,0.3077,0.4286,0.8571,fold,verified,
John Tonje,BOS,BOS,6,7.0000,2.3333,0.6667,0.6667,0.6667,0.5000,2.5000,1.0000,0.3333,0.3333,0.0000,0.0000,0.2857,1.0000,fold,verified,
Johni Broome,PHI,PHI,11,5.0000,2.1818,0.3636,0.5455,0.1818,0.0000,0.9091,1.4545,0.3636,0.2727,0.1818,0.2727,0.1667,0.3333,fold,verified,
Johnny Furphy,IND,IND,35,18.3714,4.2571,2.0000,1.0000,0.4857,0.6571,5.1429,4.3714,1.1714,0.5714,0.2000,0.8286,0.4698,0.4857,fold,verified,
Johnny Juzang,MIN,MIN,21,4.1905,1.8095,0.7619,0.3810,0.2381,0.2857,2.0476,0.8095,0.2857,0.0952,0.0476,0.2381,0.4210,0.6250,fold,verified,
Jonas Valančiūnas,DEN,DEN,65,13.4000,6.0000,3.4923,2.0923,1.6154,0.1231,8.7231,5.0615,1.2000,0.2154,0.5692,1.1231,0.5821,0.7721,fold,verified,
Jonathan Isaac,ORL,ORL,52,10.0192,2.0962,0.8846,1.1154,0.6731,0.1346,2.5769,2.5385,0.4231,0.3846,0.5962,0.3462,0.4220,0.6035,fold,verified,
Jonathan Kuminga,2TM,ATL,36,23.0556,9.4167,4.3611,3.4167,2.4722,0.9722,12.1667,5.6111,2.3056,0.6111,0.3056,1.8611,0.4631,0.7236,fold,verified,
Jonathan Mogbo,TOR,TOR,40,6.2250,1.1000,0.6500,0.3500,0.2250,0.0000,1.5250,1.7000,0.6250,0.2750,0.2000,0.3500,0.5909,0.6429,fold,verified,
Jordan Clarkson,NYK,NY,72,17.7639,7.3056,3.2917,1.3056,1.0833,0.9722,8.6389,1.7639,1.3333,0.4167,0.1250,0.8750,0.4506,0.8298,fold,verified,
Jordan Goodwin,PHO,PHX,70,22.4571,7.9286,3.2714,0.8000,0.5571,1.6000,8.7000,4.8714,2.1571,1.5143,0.2000,0.9714,0.4126,0.6964,fold,verified,
Jordan Hawkins,NOP,NO,51,13.5686,5.0392,1.8431,0.5294,0.4510,0.9216,5.0588,1.7255,0.8235,0.2549,0.1961,0.6667,0.3658,0.8518,fold,verified,
Jordan McLaughlin,SAS,SA,44,6.4091,1.7955,0.7500,0.1591,0.1364,0.3864,2.0227,0.7273,0.8636,0.4545,0.0455,0.3409,0.4177,0.8571,fold,verified,
Jordan Miller,LAC,LAC,60,22.0833,6.6500,3.5333,2.9167,2.2667,0.6333,9.9667,3.0333,2.2667,0.7500,0.1833,1.0500,0.5313,0.7771,fold,verified,
Jordan Poole,NOP,NO,39,23.9231,11.3846,4.2308,2.9231,2.5128,2.4615,13.4359,1.9744,3.0513,0.5641,0.3846,1.7692,0.3716,0.8596,fold,verified,
Jordan Walsh,BOS,BOS,68,17.8235,3.9265,2.0000,0.8382,0.6471,0.7059,5.3529,4.0000,0.7941,0.7206,0.4559,0.5147,0.5094,0.7719,fold,verified,
Jose Alvarado,2TM,NY,69,19.8551,6.5072,2.7101,0.6667,0.5072,1.4638,7.3913,2.4783,3.3913,0.9565,0.1159,1.1159,0.4165,0.7609,fold,verified,
Josh Giddey,CHI,CHI,54,32.0556,13.2778,5.9444,4.2222,3.2222,1.9074,17.0185,8.2963,9.1481,1.0185,0.5000,3.6296,0.4477,0.7632,fold,verified,
Josh Green,CHO,CHA,58,15.6552,3.1207,1.4310,0.4828,0.4310,1.0000,4.2931,1.7586,0.8103,0.6034,0.1034,0.6034,0.4586,0.8929,fold,verified,
Josh Hart,NYK,NY,66,30.2121,8.9697,4.5606,1.8939,1.3636,1.5152,12.0000,7.3636,4.8030,1.1364,0.2576,1.9394,0.5085,0.7200,fold,verified,
Josh Minott,2TM,BKN,49,17.0204,5.1429,2.5714,1.2449,0.9796,1.3061,7.4286,3.2245,0.9388,0.8980,0.4898,0.8776,0.5000,0.7869,fold,verified,
Josh Oduro,NOP,NO,3,27.3333,5.6667,3.6667,2.0000,1.0000,0.0000,8.3333,7.6667,1.3333,0.0000,0.0000,0.6667,0.6471,0.5000,fold,verified,
Josh Okogie,HOU,HOU,78,17.3590,3.7692,1.6026,0.8846,0.5256,0.7949,4.5256,2.5641,0.8846,0.8077,0.2051,0.5256,0.4252,0.5942,fold,verified,
Jrue Holiday,POR,POR,53,29.4340,13.3774,6.0377,1.9811,1.6604,2.5849,16.3208,4.6226,6.0755,1.0189,0.1132,2.7547,0.4513,0.8381,fold,verified,
Julian Champagnie,SAS,SA,82,27.6341,8.4024,3.6707,1.6463,1.3902,2.3780,11.1098,5.7683,1.5488,0.7561,0.4634,0.8415,0.4369,0.8444,fold,verified,
Julian Phillips,2TM,MIN,48,8.8958,2.5208,1.0625,0.4792,0.3750,0.4167,2.9167,1.0208,0.2083,0.4583,0.1458,0.2292,0.4215,0.7826,fold,verified,
Julian Reese,WAS,WSH,13,30.9231,9.1538,4.8462,3.3846,2.1538,0.0000,11.8462,10.5385,1.8462,1.3846,0.6154,2.4615,0.5294,0.6364,fold,verified,
Julian Strawther,DEN,DEN,57,15.1053,5.5965,2.6140,1.2281,1.0000,1.0175,7.2456,2.0000,1.0702,0.4386,0.1053,0.6316,0.4671,0.8143,fold,verified,
Julius Randle,MIN,MIN,79,33.0380,15.2785,7.3418,6.2785,5.0380,1.3797,21.1013,6.7342,5.0380,1.0886,0.2278,2.7468,0.4805,0.8024,fold,verified,
Justin Champagnie,WAS,WSH,69,19.9565,6.6957,3.3623,1.4783,1.1594,0.7681,8.6522,5.5652,1.2174,0.8551,0.6232,0.6522,0.5022,0.7843,fold,verified,
Justin Edwards,PHI,PHI,64,15.2656,5.0000,2.2344,0.6094,0.5156,1.0469,6.0312,1.4688,1.2500,0.8438,0.1719,0.5625,0.4469,0.8461,fold,verified,
Jusuf Nurkić,UTA,UTAH,41,26.4146,8.7317,4.3902,2.7561,1.5122,0.6098,10.9024,10.3659,4.7805,1.2683,0.5366,2.4634,0.5028,0.5487,fold,verified,
KJ Simpson,2TM,DEN,20,12.9000,4.9500,1.7000,0.9000,0.5500,0.6000,4.5500,1.8500,2.1500,0.8000,0.0000,1.2500,0.3434,0.6111,fold,verified,
Kadary Richmond,WAS,WSH,3,22.3333,5.3333,3.3333,1.0000,1.0000,0.6667,8.3333,3.3333,2.6667,2.6667,0.3333,0.6667,0.6250,1.0000,fold,verified,
Kam Jones,IND,IND,37,16.6486,4.5676,1.8378,0.2162,0.1081,0.5946,4.3784,1.6216,3.2162,0.4865,0.0000,0.9730,0.4024,0.5000,fold,verified,
Karl-Anthony Towns,NYK,NY,75,30.9600,13.7600,6.8933,5.5467,4.7600,1.5067,20.0533,11.8533,3.0133,0.8667,0.5333,2.4933,0.5010,0.8582,fold,verified,
Karlo Matković,NOP,NO,62,14.7097,3.7903,2.2903,0.6613,0.4839,0.6129,5.6774,3.6935,0.8065,0.4032,0.8710,0.5484,0.6043,0.7317,fold,verified,
Kasparas Jakučionis,MIA,MIA,53,17.8302,4.4906,1.9245,1.2453,1.0943,1.2453,6.1887,2.6038,2.5849,0.6226,0.1321,0.9434,0.4286,0.8788,fold,verified,
Kawhi Leonard,LAC,LAC,65,32.0769,19.3538,9.7692,6.4000,5.7077,2.6462,27.8923,6.3538,3.6000,1.8769,0.4154,2.0462,0.5048,0.8918,fold,verified,
Keaton Wallace,ATL,ATL,53,10.1132,3.2264,1.2830,0.3396,0.2264,0.7170,3.5094,1.0566,1.7736,0.4528,0.0943,0.5283,0.3977,0.6667,fold,verified,
Keegan Murray,SAC,SAC,23,34.4783,13.0435,5.4783,2.1304,1.6522,1.3478,13.9565,5.7391,1.6522,1.0435,1.5652,1.1739,0.4200,0.7755,fold,verified,
Kel'el Ware,MIA,MIA,77,22.1299,8.4286,4.4675,1.2468,0.9221,1.1948,11.0519,9.0130,0.7273,0.7662,1.0909,0.8052,0.5301,0.7396,fold,verified,
Keldon Johnson,SAS,SA,82,23.3049,9.7195,5.0488,2.3659,1.8780,1.2073,13.1829,5.3659,1.3537,0.5610,0.1341,0.8537,0.5194,0.7938,fold,verified,
Kelly Olynyk,SAS,SA,42,8.5714,2.2857,1.1190,0.9048,0.6429,0.2857,3.1667,1.8095,1.1667,0.3571,0.0714,0.5714,0.4896,0.7105,fold,verified,
Kelly Oubre Jr.,PHI,PHI,50,31.4800,10.8800,5.0800,2.9000,2.2200,1.7200,14.1000,5.0400,1.6000,1.3600,0.4800,1.3800,0.4669,0.7655,fold,verified,
Kennedy Chandler,UTA,UTAH,11,32.2727,12.4545,5.5455,3.9091,2.5455,1.3636,15.0000,3.3636,6.7273,1.0000,0.1818,2.0909,0.4453,0.6512,fold,verified,
Kenrich Williams,OKC,OKC,56,15.2679,5.2857,2.5000,0.9286,0.5893,0.8929,6.4821,3.3393,1.4107,0.5536,0.0893,0.7679,0.4730,0.6346,fold,verified,
Kentavious Caldwell-Pope,MEM,MEM,51,21.3333,7.1765,2.9412,1.5686,1.4314,1.0784,8.3922,2.4510,2.7255,0.8431,0.1569,1.1961,0.4098,0.9125,fold,verified,
Keon Ellis,2TM,CLE,72,20.5417,5.3333,2.3472,0.9722,0.7083,1.2639,6.6667,1.8750,1.0000,1.1528,0.6389,0.5694,0.4401,0.7286,fold,verified,
Keshad Johnson,MIA,MIA,32,8.7500,3.2500,1.5938,0.9062,0.6562,0.4062,4.2500,1.9375,0.2500,0.4688,0.2500,0.4062,0.4904,0.7241,fold,verified,
Keshon Gilbert,2TM,ATL,4,18.5000,3.0000,1.2500,1.7500,1.7500,0.0000,4.2500,1.2500,3.0000,0.7500,1.0000,2.0000,0.4167,1.0000,fold,verified,
Kevin Durant,HOU,HOU,78,36.4103,17.6410,9.1795,5.9872,5.2308,2.3846,25.9744,5.4615,4.7692,0.7949,0.9103,3.1538,0.5203,0.8737,fold,verified,
Kevin Huerter,2TM,DET,69,22.4493,8.6377,3.8986,1.0290,0.7971,1.4493,10.0435,3.4783,2.5797,0.9130,0.4783,1.0435,0.4513,0.7746,fold,verified,
Kevin Love,UTA,UTAH,37,16.5676,5.3784,2.1351,1.1892,1.0000,1.4324,6.7027,5.8108,1.8108,0.3784,0.2432,0.8108,0.3970,0.8409,fold,verified,
Kevin McCullar Jr.,NYK,NY,21,7.3810,2.2381,0.9524,0.2381,0.0952,0.3810,2.3810,1.3333,0.9524,0.4286,0.0000,0.5714,0.4255,0.4000,fold,verified,
Kevin Porter Jr.,MIL,MIL,38,33.1842,13.5263,6.2895,4.1053,3.6053,1.2105,17.3947,5.2105,7.3684,2.1842,0.5000,2.8947,0.4650,0.8782,fold,verified,
Kevon Looney,NOP,NO,21,14.6190,2.8571,1.1905,0.4762,0.3333,0.0952,2.8095,5.6190,1.6190,0.4286,0.4762,0.4286,0.4167,0.7000,fold,verified,
Keyonte George,UTA,UTAH,54,33.0741,16.3148,7.4444,7.0000,6.2407,2.4815,23.6111,3.6852,6.1481,1.0741,0.2593,3.0741,0.4563,0.8915,fold,verified,
Khaman Maluach,PHO,PHX,46,8.9348,2.2826,1.2174,0.6739,0.4783,0.1087,3.0217,2.8913,0.1304,0.1087,0.7174,0.5435,0.5333,0.7097,fold,verified,
Khris Middleton,2TM,DAL,63,22.8413,8.5714,3.6032,2.1587,1.8889,1.0635,10.1587,3.6667,2.7937,0.6508,0.1429,1.7143,0.4204,0.8750,fold,verified,
Killian Hayes,SAC,SAC,23,17.6522,6.0000,1.8261,1.2174,1.1304,0.7391,5.5217,2.3478,3.5217,0.9130,0.1739,1.2174,0.3043,0.9286,fold,verified,
Klay Thompson,DAL,DAL,69,21.6957,10.5507,4.1449,0.6812,0.5217,2.9275,11.7391,2.0725,1.3913,0.4783,0.3188,0.9130,0.3929,0.7660,fold,verified,
Kobe Brown,2TM,IND,61,15.7705,4.4426,2.0820,0.9672,0.7705,0.8525,5.7869,3.0328,1.3115,0.3770,0.1967,0.8689,0.4686,0.7966,fold,verified,
Kobe Bufkin,LAL,LAL,16,7.4375,3.1250,0.9375,0.7500,0.6875,0.3125,2.8750,0.8125,0.6250,0.1250,0.1875,0.3125,0.3000,0.9167,fold,verified,
Kobe Sanders,LAC,LAC,68,19.8676,5.6471,2.6324,1.0147,0.8382,1.1765,7.2794,2.2500,1.6029,0.7206,0.1471,1.1912,0.4662,0.8261,fold,verified,
Koby Brea,PHO,PHX,12,7.0000,3.0000,1.2500,0.1667,0.1667,1.0833,3.7500,0.6667,0.8333,0.0833,0.0000,0.3333,0.4167,1.0000,fold,verified,
Kon Knueppel,CHO,CHA,81,31.4938,13.3827,6.3580,2.7901,2.4074,3.3704,18.4938,5.3333,3.3827,0.7037,0.2346,1.9877,0.4751,0.8628,fold,verified,
Kris Dunn,LAC,LAC,82,27.1951,5.8171,2.7683,0.9878,0.7561,0.9756,7.2683,3.3049,3.5976,1.5976,0.1707,1.3537,0.4759,0.7654,fold,verified,
Kris Murray,POR,POR,57,23.3860,4.8421,2.2632,1.0000,0.6842,0.5965,5.8070,3.6140,1.4211,0.8947,0.3860,0.8246,0.4674,0.6842,fold,verified,
Kristaps Porziņģis,2TM,GS,32,24.0312,12.1250,5.4062,4.9375,4.1562,1.6875,16.6562,5.2188,2.5312,0.5625,1.1875,1.2812,0.4459,0.8418,fold,verified,
Kyle Anderson,3TM,MIN,43,19.8372,4.6977,2.4884,1.5814,1.1163,0.0930,6.1860,3.4884,2.9302,1.0465,0.6047,0.9070,0.5297,0.7059,fold,verified,
Kyle Filipowski,UTA,UTAH,77,23.3896,8.5325,4.1948,2.7532,2.0649,0.9610,11.4156,7.1688,2.5714,0.9481,0.5065,1.6234,0.4916,0.7500,fold,verified,
Kyle Kuzma,MIL,MIL,69,26.1739,9.9855,4.9130,2.6957,1.9565,1.2029,12.9855,4.5362,2.6667,0.6667,0.4058,1.7246,0.4920,0.7258,fold,verified,
Kyle Lowry,PHI,PHI,14,8.4286,1.7857,0.2857,0.4286,0.3571,0.2857,1.2143,0.6429,0.7857,0.1429,0.1429,0.2857,0.1600,0.8333,fold,verified,
Kyshawn George,WAS,WSH,48,28.9792,12.0208,5.2708,2.7292,2.1875,2.0625,14.7917,5.1042,4.4583,1.0000,0.8958,2.6042,0.4385,0.8015,fold,verified,
LJ Cryer,GSW,GS,18,16.2222,6.5000,2.6111,1.0556,0.9444,2.0556,8.2222,1.5556,1.0000,0.1667,0.0000,0.7778,0.4017,0.8947,fold,verified,
LaMelo Ball,CHO,CHA,72,28.0139,17.2778,7.0278,2.4861,2.2361,3.7778,20.0694,4.8194,7.1389,1.2083,0.2500,2.8056,0.4067,0.8994,fold,verified,
Lachlan Olbrich,CHI,CHI,37,9.2973,2.0811,0.9730,1.0811,0.4054,0.0541,2.4054,3.0270,1.1351,0.3243,0.2162,0.4324,0.4675,0.3750,fold,verified,
Landry Shamet,NYK,NY,51,22.9608,7.1373,3.1176,1.4902,1.0588,2.0196,9.3137,1.8039,1.4118,0.6078,0.1765,0.5882,0.4368,0.7105,fold,verified,
Larry Nance Jr.,CLE,CLE,35,12.8286,3.5429,1.4857,0.3714,0.1714,0.6000,3.7429,2.6571,0.9714,0.6000,0.1714,0.5714,0.4194,0.4615,fold,verified,
Lauri Markkanen,UTA,UTAH,42,34.3571,19.1667,9.1429,6.3810,5.7143,2.7381,26.7381,6.8810,2.1190,1.0000,0.5000,1.5000,0.4770,0.8955,fold,verified,
Lawson Lovering,MEM,MEM,2,24.5000,5.0000,3.0000,2.5000,1.0000,0.0000,7.0000,7.5000,1.5000,1.5000,0.5000,1.0000,0.6000,0.4000,fold,verified,
LeBron James,LAL,LAL,60,33.1500,15.3167,7.8833,5.2667,3.8833,1.2833,20.9333,6.0667,7.2000,1.2000,0.5833,2.9833,0.5147,0.7373,fold,verified,
Leaky Black,WAS,WSH,15,28.8667,6.8667,2.6667,0.5333,0.4667,1.2667,7.0667,5.0000,1.4667,1.2000,0.5333,0.9333,0.3883,0.8750,fold,verified,
Leonard Miller,2TM,CHI,46,15.6304,5.6957,3.1522,1.1522,0.8478,0.6957,7.8478,3.9348,0.8696,0.3696,0.3261,0.7826,0.5534,0.7358,fold,verified,
Liam McNeeley,CHO,CHA,31,11.8710,3.0645,1.2258,1.2581,1.0323,0.7742,4.2581,2.3548,0.7742,0.1613,0.0968,0.4194,0.4000,0.8205,fold,verified,
Lindy Waters III,SAS,SA,40,7.1250,2.2000,0.8250,0.0750,0.0500,0.6750,2.3750,0.7250,0.4750,0.1500,0.0250,0.1750,0.3750,0.6667,fold,verified,
Lonzo Ball,CLE,CLE,35,20.8000,5.0286,1.5143,0.6000,0.4000,1.1429,4.5714,4.0000,3.8857,1.2857,0.2571,1.4857,0.3011,0.6667,fold,verified,
Lucas Williamson,MEM,MEM,7,32.0000,10.7143,3.5714,1.1429,1.1429,2.1429,10.4286,5.4286,2.5714,1.5714,0.1429,1.4286,0.3333,1.0000,fold,verified,
Luguentz Dort,OKC,OKC,69,26.7971,7.5942,2.9275,0.8406,0.6377,1.8551,8.3478,3.5507,1.2319,0.8986,0.3913,0.7826,0.3855,0.7586,fold,verified,
Luka Dončić,LAL,LAL,64,35.7656,22.7656,10.8281,10.0781,7.8594,3.9688,33.4844,7.7344,8.2812,1.6406,0.5312,3.9844,0.4756,0.7798,fold,verified,
Luka Garza,BOS,BOS,69,16.2029,5.1739,2.9855,1.6957,1.3043,0.7971,8.0725,4.0725,0.9565,0.3913,0.4058,0.6667,0.5770,0.7692,fold,verified,
Luke Kennard,2TM,LAL,78,21.5385,5.6795,3.0256,0.8846,0.8077,1.5000,8.3590,2.3333,2.2308,0.7051,0.1026,0.7692,0.5327,0.9130,fold,verified,
Luke Kornet,SAS,SA,68,21.0294,4.0000,2.5735,1.6765,1.3824,0.0000,6.5294,6.0882,1.8529,0.4706,0.9559,0.4118,0.6434,0.8246,fold,verified,
Luke Travers,CLE,CLE,12,8.5833,3.0000,0.7500,0.7500,0.7500,0.0833,2.3333,2.0000,0.7500,0.5833,0.3333,0.2500,0.2500,1.0000,fold,verified,
Mac McClung,2TM,CHI,11,12.2727,5.3636,2.0909,1.6364,1.2727,0.6364,6.0909,0.9091,0.9091,1.0000,0.2727,0.8182,0.3898,0.7778,fold,verified,
Malachi Smith,BRK,BKN,15,23.9333,6.6000,3.2000,0.5333,0.5333,1.3333,8.2667,3.4000,3.2667,0.8000,0.2667,0.9333,0.4849,1.0000,fold,verified,
Malaki Branham,WAS,WSH,28,9.8214,3.2500,1.5357,1.2143,1.0000,0.5000,4.5714,1.5714,0.8214,0.3571,0.1071,0.5357,0.4725,0.8235,fold,verified,
Malevy Leons,GSW,GS,25,11.0400,2.8800,1.2800,0.7600,0.6000,0.1600,3.3200,2.1200,0.9200,0.5600,0.3600,0.5200,0.4444,0.7895,fold,verified,
Malik Monk,SAC,SAC,62,22.0000,10.1935,4.4677,1.7258,1.5161,2.0000,12.4516,1.8871,2.9839,0.5968,0.3871,1.4677,0.4383,0.8785,fold,verified,
MarJon Beauchamp,PHI,PHI,14,14.0000,5.4286,2.3571,1.3571,0.9286,1.1429,6.7857,2.2857,1.0714,0.6429,0.2857,0.9286,0.4342,0.6842,fold,verified,
Marcus Sasser,DET,DET,38,12.0263,4.6579,1.8158,0.4737,0.3947,1.1579,5.1842,1.0263,1.9737,0.5263,0.1053,0.8158,0.3898,0.8333,fold,verified,
Marcus Smart,LAL,LAL,62,28.5323,7.6774,3.0323,2.0806,1.7097,1.5645,9.3387,2.7742,2.9839,1.4032,0.3710,1.4839,0.3950,0.8217,fold,verified,
Mark Sears,MIL,MIL,7,3.7143,1.8571,0.8571,1.1429,0.8571,0.5714,3.1429,0.2857,0.2857,0.0000,0.0000,0.5714,0.4615,0.7500,fold,verified,
Mark Williams,PHO,PHX,60,23.6000,7.3000,4.7000,2.9167,2.2500,0.0167,11.6667,7.9500,0.9667,0.9167,0.9167,1.0833,0.6438,0.7714,fold,verified,
Markelle Fultz,TOR,TOR,5,7.2000,2.2000,0.4000,0.0000,0.0000,0.0000,0.8000,0.2000,1.6000,0.4000,0.0000,0.8000,0.1818,0.0000,fold,verified,
Marvin Bagley III,2TM,DAL,60,20.0167,6.8500,4.2333,2.4000,1.5833,0.4000,10.4500,6.1000,1.4167,0.4667,0.7167,1.0167,0.6180,0.6597,fold,verified,
Mason Plumlee,2TM,SA,20,8.5500,0.7000,0.5500,0.7000,0.4500,0.0000,1.5500,2.6500,1.0000,0.5000,0.0000,0.6000,0.7857,0.6429,fold,verified,
Matas Buzelis,CHI,CHI,77,29.1948,12.5065,5.7922,3.0909,2.4286,2.2468,16.2597,5.8182,2.0519,0.7143,1.5065,2.0649,0.4631,0.7857,fold,verified,
Matisse Thybulle,POR,POR,30,16.0000,4.4667,1.9333,0.8333,0.7000,1.2333,5.8000,1.9667,0.9000,2.0000,0.5333,0.9333,0.4328,0.8400,fold,verified,
Max Christie,DAL,DAL,77,29.1429,9.4156,4.1558,1.8052,1.6234,2.3377,12.2727,3.2338,1.9610,0.6104,0.3506,1.2468,0.4414,0.8993,fold,verified,
Max Shulga,BOS,BOS,11,3.2727,0.7273,0.1818,0.1818,0.1818,0.0909,0.6364,0.5455,0.1818,0.0909,0.0000,0.2727,0.2500,1.0000,fold,verified,
Max Strus,CLE,CLE,12,24.0000,8.8333,3.9167,0.7500,0.5833,2.7500,11.1667,5.4167,2.0000,0.2500,0.0000,0.7500,0.4434,0.7778,fold,verified,
Maxi Kleber,LAL,LAL,43,10.7209,1.6977,0.7674,0.6047,0.3256,0.1395,2.0000,1.9535,0.6279,0.4186,0.2558,0.3953,0.4521,0.5385,fold,verified,
Maxime Raynaud,SAC,SAC,74,26.5405,9.0676,5.1757,2.2703,1.7838,0.3243,12.4595,7.5135,1.3514,0.5135,0.5270,1.2703,0.5708,0.7857,fold,verified,
Micah Peavy,NOP,NO,61,14.9672,4.5082,1.7377,0.4754,0.3607,0.4590,4.2951,1.9180,1.0000,0.7049,0.1475,0.3279,0.3854,0.7586,fold,verified,
Micah Potter,IND,IND,47,19.3191,6.2340,3.2128,2.1489,1.8085,1.5106,9.7447,4.9574,1.4681,0.4681,0.3191,1.0000,0.5154,0.8416,fold,verified,
Michael Porter Jr.,BRK,BKN,52,32.4808,18.4231,8.5385,4.3654,3.7500,3.3846,24.2115,7.0577,3.0385,1.0577,0.2500,2.3462,0.4635,0.8590,fold,verified,
Mikal Bridges,NYK,NY,82,32.8293,11.7439,5.7561,1.1951,0.9878,1.9024,14.4024,3.8049,3.7073,1.3049,0.7561,1.0122,0.4901,0.8265,fold,verified,
Mike Conley,MIN,MIN,54,18.3519,3.9815,1.3333,0.9259,0.8333,1.0370,4.5370,1.7222,2.9074,0.6481,0.2593,0.6296,0.3349,0.9000,fold,verified,
Miles Bridges,CHO,CHA,77,31.0000,13.5325,6.2208,3.2857,2.7013,1.9221,17.0649,5.8442,3.1948,0.5974,0.4416,1.3896,0.4597,0.8221,fold,verified,
Miles Kelly,DAL,DAL,14,9.5714,3.1429,1.1429,0.0714,0.0714,0.7143,3.0714,1.7143,0.8571,0.2857,0.0714,0.4286,0.3636,1.0000,fold,verified,
Miles McBride,NYK,NY,41,26.3415,9.8537,4.1707,1.1463,0.9024,2.7317,11.9756,2.4390,2.5854,0.8537,0.2195,0.8049,0.4233,0.7872,fold,verified,
Mitchell Robinson,NYK,NY,60,19.5833,3.4333,2.4833,1.7167,0.7000,0.0000,5.6667,8.7500,0.8667,0.9333,1.1667,0.6833,0.7233,0.4078,fold,verified,
Mo Bamba,2TM,TOR,4,11.0000,2.7500,1.2500,0.0000,0.0000,0.0000,2.5000,5.5000,0.2500,0.0000,0.7500,0.5000,0.4546,0.0000,fold,verified,
Mohamed Diawara,NYK,NY,69,9.1884,3.0870,1.3043,0.3478,0.2609,0.6957,3.5652,1.3623,0.7681,0.2464,0.0870,0.4348,0.4225,0.7500,fold,verified,
Monte Morris,IND,IND,6,10.8333,3.3333,1.1667,0.6667,0.3333,0.3333,3.0000,1.1667,1.5000,0.1667,0.1667,0.3333,0.3500,0.5000,fold,verified,
Moritz Wagner,ORL,ORL,36,11.8611,5.4167,2.3056,2.0000,1.6389,0.6111,6.8611,3.1944,0.7500,0.4167,0.0556,0.5278,0.4256,0.8194,fold,verified,
Moses Moody,GSW,GS,60,25.6667,9.2833,4.0833,1.8833,1.4500,2.5167,12.1333,3.3333,1.6333,0.9667,0.5667,0.9500,0.4399,0.7699,fold,verified,
Mouhamadou Gueye,CHI,CHI,2,22.5000,5.5000,3.0000,2.0000,1.5000,0.5000,8.0000,3.0000,3.0000,1.0000,0.5000,1.5000,0.5454,0.7500,fold,verified,
Mouhamed Gueye,ATL,ATL,77,15.3117,3.7662,1.7013,0.8052,0.5195,0.5195,4.4416,3.5714,0.8961,0.7922,0.5065,0.4286,0.4517,0.6452,fold,verified,
Moussa Cisse,DAL,DAL,38,13.9474,3.0263,1.7368,2.1316,1.0000,0.0000,4.4737,5.6842,0.2368,0.5000,1.1842,0.7895,0.5739,0.4691,fold,verified,
Moussa Diabaté,CHO,CHA,73,26.0137,4.9726,3.1370,2.4110,1.5890,0.0137,7.8767,8.6986,1.9315,0.7671,0.9863,1.0000,0.6308,0.6591,fold,verified,
Myles Turner,MIL,MIL,71,26.9296,9.0986,4.0000,2.4930,1.8451,2.0704,11.9155,5.3239,1.4507,0.7042,1.6197,1.1690,0.4396,0.7401,fold,verified,
Myron Gardner,MIA,MIA,45,9.1333,2.7333,1.3111,0.5778,0.4222,0.5778,3.6222,2.7111,0.9778,0.4444,0.1778,0.3778,0.4797,0.7308,fold,verified,
N'Faly Dante,ATL,ATL,4,3.7500,1.0000,0.2500,0.2500,0.2500,0.0000,0.7500,1.7500,0.0000,0.5000,0.0000,0.2500,0.2500,1.0000,fold,verified,
Nae'Qwan Tomlin,CLE,CLE,64,15.6875,4.9062,2.3438,0.9531,0.7344,0.4219,5.8438,2.9062,0.8281,0.6406,0.5312,0.4531,0.4777,0.7705,fold,verified,
Naji Marshall,DAL,DAL,74,29.5135,11.0946,5.6622,4.0541,3.0811,0.8378,15.2432,4.7027,3.2568,1.1081,0.0811,1.6081,0.5103,0.7600,fold,verified,
Nate Williams,GSW,GS,14,17.0714,6.2857,3.0714,1.0714,0.9286,0.9286,8.0000,2.1429,1.0000,0.3571,0.0000,1.0714,0.4886,0.8667,fold,verified,
Naz Reid,MIN,MIN,77,26.0649,11.3117,5.1558,1.5974,1.1688,2.1039,13.5844,6.1948,2.2078,0.9870,1.0130,1.6364,0.4558,0.7317,fold,verified,
Neemias Queta,BOS,BOS,76,25.3421,6.5658,4.2895,2.3026,1.6184,0.0132,10.2105,8.3684,1.6579,0.7895,1.3158,0.9868,0.6533,0.7029,fold,verified,
Nic Claxton,BRK,BKN,69,27.8261,8.4493,4.8261,3.3188,2.0435,0.0435,11.7391,6.9275,3.6667,0.6522,1.1159,1.3913,0.5712,0.6157,fold,verified,
Nick Richards,2TM,CHI,48,14.6042,4.1875,2.1458,2.1042,1.3542,0.1042,5.7500,5.0625,0.3333,0.2083,0.6667,1.2292,0.5124,0.6436,fold,verified,
Nick Smith Jr.,LAL,LAL,30,12.5000,5.3667,2.3333,0.5000,0.3667,1.1333,6.1667,0.7667,1.0333,0.3000,0.0667,0.7000,0.4348,0.7333,fold,verified,
Nickeil Alexander-Walker,ATL,ATL,78,33.3718,15.3205,7.0256,3.9359,3.5513,3.2179,20.8205,3.4359,3.6667,1.3077,0.5385,2.0769,0.4586,0.9023,fold,verified,
Nicolas Batum,LAC,LAC,74,17.5000,3.2162,1.2973,0.1486,0.1216,1.2432,3.9595,2.4865,0.8649,0.6351,0.3108,0.5000,0.4034,0.8182,fold,verified,
Nigel Hayes-Davis,PHO,PHX,27,7.2222,1.7037,0.5556,0.1481,0.0741,0.0741,1.2593,1.2222,0.2593,0.2963,0.0741,0.2963,0.3261,0.5000,fold,verified,
Nikola Jokić,DEN,DEN,65,34.8462,17.4154,9.9077,7.3846,6.1385,1.7231,27.6769,12.8615,10.7231,1.4154,0.8154,3.7385,0.5689,0.8313,fold,verified,
Nikola Jović,MIA,MIA,47,17.1915,6.6809,2.4468,2.1489,1.4681,0.9574,7.3191,3.2553,2.1702,0.5532,0.3617,1.3830,0.3662,0.6832,fold,verified,
Nikola Topić,OKC,OKC,10,16.0000,5.1000,2.2000,0.5000,0.2000,0.6000,5.2000,1.9000,4.4000,0.5000,0.0000,2.5000,0.4314,0.4000,fold,verified,
Nikola Vučević,2TM,BOS,64,28.4062,12.4844,6.1562,1.4531,1.2031,1.5625,15.0781,8.3906,3.3281,0.6094,0.6406,1.3281,0.4931,0.8280,fold,verified,
Nique Clifford,SAC,SAC,75,25.0933,7.9467,3.3200,1.2933,0.9333,1.0267,8.6000,3.7600,2.3867,0.9067,0.3200,1.5467,0.4178,0.7217,fold,verified,
Noa Essengue,CHI,CHI,2,3.0000,1.5000,0.0000,0.0000,0.0000,0.0000,0.0000,0.0000,0.0000,0.5000,0.0000,0.0000,0.0000,0.0000,fold,verified,
Noah Clowney,BRK,BKN,66,26.9697,9.5606,3.7879,3.3939,2.7273,1.9545,12.2576,4.1364,1.6364,0.7576,0.6818,1.5455,0.3962,0.8036,fold,verified,
Noah Penda,ORL,ORL,59,12.8305,3.4407,1.3898,0.8136,0.5593,0.5085,3.8475,3.1695,1.1864,0.5085,0.3051,0.7119,0.4039,0.6875,fold,verified,
Nolan Traoré,BRK,BKN,56,22.1964,8.5536,3.2500,1.6786,1.3214,1.0893,8.9107,1.7679,3.8036,0.8036,0.4107,2.3036,0.3800,0.7872,fold,verified,
Norchad Omier,LAC,LAC,6,4.0000,1.6667,1.1667,0.5000,0.5000,0.0000,2.8333,1.1667,0.3333,0.1667,0.0000,0.0000,0.7000,1.0000,fold,verified,
Norman Powell,MIA,MIA,58,29.6034,15.4310,7.2586,5.4828,4.5345,2.6897,21.7414,3.4828,2.4655,1.1034,0.2414,1.9138,0.4704,0.8270,fold,verified,
OG Anunoby,NYK,NY,67,33.1940,12.0000,5.8060,3.2985,2.7313,2.3433,16.6866,5.2388,2.1642,1.5522,0.7164,1.8358,0.4838,0.8281,fold,verified,
Obi Toppin,IND,IND,24,17.6667,8.2917,4.1667,1.9167,1.7500,1.5417,11.6250,4.4167,2.2917,0.5000,0.0417,1.1667,0.5025,0.9130,fold,verified,
Ochai Agbaji,2TM,BKN,62,15.6935,4.5161,1.9677,0.6935,0.5806,0.5484,5.0645,2.2742,0.7581,0.3871,0.2742,0.5000,0.4357,0.8372,fold,verified,
Olivier Sarr,CLE,CLE,4,9.7500,1.7500,1.2500,1.2500,0.5000,0.5000,3.5000,2.7500,1.2500,0.5000,0.7500,0.5000,0.7143,0.4000,fold,verified,
Olivier-Maxence Prosper,MEM,MEM,53,18.5660,6.6038,3.6226,2.1509,1.6226,1.1321,10.0000,3.5283,0.9623,0.7547,0.2453,0.8868,0.5486,0.7544,fold,verified,
Omer Yurtseven,GSW,GS,9,11.5556,2.8889,1.2222,2.0000,1.3333,0.0000,3.7778,3.3333,0.8889,0.2222,0.1111,1.0000,0.4231,0.6667,fold,verified,
Onyeka Okongwu,ATL,ATL,74,31.0405,11.6216,5.5811,2.7297,2.0676,1.9459,15.1757,7.5946,3.1216,1.1081,1.0676,1.7162,0.4802,0.7574,fold,verified,
Orlando Robinson,ORL,ORL,4,6.2500,1.2500,0.7500,0.0000,0.0000,0.2500,1.7500,1.0000,0.7500,0.2500,0.0000,0.0000,0.6000,0.0000,fold,verified,
Oscar Tshiebwe,UTA,UTAH,27,16.5926,5.3704,3.4074,1.8148,1.0000,0.0000,7.8148,6.6296,1.1852,0.5926,0.1852,0.7778,0.6345,0.5510,fold,verified,
Oso Ighodaro,PHO,PHX,82,22.0488,4.4634,2.9146,1.4268,0.6463,0.0000,6.4756,5.0976,2.2561,0.8902,0.6951,1.2317,0.6530,0.4530,fold,verified,
Ousmane Dieng,2TM,MIL,57,19.2807,6.9825,2.9474,0.7895,0.5614,1.1053,7.5614,3.1579,2.3860,0.4386,0.2982,1.3158,0.4221,0.7111,fold,verified,
P.J. Washington,DAL,DAL,56,31.0000,11.7500,5.2857,3.2500,2.2321,1.3571,14.1607,7.0357,1.7500,0.9821,1.0714,1.6786,0.4499,0.6868,fold,verified,
PJ Hall,2TM,CHA,19,11.2105,3.1053,1.5789,1.5263,1.2105,0.1579,4.5263,3.9474,0.5263,0.1579,0.5263,0.8421,0.5085,0.7931,fold,verified,
Pacôme Dadiet,NYK,NY,29,4.6897,1.6552,0.5517,0.3793,0.3103,0.2414,1.6552,0.9310,0.4138,0.1034,0.0345,0.1034,0.3333,0.8182,fold,verified,
Paolo Banchero,ORL,ORL,72,34.7500,16.0000,7.3472,8.1944,6.3472,1.1667,22.2083,8.3889,5.1806,0.7083,0.5556,3.0833,0.4592,0.7746,fold,verified,
Pascal Siakam,IND,IND,62,33.1774,18.6290,9.0161,6.0968,4.2258,1.6935,23.9516,6.6290,3.8065,1.1129,0.4032,2.2258,0.4840,0.6931,fold,verified,
Pat Connaughton,CHO,CHA,42,7.0714,2.0238,0.9048,0.4762,0.3095,0.5000,2.6190,1.4524,0.4286,0.2619,0.0238,0.2619,0.4471,0.6500,fold,verified,
Pat Spencer,GSW,GS,66,18.6212,6.6061,2.8182,0.8636,0.6667,0.9091,7.2121,2.3939,3.5152,0.7273,0.0758,1.2879,0.4266,0.7719,fold,verified,
Patrick Baldwin Jr.,3TM,SAC,9,11.3333,3.0000,1.2222,0.7778,0.5556,0.6667,3.6667,2.5556,0.5556,0.3333,0.5556,0.5556,0.4074,0.7143,fold,verified,
Patrick Williams,CHI,CHI,72,20.4722,6.6389,2.4722,1.0417,0.7500,1.3194,7.0139,2.9861,1.4583,0.6806,0.3611,1.0417,0.3724,0.7200,fold,verified,
Paul George,PHI,PHI,37,30.6757,13.8649,6.0811,3.0000,2.4595,2.7027,17.3243,5.2973,3.5946,1.6757,0.4324,1.7297,0.4386,0.8198,fold,verified,
Paul Reed,DET,DET,65,13.8615,5.2154,3.2154,1.6923,1.1231,0.2000,7.7538,4.5231,1.2308,0.8769,0.9231,0.8923,0.6165,0.6636,fold,verified,
Payton Pritchard,BOS,BOS,79,32.3544,13.8101,6.4051,1.7215,1.5316,2.6835,17.0253,3.9494,5.1646,0.7342,0.1266,1.3797,0.4638,0.8897,fold,verified,
Payton Sandfort,OKC,OKC,4,15.7500,6.5000,3.2500,1.0000,0.5000,1.7500,8.7500,2.5000,0.0000,0.2500,0.0000,0.2500,0.5000,0.5000,fold,verified,
Pelle Larsson,MIA,MIA,70,26.4143,7.9857,3.9571,3.3000,2.6286,0.8857,11.4286,3.4857,3.3714,0.7000,0.2286,1.4429,0.4955,0.7965,fold,verified,
Pete Nance,MIL,MIL,47,15.6809,4.1277,2.1277,0.2340,0.0851,1.0638,5.4043,2.6596,1.0213,0.2979,0.2979,0.5532,0.5155,0.3636,fold,verified,
Peyton Watson,DEN,DEN,54,29.5926,10.7593,5.2778,3.5000,2.5556,1.5000,14.6111,4.8889,2.0556,0.9259,1.1296,1.7222,0.4905,0.7302,fold,verified,
Precious Achiuwa,SAC,SAC,73,23.9041,8.1918,4.3288,1.9041,1.0548,0.3699,10.0822,6.7397,1.3836,0.8904,0.6849,0.8904,0.5284,0.5540,fold,verified,
Quentin Grimes,PHI,PHI,75,29.4133,10.0667,4.5333,3.1600,2.6533,1.6933,13.4133,3.6400,3.2533,0.8533,0.3733,1.7733,0.4503,0.8397,fold,verified,
Quenton Jackson,IND,IND,49,18.3061,6.6939,3.1429,2.4286,2.0000,0.8571,9.1429,2.3265,2.8571,0.6327,0.1224,1.2653,0.4695,0.8235,fold,verified,
Quinten Post,GSW,GS,67,17.2985,6.5522,2.8806,0.6418,0.5075,1.3881,7.6567,4.0149,1.4030,0.3881,0.5224,0.8358,0.4396,0.7907,fold,verified,
RJ Barrett,TOR,TOR,57,30.2807,14.3158,7.0351,4.8947,3.5088,1.6842,19.2632,5.2632,3.3158,0.7368,0.3333,1.7368,0.4914,0.7168,fold,verified,
Rasheer Fleming,PHO,PHX,55,12.2364,3.9091,1.5818,0.6182,0.3455,0.8182,4.3273,2.2545,0.2909,0.4000,0.3818,0.5273,0.4047,0.5588,fold,verified,
RayJ Dennis,3TM,ATL,17,12.1176,4.8824,1.5294,0.5294,0.4706,0.8235,4.3529,1.5294,1.9412,0.2353,0.2353,1.0000,0.3133,0.8889,fold,verified,
Rayan Rupert,2TM,MEM,64,16.7656,4.8906,1.9219,0.8438,0.6562,0.6875,5.1875,2.9375,1.0625,0.8594,0.1406,0.8594,0.3930,0.7778,fold,verified,
Reed Sheppard,HOU,HOU,82,26.1829,11.5366,4.9634,1.0488,0.8415,2.7683,13.5366,2.9024,3.3780,1.4878,0.6585,1.5000,0.4302,0.8023,fold,verified,
Riley Minix,2TM,CLE,9,6.4444,2.5556,1.5556,0.3333,0.3333,0.4444,3.8889,0.6667,0.5556,0.2222,0.1111,0.3333,0.6087,1.0000,fold,verified,
Rob Dillingham,2TM,CHI,65,14.9231,6.3385,2.5077,0.8462,0.6308,0.6462,6.2923,2.0154,2.2000,0.7231,0.0923,1.5385,0.3956,0.7454,fold,verified,
Robert Williams,POR,POR,59,17.0847,4.2373,3.0000,0.9661,0.5763,0.1525,6.7288,7.0339,1.0169,0.5932,1.4746,0.8305,0.7080,0.5965,fold,verified,
Rocco Zikarsky,MIN,MIN,5,7.2000,1.6000,1.0000,0.8000,0.8000,0.0000,2.8000,2.8000,0.4000,0.0000,1.0000,0.2000,0.6250,1.0000,fold,verified,
Ron Harper Jr.,BOS,BOS,29,10.9655,3.7931,1.5862,0.1379,0.1034,0.9655,4.2414,1.6552,0.7586,0.3448,0.3103,0.2759,0.4182,0.7500,fold,verified,
Ron Holland,DET,DET,78,19.8718,6.9744,3.0128,1.9103,1.5385,0.6410,8.2051,4.0385,1.2179,1.1795,0.3462,1.2308,0.4320,0.8054,key3,verified,
Royce O'Neale,PHO,PHX,78,28.3718,8.0128,3.3718,0.4872,0.3462,2.7179,9.8077,4.7692,2.6667,1.0769,0.4103,1.3205,0.4208,0.7105,fold,verified,
Rudy Gobert,MIN,MIN,76,31.3158,6.4605,4.4079,3.9737,2.0921,0.0000,10.9079,11.4737,1.6842,0.7632,1.6316,1.3947,0.6823,0.5265,fold,verified,
Rui Hachimura,LAL,LAL,68,28.3382,8.7794,4.5147,1.0588,0.7353,1.7059,11.4706,3.3235,0.8382,0.5735,0.3088,0.6176,0.5142,0.6944,fold,verified,
Russell Westbrook,SAC,SAC,64,28.9531,13.1094,5.5938,2.8594,1.9844,2.0000,15.1719,5.4375,6.6562,1.2969,0.1875,3.2656,0.4267,0.6940,fold,verified,
Ryan Dunn,PHO,PHX,70,19.3571,5.1714,2.3429,0.6714,0.3286,0.8000,5.8143,4.2429,1.4571,0.8571,0.4143,0.8000,0.4530,0.4894,fold,verified,
Ryan Kalkbrenner,CHO,CHA,69,21.4348,4.2174,3.1739,1.6812,1.2029,0.0000,7.5507,5.4638,0.7826,0.4638,1.4638,0.8986,0.7526,0.7155,fold,verified,
Ryan Nembhard,DAL,DAL,60,19.5167,6.5000,2.7000,0.5167,0.4167,0.8000,6.6167,2.2167,5.2667,0.4167,0.0333,1.4167,0.4154,0.8064,fold,verified,
Ryan Rollins,MIL,MIL,74,32.0946,13.9189,6.5676,2.1216,1.6892,2.4865,17.3108,4.5676,5.5946,1.4865,0.4189,2.7162,0.4718,0.7962,fold,verified,
Saddiq Bey,NOP,NO,72,31.1944,13.4306,6.0556,4.0972,3.4444,2.0972,17.6528,5.5556,2.5278,0.9444,0.0972,0.9444,0.4509,0.8407,fold,verified,
Sam Hauser,BOS,BOS,78,24.7949,7.7051,3.2308,0.2564,0.2179,2.5385,9.2179,3.8462,1.4615,0.4872,0.2949,0.4487,0.4193,0.8500,fold,verified,
Sam Merrill,CLE,CLE,52,26.4808,9.3077,4.2885,1.3269,1.1346,3.0385,12.7500,2.5577,2.4038,0.6346,0.1346,0.8077,0.4607,0.8551,fold,verified,
Sandro Mamukelashvili,TOR,TOR,80,21.8875,7.8875,4.1250,1.9750,1.4750,1.4375,11.1625,4.9375,1.8875,0.8000,0.5125,0.8375,0.5230,0.7468,fold,verified,
Santi Aldama,MEM,MEM,43,27.8605,11.0698,5.3023,2.6512,1.7674,1.6279,14.0000,6.6744,2.9302,0.8605,0.7209,1.2791,0.4790,0.6667,fold,verified,
Scoot Henderson,POR,POR,30,24.9333,11.4000,4.7667,3.3333,2.8000,1.9000,14.2333,2.6667,3.7333,0.9000,0.3000,2.4333,0.4181,0.8400,fold,verified,
Scottie Barnes,TOR,TOR,80,33.5125,14.0375,7.1125,3.7125,3.0250,0.8500,18.1000,7.5000,5.9250,1.4250,1.4500,2.6250,0.5067,0.8148,fold,verified,
Scotty Pippen Jr.,MEM,MEM,10,21.2000,9.6000,4.3000,2.3000,1.8000,1.0000,11.4000,2.2000,4.7000,1.9000,0.4000,2.7000,0.4479,0.7826,fold,verified,
Sean Pedulla,LAC,LAC,7,4.4286,2.1429,0.7143,0.0000,0.0000,0.4286,1.8571,0.4286,0.7143,0.0000,0.0000,0.1429,0.3333,0.0000,fold,verified,
Seth Curry,GSW,GS,10,13.3000,4.9000,2.4000,1.2000,1.1000,1.2000,7.1000,1.2000,1.0000,0.3000,0.0000,0.2000,0.4898,0.9167,fold,verified,
Shaedon Sharpe,POR,POR,50,29.4200,17.3600,7.8400,3.9400,3.1000,2.0600,20.8400,4.3400,2.6400,1.4000,0.1200,2.9400,0.4516,0.7868,fold,verified,
Shai Gilgeous-Alexander,OKC,OKC,68,33.2206,19.4265,10.7500,9.0294,7.9412,1.6912,31.1324,4.2941,6.5882,1.3971,0.7647,2.2206,0.5534,0.8795,fold,verified,
Sharife Cooper,WAS,WSH,41,17.0732,6.0244,3.0976,1.4634,1.2195,0.7073,8.1220,2.0976,3.0244,0.3902,0.1220,1.4878,0.5142,0.8333,fold,verified,
Sidy Cissoko,POR,POR,75,19.1333,4.4533,1.7733,1.1733,0.7733,0.7867,5.1067,2.2133,1.4667,0.6933,0.3333,0.9333,0.3982,0.6591,fold,verified,
Simone Fontecchio,MIA,MIA,70,16.7429,6.7286,2.7714,1.4571,1.2286,1.7571,8.5286,3.0143,1.4429,0.5286,0.1286,0.7000,0.4119,0.8431,fold,verified,
Sion James,CHO,CHA,82,22.4756,4.5366,1.6829,1.1951,1.0000,1.0122,5.3780,3.5000,1.9878,0.6341,0.2439,0.7927,0.3710,0.8367,fold,verified,
Skal Labissière,WAS,WSH,3,12.6667,3.3333,2.0000,0.0000,0.0000,0.3333,4.3333,3.0000,1.0000,0.6667,0.3333,0.3333,0.6000,0.0000,fold,verified,
Spencer Jones,DEN,DEN,64,22.1406,4.0938,2.0625,0.7969,0.4844,0.8906,5.5000,3.2656,0.7969,0.8125,0.4531,0.4844,0.5038,0.6078,fold,verified,
Stanley Umude,SAS,SA,2,3.5000,1.0000,0.5000,0.0000,0.0000,0.0000,1.0000,0.0000,0.5000,0.5000,0.0000,0.0000,0.5000,0.0000,fold,verified,
Stephen Curry,GSW,GS,43,30.9070,18.5814,8.6977,5.1395,4.7442,4.4186,26.5581,3.5814,4.7209,1.1395,0.3953,2.8140,0.4681,0.9231,fold,verified,
Stephon Castle,SAS,SA,68,29.9706,12.0147,5.6618,5.6471,4.1471,1.1912,16.6618,5.3235,7.3824,1.1471,0.2794,3.1912,0.4712,0.7344,fold,verified,
Steven Adams,HOU,HOU,32,22.8125,4.3438,2.1875,2.5312,1.4688,0.0000,5.8438,8.6250,1.5000,0.6875,0.6250,1.0938,0.5036,0.5803,fold,verified,
Svi Mykhailiuk,UTA,UTAH,50,23.1200,7.2400,3.4600,0.5600,0.5000,1.9600,9.3800,2.4800,1.8600,0.5200,0.0600,0.8400,0.4779,0.8929,fold,verified,
T.J. McConnell,IND,IND,56,17.1964,8.0357,4.3214,0.5179,0.4464,0.2857,9.3750,2.2143,5.1250,1.0000,0.1786,1.1429,0.5378,0.8621,fold,verified,
Taelon Peter,IND,IND,38,12.9474,4.1579,1.5789,0.4211,0.2632,1.0789,4.5000,1.5526,1.0526,0.6842,0.1053,0.7105,0.3797,0.6250,fold,verified,
Taj Gibson,MEM,MEM,10,9.7000,2.6000,1.2000,0.8000,0.7000,0.3000,3.4000,2.7000,0.6000,0.2000,0.1000,0.1000,0.4615,0.8750,fold,verified,
Tari Eason,HOU,HOU,60,25.8167,9.6667,4.0167,1.1167,0.8667,1.5500,10.4500,6.2667,1.5000,1.2000,0.4667,1.3500,0.4155,0.7761,fold,verified,
Taurean Prince,MIL,MIL,26,23.5000,7.3462,3.3077,0.2308,0.2308,2.3462,9.1923,3.1154,1.7692,0.6154,0.2308,1.1923,0.4503,1.0000,fold,verified,
Taylor Hendricks,2TM,MEM,59,18.9492,6.0169,2.7627,1.2203,0.8305,1.0678,7.4237,3.7458,0.9322,0.8475,0.5085,0.8475,0.4592,0.6806,fold,verified,
Terance Mann,BRK,BKN,63,24.2698,5.8413,2.6667,1.2698,1.0000,0.8889,7.2222,3.1746,3.0159,0.6508,0.2381,1.1270,0.4565,0.7875,fold,verified,
Terrence Shannon Jr.,MIN,MIN,43,12.5116,3.9767,1.7907,1.6279,1.3023,0.7209,5.6047,1.1395,0.8837,0.3256,0.0233,0.5581,0.4503,0.8000,fold,verified,
Thanasis Antetokounmpo,MIL,MIL,34,4.3529,0.9412,0.4412,0.8824,0.5000,0.0000,1.3824,0.8824,0.4412,0.3824,0.1765,0.2941,0.4688,0.5667,fold,verified,
Thomas Bryant,CLE,CLE,60,12.2000,4.4500,2.2500,1.1000,0.8833,0.7833,6.1667,3.4167,0.5500,0.3000,0.4333,0.4667,0.5056,0.8030,fold,verified,
Tidjane Salaün,CHO,CHA,37,15.5405,4.2973,2.1622,1.0811,0.7027,0.9730,6.0000,4.0270,0.7297,0.4324,0.1892,0.7027,0.5031,0.6500,fold,verified,
Tim Hardaway Jr.,DEN,DEN,80,26.5875,9.7375,4.3500,2.4500,1.9875,2.8000,13.4875,2.5750,1.3500,0.5250,0.1250,0.5375,0.4467,0.8112,fold,verified,
Tobias Harris,DET,DET,63,27.6984,10.4603,4.9048,2.4921,2.1587,1.3016,13.2698,5.1270,2.4921,0.9206,0.4127,1.0000,0.4689,0.8662,fold,verified,
Toby Okani,MEM,MEM,6,36.1667,11.6667,4.1667,1.3333,0.1667,1.5000,10.0000,3.5000,1.0000,0.6667,0.5000,0.5000,0.3571,0.1250,fold,verified,
Tolu Smith,DET,DET,15,9.1333,2.4000,1.2000,2.0000,1.3333,0.0000,3.7333,3.2667,0.8667,0.1333,0.4000,0.4667,0.5000,0.6667,fold,verified,
Tony Bradley,2TM,ATL,41,11.0000,2.8537,1.5610,1.0488,0.7805,0.0488,3.9512,2.8293,0.5366,0.1463,0.1707,0.4390,0.5470,0.7442,fold,verified,
Tosan Evbuomwan,NYK,NY,5,1.6000,0.2000,0.0000,0.0000,0.0000,0.0000,0.0000,0.4000,0.0000,0.0000,0.0000,0.0000,0.0000,0.0000,fold,verified,
Toumani Camara,POR,POR,82,33.3049,10.8659,4.7805,1.6707,1.1829,2.6707,13.4146,5.1341,2.4512,1.1463,0.4268,1.7561,0.4400,0.7080,fold,verified,
Trae Young,2TM,WSH,15,25.6000,11.8000,5.4000,6.4667,5.3333,1.8000,17.9333,2.0000,8.0000,0.8667,0.1333,2.6000,0.4576,0.8247,fold,verified,
Trayce Jackson-Davis,2TM,TOR,53,9.3585,2.3396,1.3396,1.3962,0.7170,0.0189,3.4151,2.7358,0.7358,0.3208,0.4528,0.4340,0.5726,0.5135,fold,verified,
Tre Johnson,WAS,WSH,60,24.0500,10.7833,4.5167,1.4500,1.2667,1.9167,12.2167,2.8333,2.0333,0.5500,0.3000,1.5500,0.4189,0.8736,fold,verified,
Tre Jones,CHI,CHI,65,26.9538,9.4923,5.2462,3.4923,2.9385,0.6308,14.0615,3.1385,5.3846,1.1692,0.1692,1.4154,0.5527,0.8414,fold,verified,
Tre Mann,CHO,CHA,53,12.6038,5.7170,2.0566,0.5094,0.4340,0.9434,5.4906,1.7358,1.6226,0.4717,0.0943,1.0189,0.3597,0.8518,fold,verified,
Tre Scott,BRK,BKN,6,30.3333,8.3333,3.1667,1.0000,0.6667,1.0000,8.0000,5.1667,1.6667,1.3333,0.8333,0.6667,0.3800,0.6667,key3,verified,
Trendon Watford,PHI,PHI,53,16.3019,5.0566,2.6038,1.4528,1.1321,0.1887,6.5283,3.2830,2.4906,0.3019,0.4151,1.2075,0.5149,0.7792,fold,verified,
Trentyn Flowers,CHI,CHI,2,3.0000,1.5000,1.0000,0.0000,0.0000,0.0000,2.0000,0.5000,0.5000,0.0000,0.0000,0.5000,0.6667,0.0000,fold,verified,
Trevor Keels,MIA,MIA,8,1.8750,1.5000,0.3750,0.0000,0.0000,0.2500,1.0000,0.2500,0.0000,0.1250,0.0000,0.0000,0.2500,0.0000,fold,verified,
Trey Alexander,NOP,NO,9,12.3333,4.1111,2.1111,0.5556,0.3333,0.6667,5.2222,1.2222,1.0000,0.6667,0.2222,0.3333,0.5135,0.6000,fold,verified,
Trey Jemison,NYK,NY,13,6.3077,0.7692,0.4615,0.0769,0.0769,0.0000,1.0000,1.3846,0.3846,0.0769,0.1538,0.7692,0.6000,1.0000,fold,verified,
Trey Murphy III,NOP,NO,66,35.4697,15.9091,7.4848,3.7273,3.3030,3.2424,21.5152,5.7121,3.7879,1.5000,0.3636,1.8182,0.4705,0.8862,fold,verified,
Tristan Da Silva,ORL,ORL,77,24.6623,8.0519,3.6234,1.2338,1.0909,1.5584,9.8961,3.6883,1.6104,0.8831,0.3247,0.8961,0.4500,0.8842,fold,verified,
Tristan Enaruna,CLE,CLE,9,9.4444,3.1111,1.5556,0.8889,0.6667,0.3333,4.1111,1.5556,0.7778,0.5556,0.0000,0.3333,0.5000,0.7500,fold,verified,
Tristan Vukcevic,WAS,WSH,49,13.6939,6.4694,3.1020,2.2653,1.7755,1.0204,9.0000,3.0000,1.1224,0.4694,0.6735,1.2653,0.4795,0.7838,fold,verified,
Tristen Newton,HOU,HOU,1,12.0000,9.0000,4.0000,3.0000,2.0000,2.0000,12.0000,3.0000,0.0000,1.0000,0.0000,0.0000,0.4444,0.6667,fold,verified,
Ty Jerome,MEM,MEM,15,22.6000,14.3333,6.8000,3.7333,3.2667,2.8000,19.6667,2.8000,5.6667,1.0667,0.2667,1.8000,0.4744,0.8750,fold,verified,
TyTy Washington Jr.,LAC,LAC,16,5.5000,1.1875,0.5625,0.0000,0.0000,0.1875,1.3125,0.3750,1.0625,0.3750,0.1875,0.1875,0.4737,0.0000,fold,verified,
Tyler Burton,MEM,MEM,12,25.5833,9.3333,3.5000,2.2500,1.9167,1.8333,10.7500,4.1667,1.0000,0.9167,0.3333,0.9167,0.3750,0.8518,fold,verified,
Tyler Herro,MIA,MIA,33,31.3030,15.6061,7.4848,3.2727,3.0000,2.5455,20.5152,4.7879,4.1212,0.6970,0.3636,1.9394,0.4796,0.9167,fold,verified,
Tyler Kolek,NYK,NY,62,11.7258,4.0000,1.7419,0.3226,0.2258,0.7097,4.4194,1.5806,2.7419,0.3548,0.0645,0.8871,0.4355,0.7000,fold,verified,
Tyler Smith,DAL,DAL,12,13.8333,4.1667,1.7500,0.5000,0.3333,0.8333,4.6667,2.7500,0.4167,0.5000,0.0000,0.5000,0.4200,0.6667,fold,verified,
Tyrese Martin,2TM,PHI,46,16.8913,6.0217,2.3696,0.6087,0.4130,1.1522,6.3043,2.5217,1.6957,0.5435,0.1304,0.8696,0.3935,0.6786,fold,verified,
Tyrese Maxey,PHI,PHI,70,38.0143,21.4429,9.9143,5.9571,5.3143,3.1429,28.2857,4.1429,6.5857,1.8571,0.7857,2.4429,0.4624,0.8921,fold,verified,
Tyrese Proctor,CLE,CLE,50,10.9000,4.5000,1.8600,0.9000,0.8000,0.9200,5.4400,1.2800,1.4800,0.5000,0.0000,0.8000,0.4133,0.8889,fold,verified,
Tyson Etienne,BRK,BKN,24,15.8333,6.0417,2.4167,1.5000,1.2500,1.7917,7.8750,1.1250,1.6667,0.4583,0.0000,0.6667,0.4000,0.8333,fold,verified,
Tyus Jones,3TM,DEN,67,14.6119,3.2537,1.1343,0.1343,0.1045,0.5970,2.9701,1.1343,2.3731,0.5522,0.0448,0.3731,0.3486,0.7778,fold,verified,
VJ Edgecombe,PHI,PHI,75,34.9733,13.7333,6.0133,2.4133,1.9733,1.9867,15.9867,5.6400,4.2000,1.4267,0.5200,1.8267,0.4379,0.8177,fold,verified,
Victor Wembanyama,SAS,SA,64,29.1562,16.8750,8.6406,7.0312,5.8125,1.9062,25.0000,11.5000,3.1094,1.0312,3.0781,2.4219,0.5120,0.8267,fold,verified,
Vince Williams Jr.,2TM,UTAH,40,20.4750,7.3000,2.5750,1.2500,0.9750,1.3750,7.5000,3.8750,4.1500,0.7250,0.4000,1.7500,0.3527,0.7800,fold,verified,
Vladislav Goldin,MIA,MIA,9,2.6667,0.4444,0.3333,0.1111,0.1111,0.0000,0.7778,1.0000,0.3333,0.0000,0.3333,0.3333,0.7500,1.0000,fold,verified,
Vít Krejčí,2TM,POR,65,21.4154,6.6000,2.9538,0.7846,0.5846,1.9692,8.4615,2.2769,1.5385,0.7231,0.2769,0.6308,0.4476,0.7451,fold,verified,
Walker Kessler,UTA,UTAH,5,30.8000,7.4000,5.2000,4.0000,2.8000,1.2000,14.4000,10.8000,3.0000,1.4000,1.8000,3.2000,0.7027,0.7000,fold,verified,
Walter Clayton,2TM,MEM,69,20.4493,6.6812,2.5652,1.7536,1.5797,1.0870,7.7971,2.0145,4.0435,0.6377,0.2754,1.6812,0.3840,0.9008,fold,verified,
Wendell Carter Jr.,ORL,ORL,78,29.3333,8.1667,4.1795,3.2051,2.5385,0.9231,11.8205,7.3974,1.9744,0.7692,0.6282,1.2821,0.5118,0.7920,fold,verified,
Wendell Moore Jr.,DET,DET,6,10.0000,1.1667,0.6667,0.3333,0.3333,0.0000,1.6667,1.0000,0.6667,0.3333,0.3333,0.1667,0.5714,1.0000,fold,verified,
Will Richard,GSW,GS,69,19.9565,5.0145,2.3478,0.7826,0.6667,1.0290,6.3913,2.4928,1.3478,1.1594,0.1304,0.7681,0.4682,0.8518,fold,verified,
Will Riley,WAS,WSH,74,22.0541,8.3514,3.6622,2.4324,1.9459,1.0541,10.3243,2.8649,1.9730,0.7297,0.1216,1.2703,0.4385,0.8000,fold,verified,
Xavier Tillman Sr.,2TM,CHA,30,6.1333,1.5333,0.6667,0.1333,0.0333,0.1000,1.4667,1.4333,0.4333,0.3000,0.1667,0.2667,0.4348,0.2500,fold,verified,
Yang Hansen,POR,POR,43,6.9767,2.3256,0.7209,0.7907,0.6512,0.1163,2.2093,1.5349,0.5116,0.0698,0.2326,0.7442,0.3100,0.8235,fold,verified,
Yanic Konan Niederhäuser,LAC,LAC,41,10.3415,2.4390,1.5610,1.5122,1.1463,0.0244,4.2927,2.8537,0.2927,0.1220,0.7317,0.5610,0.6400,0.7581,fold,verified,
Yuki Kawamura,CHI,CHI,18,11.6111,2.8889,0.9444,1.0556,0.9444,0.6111,3.4444,1.8333,2.6111,0.5000,0.0000,0.7778,0.3269,0.8947,fold,verified,
Yves Missi,NOP,NO,66,19.6515,4.4545,2.4242,1.5455,0.8636,0.0000,5.7121,5.8333,1.2727,0.3030,1.5303,0.8182,0.5442,0.5588,fold,verified,
Zaccharie Risacher,ATL,ATL,67,22.4328,8.0000,3.6418,1.3433,0.8657,1.4179,9.5672,3.8358,1.1343,0.8806,0.5373,0.8657,0.4552,0.6444,fold,verified,
Zach Collins,CHI,CHI,10,18.4000,6.4000,3.7000,2.0000,1.4000,0.9000,9.7000,5.6000,1.5000,0.2000,0.4000,1.0000,0.5781,0.7000,fold,verified,
Zach Edey,MEM,MEM,11,25.8182,8.9091,5.6364,2.9091,2.2727,0.0909,13.6364,11.0909,1.0909,0.6364,1.9091,2.3636,0.6326,0.7812,fold,verified,
Zach LaVine,SAC,SAC,39,31.3846,14.0256,6.7179,3.6410,3.2051,2.5385,19.1795,2.7692,2.2821,0.7179,0.2564,1.8974,0.4790,0.8803,fold,verified,
Zeke Nnaji,DEN,DEN,52,12.0385,2.9038,1.3654,0.8462,0.6538,0.2692,3.6538,2.6154,0.5577,0.3269,0.4615,0.5192,0.4702,0.7727,fold,verified,
Ziaire Williams,BRK,BKN,56,22.8750,7.7321,3.2857,2.5000,2.1250,1.5357,10.2321,2.3929,1.0714,1.3571,0.3750,1.0536,0.4249,0.8500,fold,verified,
Zion Williamson,NOP,NO,62,29.6935,13.0161,7.8065,7.5000,5.3710,0.0161,21.0000,5.6935,3.2097,0.9677,0.5484,2.0323,0.5997,0.7161,fold,verified,
Zyon Pullin,MIN,MIN,5,8.6000,2.6000,1.8000,0.8000,0.8000,0.2000,4.6000,0.6000,1.8000,0.2000,0.0000,0.6000,0.6923,1.0000,fold,verified,
