player,team,seasons_used,fg_pct,ft_pct,tpm,pts,reb,ast,stl,blk,tov,pool_fg_pct,pool_ft_pct,pool_tpm,pool_pts,pool_reb,pool_ast,pool_stl,pool_blk,pool_tov
Nikola Jokic,DEN,2025-26:65 2024-25:70 2023-24:79,0.575,0.818,1.62,27.95,12.68,10.06,1.53,0.77,3.38,0.580,0.810,1.4,29.0,12.4,10.4,1.7,0.7,3.2
Victor Wembanyama,SAS,2025-26:64 2024-25:46 2023-24:71,0.488,0.820,2.18,23.75,11.11,3.47,1.12,3.42,3.00,0.490,0.845,2.7,26.5,12.5,4.0,1.2,4.0,3.4
Shai Gilgeous-Alexander,OKC,2025-26:68 2024-25:76 2023-24:75,0.536,0.885,1.74,31.40,4.86,6.42,1.67,0.88,2.27,0.520,0.895,2.2,32.5,5.1,6.5,1.8,0.9,2.5
Luka Doncic,LAL,2025-26:64 2024-25:50 2023-24:70,0.472,0.782,3.88,32.13,8.29,8.55,1.61,0.50,3.89,0.470,0.800,3.8,33.5,8.5,8.5,1.5,0.4,3.8
Giannis Antetokounmpo,MIA,2025-26:36 2024-25:67 2023-24:73,0.610,0.639,0.35,29.65,11.21,6.21,0.99,1.00,3.22,0.598,0.630,0.3,30.8,11.7,6.3,0.9,1.1,3.2
Anthony Davis,WAS,2025-26:20 2024-25:51 2023-24:76,0.531,0.788,0.52,23.89,11.93,3.39,1.16,2.14,2.13,0.515,0.775,0.9,24.0,11.8,3.4,1.2,2.1,2.0
Cade Cunningham,DET,2025-26:64 2024-25:70 2023-24:62,0.461,0.835,2.01,24.41,5.44,9.05,1.16,0.70,3.88,0.475,0.850,2.2,27.5,6.3,9.4,1.1,0.7,4.2
Anthony Edwards,MIN,2025-26:61 2024-25:79 2023-24:79,0.466,0.821,3.35,27.55,5.36,4.41,1.26,0.67,3.02,0.455,0.840,4.2,28.5,5.8,4.8,1.3,0.6,3.3
Kevin Durant,HOU,2025-26:78 2024-25:62 2023-24:75,0.523,0.859,2.40,26.44,5.92,4.69,0.83,1.08,3.15,0.525,0.845,2.3,26.0,5.8,4.0,0.8,1.1,3.0
Jalen Williams,OKC,2025-26:33 2024-25:69 2023-24:71,0.501,0.808,1.41,19.63,4.72,5.03,1.34,0.56,1.96,0.488,0.795,2.0,22.5,5.5,5.4,1.7,0.7,2.6
Chet Holmgren,OKC,2025-26:69 2024-25:32 2023-24:82,0.536,0.785,1.40,16.54,8.40,1.98,0.65,2.10,1.60,0.500,0.760,1.7,17.5,8.8,2.4,0.9,2.4,1.5
Evan Mobley,CLE,2025-26:65 2024-25:71 2023-24:50,0.556,0.669,0.94,17.81,9.18,3.36,0.82,1.62,1.92,0.560,0.680,1.2,19.5,9.5,3.6,1.0,1.7,1.9
Donovan Mitchell,CLE,2025-26:70 2024-25:71 2023-24:55,0.465,0.852,3.25,26.22,4.64,5.51,1.51,0.32,2.56,0.450,0.870,3.7,24.5,4.4,5.2,1.4,0.3,2.5
Devin Booker,PHX,2025-26:64 2024-25:75 2023-24:68,0.467,0.883,2.18,26.16,4.11,6.63,0.86,0.29,2.94,0.465,0.890,2.2,26.0,4.2,7.0,0.9,0.4,3.0
Tyrese Maxey,PHI,2025-26:70 2024-25:52 2023-24:70,0.452,0.882,3.10,27.11,3.80,6.34,1.59,0.60,2.21,0.445,0.880,3.1,25.0,3.5,6.0,1.6,0.4,2.3
Karl-Anthony Towns,NYK,2025-26:75 2024-25:72 2023-24:62,0.511,0.851,1.82,21.91,11.39,3.04,0.87,0.62,2.63,0.525,0.830,2.1,24.8,12.5,3.2,1.0,0.8,2.9
Domantas Sabonis,SAC,2025-26:19 2024-25:70 2023-24:82,0.585,0.728,0.62,18.73,13.41,6.60,0.81,0.43,3.03,0.585,0.750,0.7,19.5,13.5,6.2,0.8,0.5,3.0
Alperen Sengun,HOU,2025-26:72 2024-25:76 2023-24:63,0.515,0.692,0.45,20.08,9.51,5.45,1.16,0.90,2.81,0.500,0.700,0.5,20.5,10.5,5.2,1.2,0.9,2.8
Jalen Brunson,NYK,2025-26:74 2024-25:65 2023-24:77,0.476,0.836,2.57,26.75,3.27,6.94,0.85,0.13,2.43,0.485,0.825,2.4,26.5,3.0,7.2,0.9,0.1,2.6
Trae Young,WAS,2025-26:15 2024-25:76 2023-24:54,0.422,0.863,2.83,23.80,2.85,10.85,1.19,0.17,4.29,0.415,0.870,2.4,23.5,3.2,9.8,1.3,0.2,4.2
Ja Morant,POR,2025-26:20 2024-25:50 2023-24:9,0.443,0.844,1.51,22.20,3.96,7.58,1.12,0.28,3.60,0.455,0.820,1.8,23.5,4.2,7.5,1.3,0.3,3.4
Jaren Jackson Jr.,UTA,2025-26:48 2024-25:74 2023-24:66,0.472,0.796,1.85,21.36,5.62,2.08,1.19,1.52,2.22,0.495,0.790,2.0,23.5,6.0,2.2,1.3,1.6,1.9
Stephen Curry,GSW,2025-26:43 2024-25:70 2023-24:74,0.455,0.927,4.55,25.73,4.18,5.35,1.01,0.40,2.84,0.450,0.930,4.3,24.0,4.3,5.9,1.0,0.4,2.8
Bam Adebayo,MIA,2025-26:73 2024-25:78 2023-24:71,0.475,0.768,1.12,19.19,9.96,3.76,1.20,0.74,1.94,0.490,0.770,0.8,16.5,9.8,3.8,1.3,0.8,2.1
Cooper Flagg,DAL,2025-26:70,0.468,0.827,1.03,21.04,6.66,4.51,1.20,0.91,2.30,0.480,0.780,1.7,21.0,8.5,4.5,1.4,1.2,2.6
Scottie Barnes,TOR,2025-26:80 2024-25:65 2023-24:60,0.479,0.786,1.13,18.83,7.73,5.92,1.39,1.30,2.72,0.450,0.760,1.3,20.5,8.0,6.0,1.5,1.1,2.9
Franz Wagner,ORL,2025-26:34 2024-25:60 2023-24:72,0.473,0.850,1.50,21.65,5.42,4.01,1.10,0.36,2.00,0.470,0.860,1.6,24.8,5.8,5.8,1.3,0.6,3.0
Paolo Banchero,ORL,2025-26:72 2024-25:46 2023-24:80,0.456,0.749,1.43,23.18,7.73,5.15,0.78,0.58,3.05,0.460,0.735,1.9,26.5,7.8,5.0,0.9,0.7,3.2
Jalen Johnson,ATL,2025-26:72 2024-25:36 2023-24:56,0.496,0.771,1.47,20.11,9.82,6.19,1.29,0.65,2.90,0.505,0.745,1.6,22.0,10.2,7.5,1.3,1.0,3.4
Amen Thompson,HOU,2025-26:79 2024-25:69 2023-24:62,0.541,0.739,0.29,15.02,7.65,4.26,1.42,0.83,2.07,0.560,0.700,0.4,16.5,8.8,4.5,1.5,1.3,2.1
LeBron James,PHI,2025-26:60 2024-25:70 2023-24:71,0.521,0.756,1.80,23.44,7.01,7.85,1.14,0.56,3.37,0.520,0.780,1.8,17.5,6.2,6.0,0.9,0.5,2.6
Jaylen Brown,PHI,2025-26:71 2024-25:63 2023-24:70,0.478,0.770,1.96,25.23,6.23,4.54,1.10,0.39,2.99,0.465,0.770,2.4,23.0,5.9,4.6,1.2,0.4,2.8
Ivica Zubac,IND,2025-26:48 2024-25:80 2023-24:68,0.623,0.692,0.00,14.56,11.08,2.17,0.49,1.06,1.54,0.625,0.670,0.0,17.0,12.4,2.8,0.7,1.1,1.7
De'Aaron Fox,SAS,2025-26:72 2024-25:62 2023-24:74,0.472,0.775,2.13,22.19,4.29,6.08,1.52,0.35,2.53,0.470,0.750,1.7,24.0,4.9,6.5,1.6,0.4,2.9
Jamal Murray,DEN,2025-26:75 2024-25:67 2023-24:59,0.480,0.882,2.79,23.19,4.17,6.63,1.05,0.48,2.17,0.475,0.885,2.6,21.8,4.0,6.2,1.3,0.3,2.2
James Harden,CLE,2025-26:70 2024-25:79 2023-24:72,0.423,0.879,2.92,21.59,5.23,8.36,1.24,0.60,3.56,0.415,0.870,2.9,22.5,5.6,8.5,1.4,0.6,4.2
Zion Williamson,NOP,2025-26:62 2024-25:30 2023-24:70,0.582,0.700,0.05,22.28,6.01,4.20,1.06,0.65,2.45,0.565,0.660,0.1,24.8,7.3,5.4,1.2,0.9,3.3
Kawhi Leonard,TOR,2025-26:65 2024-25:37 2023-24:68,0.509,0.878,2.35,25.24,6.19,3.49,1.74,0.56,1.94,0.495,0.810,2.1,21.0,5.8,3.2,1.6,0.5,1.8
Tyler Herro,MIL,2025-26:33 2024-25:77 2023-24:42,0.467,0.884,3.04,22.32,5.10,4.91,0.80,0.23,2.32,0.455,0.880,3.2,25.0,5.0,6.2,0.8,0.2,3.1
Desmond Bane,ORL,2025-26:82 2024-25:69 2023-24:42,0.480,0.898,2.34,20.36,4.82,4.75,1.08,0.45,2.26,0.480,0.890,2.6,19.8,6.0,5.2,1.2,0.4,2.4
Derrick White,BOS,2025-26:77 2024-25:76 2023-24:73,0.424,0.883,2.97,16.13,4.39,5.12,1.05,1.18,1.69,0.445,0.845,3.2,18.0,4.6,5.2,1.0,1.2,1.8
Jimmy Butler,GSW,2025-26:38 2024-25:55 2023-24:60,0.508,0.854,0.79,19.31,5.41,5.10,1.39,0.28,1.53,0.535,0.855,0.9,18.5,5.4,5.6,1.4,0.3,1.5
LaMelo Ball,MIN,2025-26:72 2024-25:47 2023-24:22,0.409,0.870,3.72,22.05,4.89,7.30,1.26,0.25,3.14,0.430,0.840,3.4,23.0,4.8,7.0,1.2,0.3,3.4
Darius Garland,LAC,2025-26:45 2024-25:75 2023-24:57,0.462,0.863,2.66,19.38,2.65,6.68,1.15,0.15,2.78,0.470,0.875,2.9,20.5,2.9,6.8,1.2,0.1,2.6
Josh Giddey,CHI,2025-26:54 2024-25:70 2023-24:80,0.461,0.777,1.49,14.74,7.65,7.14,0.97,0.57,2.90,0.470,0.810,1.8,16.5,8.5,7.8,1.3,0.7,3.0
Dyson Daniels,ATL,2025-26:76 2024-25:76 2023-24:61,0.499,0.609,0.64,11.37,5.89,4.69,2.21,0.52,1.70,0.495,0.610,1.1,14.5,6.0,4.5,3.0,0.7,1.9
Devin Vassell,SAS,2025-26:67 2024-25:64 2023-24:68,0.450,0.804,2.47,16.09,3.96,3.02,1.06,0.41,1.23,0.465,0.805,2.4,16.8,4.0,3.0,1.1,0.4,1.5
Jalen Duren,DET,2025-26:70 2024-25:78 2023-24:61,0.655,0.733,0.00,15.41,10.70,2.33,0.71,0.94,1.87,0.690,0.700,0.0,12.5,10.5,2.8,0.7,1.2,1.9
Rudy Gobert,MIN,2025-26:76 2024-25:72 2023-24:76,0.672,0.604,0.00,12.04,11.66,1.62,0.75,1.70,1.38,0.665,0.680,0.0,12.2,10.8,1.9,0.8,1.4,1.6
Jarrett Allen,CLE,2025-26:56 2024-25:82 2023-24:77,0.660,0.721,0.01,14.93,9.54,2.10,0.88,0.92,1.34,0.700,0.720,0.0,13.8,9.8,2.0,0.9,0.9,1.4
Walker Kessler,LAL,2025-26:5 2024-25:58 2023-24:64,0.663,0.561,0.15,9.97,10.11,1.43,0.60,2.36,1.39,0.660,0.630,0.0,11.8,12.0,1.8,0.5,2.4,1.6
Myles Turner,MIL,2025-26:71 2024-25:72 2023-24:77,0.479,0.763,1.95,14.47,6.15,1.44,0.67,1.81,1.41,0.460,0.770,2.0,12.5,5.8,1.5,0.7,1.7,1.3
Deandre Ayton,WAS,2025-26:72 2024-25:40 2023-24:55,0.611,0.685,0.04,13.94,9.24,1.20,0.73,0.92,1.44,0.565,0.760,0.1,11.0,7.8,1.5,0.7,0.8,1.5
Mark Williams,PHX,2025-26:60 2024-25:44 2023-24:19,0.628,0.778,0.01,12.96,8.86,1.49,0.85,1.03,1.24,0.580,0.795,0.0,15.5,10.4,2.6,0.7,1.2,2.3
Kristaps Porzingis,GSW,2025-26:32 2024-25:42 2023-24:57,0.483,0.837,2.03,18.78,6.41,2.20,0.68,1.55,1.37,0.485,0.810,2.0,19.8,6.9,2.2,0.7,1.5,1.6
Joel Embiid,PHI,2025-26:38 2024-25:19 2023-24:39,0.495,0.869,1.36,28.65,8.81,4.56,0.78,1.31,3.25,0.450,0.825,1.4,24.0,8.3,4.5,0.8,0.9,3.3
Nikola Vucevic,ORL,2025-26:64 2024-25:73 2023-24:76,0.503,0.817,1.54,17.06,9.56,3.39,0.70,0.71,1.50,0.530,0.800,1.1,13.0,7.5,2.4,0.6,0.6,1.4
Jakob Poeltl,TOR,2025-26:46 2024-25:57 2023-24:50,0.656,0.620,0.01,12.21,8.37,2.43,0.94,1.11,1.58,0.610,0.600,0.0,11.5,9.0,2.5,0.9,1.1,1.4
Onyeka Okongwu,ATL,2025-26:74 2024-25:74 2023-24:55,0.527,0.764,1.18,13.54,7.92,2.47,0.92,1.02,1.36,0.560,0.780,1.7,15.0,7.8,3.0,0.8,1.1,1.5
Kel'el Ware,MIL,2025-26:77 2024-25:64,0.539,0.721,0.94,10.35,8.37,0.81,0.70,1.10,0.84,0.545,0.720,1.0,11.5,8.5,0.9,0.7,1.3,1.0
Zach Edey,MEM,2025-26:11 2024-25:66,0.591,0.726,0.24,10.00,8.78,1.00,0.56,1.40,1.51,0.585,0.720,0.2,12.5,10.5,1.2,0.5,1.5,1.3
Donovan Clingan,POR,2025-26:77 2024-25:67,0.526,0.655,0.73,9.82,10.06,1.71,0.55,1.67,1.17,0.520,0.680,1.0,12.0,11.5,2.0,0.6,1.7,1.2
Jusuf Nurkic,UTA,2025-26:41 2024-25:51 2023-24:76,0.499,0.619,0.50,10.26,9.78,3.68,1.04,0.76,2.23,0.500,0.560,0.6,10.5,10.0,4.5,1.2,0.6,2.4
Isaiah Hartenstein,OKC,2025-26:47 2024-25:57 2023-24:75,0.610,0.662,0.00,9.38,9.50,3.30,1.00,0.99,1.56,0.585,0.680,0.0,11.5,11.0,3.5,0.8,1.0,1.6
Daniel Gafford,DAL,2025-26:55 2024-25:57 2023-24:74,0.693,0.683,0.00,10.85,7.07,1.32,0.69,1.67,1.10,0.700,0.700,0.0,10.5,7.5,1.5,0.5,1.7,1.1
Dereck Lively II,DAL,2025-26:7 2024-25:36 2023-24:55,0.720,0.593,0.00,8.30,6.97,1.70,0.60,1.48,1.06,0.700,0.650,0.0,8.5,8.0,1.3,0.6,1.5,1.2
Neemias Queta,BOS,2025-26:76 2024-25:62 2023-24:28,0.652,0.714,0.01,7.84,6.31,1.22,0.58,1.03,0.81,0.630,0.650,0.0,10.5,8.6,1.4,0.6,1.3,1.5
Mitchell Robinson,BOS,2025-26:60 2024-25:17 2023-24:31,0.680,0.435,0.00,5.57,8.28,0.79,0.99,1.14,0.69,0.680,0.550,0.0,8.0,9.0,1.0,0.8,1.4,1.0
Nic Claxton,CHI,2025-26:69 2024-25:70 2023-24:71,0.583,0.573,0.05,11.30,7.84,2.79,0.73,1.46,1.32,0.565,0.580,0.1,11.0,8.2,2.4,0.9,1.5,1.7
Alex Sarr,WAS,2025-26:48 2024-25:67,0.437,0.686,1.32,14.55,6.92,2.55,0.73,1.73,1.70,0.430,0.700,1.4,15.0,7.5,2.8,0.9,1.6,1.9
Khaman Maluach,PHX,2025-26:46,0.533,0.710,0.11,3.02,2.89,0.13,0.11,0.72,0.54,0.560,0.650,0.1,9.0,7.5,0.8,0.4,1.4,1.2
Yves Missi,NOP,2025-26:66 2024-25:73,0.546,0.598,0.00,7.31,6.96,1.31,0.40,1.44,0.96,0.560,0.620,0.0,10.0,8.5,1.5,0.6,1.3,1.4
Steven Adams,HOU,2025-26:32 2024-25:58,0.524,0.524,0.00,4.68,6.86,1.29,0.51,0.54,1.00,0.580,0.550,0.0,6.5,8.5,1.5,0.5,0.7,1.0
Clint Capela,HOU,2025-26:75 2024-25:55 2023-24:73,0.554,0.590,0.01,7.21,7.28,0.95,0.55,1.04,0.76,0.590,0.600,0.0,8.0,8.0,1.0,0.6,1.0,1.1
Wendell Carter Jr.,ORL,2025-26:78 2024-25:68 2023-24:55,0.499,0.759,0.85,10.75,7.25,1.92,0.74,0.60,1.22,0.525,0.740,0.9,12.0,8.5,2.4,0.7,0.7,1.6
Goga Bitadze,ORL,2025-26:64 2024-25:70 2023-24:62,0.633,0.670,0.04,6.13,5.48,1.53,0.61,1.16,0.81,0.570,0.650,0.1,8.5,7.0,1.8,0.7,1.2,1.3
Day'Ron Sharpe,BKN,2025-26:62 2024-25:50 2023-24:61,0.568,0.676,0.15,7.98,6.57,1.94,0.82,0.62,1.43,0.563,0.704,0.3,11.9,9.4,3.0,1.4,0.9,2.2
Tyrese Haliburton,IND,2024-25:73 2023-24:69,0.475,0.853,2.92,19.24,3.70,9.92,1.34,0.68,1.92,0.473,0.851,3.0,18.6,3.5,9.2,1.4,0.7,1.6
Jayson Tatum,BOS,2025-26:16 2024-25:72 2023-24:74,0.454,0.823,3.26,26.15,8.64,5.49,1.08,0.50,2.70,0.452,0.812,3.2,26.8,8.7,6.0,1.1,0.5,2.9
Kyrie Irving,DAL,2024-25:50 2023-24:58,0.484,0.911,2.93,25.13,4.89,4.87,1.30,0.47,2.04,0.473,0.916,2.7,24.7,4.8,4.6,1.3,0.5,2.1
Damian Lillard,POR,2024-25:58 2023-24:73,0.436,0.921,3.21,24.64,4.54,7.02,1.10,0.21,2.72,0.420,0.900,2.5,17.0,3.5,5.5,0.9,0.2,2.2
Fred VanVleet,HOU,2024-25:60 2023-24:73,0.397,0.838,2.87,15.66,3.74,6.75,1.48,0.60,1.58,0.374,0.810,2.5,14.1,3.7,5.6,1.6,0.6,1.6
Dejounte Murray,NOP,2025-26:14 2024-25:31 2023-24:78,0.444,0.814,2.12,20.09,5.66,6.69,1.64,0.32,2.95,0.410,0.790,2.0,17.0,5.8,6.5,1.8,0.4,2.8
Paul George,BOS,2025-26:37 2024-25:41 2023-24:74,0.450,0.861,2.82,19.05,5.29,3.79,1.66,0.47,2.11,0.435,0.810,2.2,16.0,5.2,4.2,1.7,0.5,2.4
Brandon Ingram,LAC,2025-26:77 2024-25:18 2023-24:64,0.480,0.817,1.70,21.37,5.43,4.44,0.78,0.68,2.62,0.465,0.820,1.7,19.0,5.3,3.9,0.8,0.6,2.3
Zach LaVine,SAC,2025-26:39 2024-25:74 2023-24:25,0.493,0.847,2.88,21.37,3.86,3.50,0.77,0.22,2.40,0.505,0.840,3.0,22.5,4.5,4.0,0.8,0.2,2.6
DeMar DeRozan,DEN,2025-26:77 2024-25:77 2023-24:79,0.485,0.860,0.86,21.10,3.59,4.53,0.99,0.41,1.40,0.475,0.845,0.8,16.0,3.4,3.6,0.8,0.5,1.7
Jalen Green,PHX,2025-26:32 2024-25:82 2023-24:82,0.423,0.799,2.58,19.84,4.57,3.35,0.89,0.32,2.38,0.430,0.830,3.0,21.5,4.4,3.5,0.9,0.3,2.6
Norman Powell,CHI,2025-26:58 2024-25:60 2023-24:76,0.478,0.820,2.63,19.39,3.11,1.93,0.98,0.23,1.56,0.480,0.805,2.9,21.0,3.2,2.2,1.1,0.2,1.8
Cam Thomas,FA,2025-26:42 2024-25:25 2023-24:66,0.432,0.847,1.90,19.05,2.62,2.94,0.47,0.15,1.95,0.440,0.880,2.5,24.0,3.4,4.0,0.7,0.2,2.7
Coby White,CHA,2025-26:50 2024-25:74 2023-24:79,0.449,0.855,2.64,19.03,3.85,4.51,0.72,0.18,2.36,0.455,0.900,3.0,20.5,3.8,4.6,0.9,0.2,2.3
Austin Reaves,LAL,2025-26:51 2024-25:73 2023-24:82,0.477,0.869,2.34,19.84,4.50,5.59,1.01,0.33,2.50,0.465,0.880,2.7,23.0,4.6,6.8,1.1,0.3,3.0
Jordan Poole,NOP,2025-26:39 2024-25:68 2023-24:78,0.412,0.876,2.81,17.48,2.61,4.05,1.02,0.37,2.46,0.410,0.870,1.9,10.5,1.7,2.5,0.6,0.2,1.5
CJ McCollum,ATL,2025-26:76 2024-25:56 2023-24:66,0.452,0.765,2.94,19.72,3.70,4.10,0.86,0.49,1.78,0.445,0.785,2.6,17.5,3.5,4.0,1.0,0.4,1.8
Anfernee Simons,PHI,2025-26:55 2024-25:70 2023-24:46,0.431,0.905,2.97,17.94,2.79,4.02,0.64,0.11,1.86,0.430,0.900,2.6,14.5,2.6,3.4,0.8,0.2,1.8
Malik Monk,SAC,2025-26:62 2024-25:65 2023-24:72,0.440,0.857,2.06,14.83,2.80,4.43,0.72,0.49,1.96,0.440,0.850,1.9,14.5,3.0,4.5,0.9,0.3,1.9
Immanuel Quickley,TOR,2025-26:70 2024-25:33 2023-24:68,0.436,0.842,2.54,16.73,3.87,5.59,1.02,0.10,1.52,0.425,0.870,2.6,17.5,3.6,6.0,1.0,0.1,2.1
Jalen Suggs,ORL,2025-26:57 2024-25:35 2023-24:75,0.439,0.832,2.11,13.89,3.62,4.14,1.61,0.73,2.41,0.420,0.860,2.3,17.0,4.2,4.0,1.6,0.8,2.6
Stephon Castle,SAS,2025-26:68 2024-25:81,0.450,0.730,1.18,15.70,4.52,5.78,1.03,0.28,2.70,0.463,0.732,1.2,16.7,5.3,7.4,1.1,0.3,3.2
Scoot Henderson,POR,2025-26:30 2024-25:66 2023-24:62,0.407,0.802,1.61,13.48,2.96,4.85,0.92,0.23,2.85,0.430,0.790,1.4,11.5,3.0,4.5,1.0,0.3,2.3
Reed Sheppard,HOU,2025-26:82 2024-25:52,0.417,0.804,2.15,10.46,2.43,2.73,1.21,0.55,1.23,0.450,0.860,2.2,12.5,3.0,3.9,1.2,0.4,1.5
Andrew Nembhard,IND,2025-26:57 2024-25:65 2023-24:68,0.459,0.814,1.23,12.44,2.79,5.78,1.01,0.14,1.92,0.470,0.800,1.3,12.5,3.2,6.8,1.2,0.4,2.2
Kevin Porter Jr.,MIL,2025-26:38 2024-25:75,0.457,0.828,0.92,13.04,4.29,4.95,1.51,0.30,2.23,0.430,0.780,1.5,11.5,4.0,3.5,0.9,0.3,1.6
Ryan Rollins,MIL,2025-26:74 2024-25:56 2023-24:13,0.475,0.795,1.78,12.53,3.41,3.99,1.18,0.37,1.96,0.465,0.800,1.9,15.5,4.2,5.2,1.4,0.4,1.9
Dylan Harper,SAS,2025-26:69,0.505,0.756,0.88,11.78,3.39,3.86,0.78,0.35,1.43,0.455,0.760,1.4,15.5,4.2,5.0,1.3,0.4,2.5
VJ Edgecombe,PHI,2025-26:75,0.438,0.818,1.99,15.99,5.64,4.20,1.43,0.52,1.83,0.445,0.785,1.9,17.0,4.6,3.8,1.4,0.5,2.1
Keyonte George,UTA,2025-26:54 2024-25:67 2023-24:75,0.418,0.861,2.37,18.08,3.46,5.46,0.76,0.17,2.79,0.445,0.830,2.9,20.5,3.8,5.8,0.9,0.1,2.9
Isaiah Collier,UTA,2025-26:59 2024-25:71,0.461,0.707,0.52,10.19,2.92,6.73,1.03,0.28,2.72,0.465,0.720,0.8,12.5,3.6,7.0,1.2,0.2,2.9
Jaden Ivey,FA,2025-26:37 2024-25:30 2023-24:77,0.441,0.753,1.63,13.52,3.25,3.18,0.74,0.44,2.11,0.460,0.750,2.1,18.0,4.2,4.2,0.9,0.5,2.4
Cason Wallace,OKC,2025-26:77 2024-25:68 2023-24:82,0.458,0.805,1.21,8.03,2.95,2.27,1.61,0.43,0.82,0.480,0.800,1.4,11.0,3.5,3.4,1.7,0.5,1.1
Bub Carrington,WAS,2025-26:82 2024-25:82,0.414,0.761,1.89,10.32,3.72,4.55,0.64,0.23,2.06,0.420,0.810,1.8,13.0,4.2,4.8,0.9,0.3,2.1
Jeremiah Fears,NOP,2025-26:82,0.434,0.789,1.23,14.26,3.66,3.40,1.18,0.37,2.17,0.430,0.750,1.2,14.0,3.2,5.2,1.1,0.2,2.8
Egor Demin,BKN,2025-26:52,0.399,0.831,2.38,10.31,3.17,3.33,0.81,0.33,1.65,0.420,0.760,1.5,11.5,4.0,5.5,1.0,0.3,2.5
Tre Johnson,WAS,2025-26:60,0.419,0.874,1.92,12.22,2.83,2.03,0.55,0.30,1.55,0.435,0.840,2.1,15.0,3.2,2.8,0.8,0.3,1.9
Kon Knueppel,CHA,2025-26:81,0.475,0.863,3.37,18.49,5.33,3.38,0.70,0.23,1.99,0.455,0.855,2.6,16.5,4.2,3.6,0.9,0.3,1.7
Brandin Podziemski,GSW,2025-26:82 2024-25:64 2023-24:74,0.452,0.767,1.68,12.05,5.27,3.62,1.01,0.19,1.37,0.450,0.800,1.8,12.5,4.8,4.0,1.0,0.3,1.8
Moses Moody,GSW,2025-26:60 2024-25:74 2023-24:66,0.442,0.783,1.86,10.25,2.95,1.32,0.82,0.46,0.80,0.440,0.820,1.8,12.0,3.2,1.8,0.8,0.4,1.1
De'Anthony Melton,GSW,2025-26:49 2024-25:6 2023-24:38,0.401,0.822,1.68,11.80,3.38,2.70,1.55,0.41,1.60,0.420,0.780,1.7,10.5,3.6,3.2,1.5,0.4,1.5
Keon Ellis,BKN,2025-26:72 2024-25:80 2023-24:57,0.464,0.782,1.43,7.04,2.23,1.29,1.24,0.67,0.71,0.465,0.830,1.7,10.5,2.8,2.2,1.4,0.5,1.0
Gradey Dick,LAC,2025-26:76 2024-25:54 2023-24:60,0.416,0.865,1.29,8.91,2.45,1.10,0.67,0.10,0.89,0.440,0.830,1.9,12.0,3.0,1.5,0.7,0.2,1.0
Buddy Hield,CHI,2025-26:51 2024-25:82 2023-24:84,0.428,0.838,2.20,10.34,2.93,1.91,0.82,0.31,1.09,0.430,0.820,2.4,11.5,3.0,1.8,0.7,0.2,1.2
Gary Trent Jr.,MIL,2025-26:65 2024-25:74 2023-24:71,0.415,0.801,2.24,10.63,1.88,1.32,0.83,0.07,0.62,0.430,0.830,2.3,12.0,2.6,1.5,1.0,0.2,1.0
Jordan Hawkins,CHI,2025-26:51 2024-25:56 2023-24:67,0.373,0.829,1.47,7.76,2.23,1.01,0.36,0.24,0.77,0.420,0.850,2.2,13.0,2.8,1.8,0.8,0.2,1.5
Collin Sexton,LAL,2025-26:68 2024-25:63 2023-24:78,0.484,0.859,1.68,17.26,2.51,4.02,0.91,0.15,2.23,0.470,0.830,1.7,16.5,3.0,4.4,0.9,0.1,2.3
Dennis Schroder,CHA,2025-26:70 2024-25:75 2023-24:80,0.415,0.836,1.46,12.43,2.77,5.38,0.82,0.17,1.85,0.430,0.850,1.3,10.5,2.3,4.5,0.8,0.1,1.9
Russell Westbrook,FA,2025-26:64 2024-25:75 2023-24:68,0.440,0.679,1.39,13.46,5.16,5.92,1.29,0.34,2.97,0.440,0.660,0.8,12.0,5.0,5.5,1.1,0.3,2.8
Malcolm Brogdon,FA,2024-25:24 2023-24:39,0.437,0.851,1.46,14.36,3.79,4.85,0.62,0.21,1.56,0.440,0.870,1.4,11.5,3.4,4.0,0.7,0.2,1.6
Lonzo Ball,FA,2025-26:35 2024-25:35,0.335,0.742,1.49,5.93,3.72,3.62,1.31,0.36,1.35,0.420,0.750,1.8,10.0,4.6,5.0,1.4,0.6,2.0
Jose Alvarado,NYK,2025-26:69 2024-25:56 2023-24:56,0.406,0.762,1.61,8.22,2.42,3.47,1.09,0.19,1.15,0.430,0.810,1.3,8.5,2.2,3.5,1.5,0.2,1.3
Payton Pritchard,BOS,2025-26:79 2024-25:80 2023-24:82,0.467,0.867,2.62,14.22,3.73,4.16,0.71,0.13,1.10,0.465,0.850,3.8,19.0,4.2,5.5,1.0,0.2,2.0
Anthony Black,ORL,2025-26:64 2024-25:78 2023-24:69,0.440,0.729,1.02,10.35,3.05,2.88,1.08,0.57,1.65,0.455,0.760,1.1,11.5,3.4,4.2,1.2,0.5,1.8
Nickeil Alexander-Walker,ATL,2025-26:78 2024-25:82 2023-24:82,0.450,0.867,2.29,13.67,3.01,3.04,0.94,0.49,1.49,0.455,0.890,2.8,18.4,3.0,3.3,1.2,0.5,1.9
Mikal Bridges,NYK,2025-26:82 2024-25:82 2023-24:82,0.478,0.817,2.13,16.77,3.77,3.70,1.10,0.58,1.46,0.500,0.815,2.2,18.0,3.4,3.8,1.0,0.5,1.5
OG Anunoby,NYK,2025-26:67 2024-25:74 2023-24:50,0.481,0.812,2.27,16.80,4.88,2.18,1.49,0.78,1.62,0.480,0.805,2.3,18.5,5.0,2.3,1.6,0.9,1.4
Trey Murphy III,NOP,2025-26:66 2024-25:53 2023-24:57,0.460,0.874,3.10,19.81,5.33,3.33,1.22,0.50,1.56,0.460,0.885,3.1,22.0,5.3,3.7,1.1,0.7,2.1
Herbert Jones,NOP,2025-26:56 2024-25:20 2023-24:76,0.432,0.840,1.41,9.88,3.53,2.78,1.54,0.61,1.33,0.455,0.810,1.3,11.5,4.0,2.8,1.8,0.8,1.5
Michael Porter Jr.,BKN,2025-26:52 2024-25:77 2023-24:81,0.483,0.824,2.85,19.67,7.02,2.24,0.74,0.46,1.61,0.500,0.770,2.7,19.5,7.2,2.4,0.7,0.5,1.6
Cameron Johnson,DEN,2025-26:54 2024-25:57 2023-24:58,0.469,0.857,2.38,14.74,4.12,2.75,0.83,0.37,1.19,0.475,0.860,2.3,14.0,4.0,2.6,0.8,0.4,1.1
Andrew Wiggins,MIA,2025-26:68 2024-25:60 2023-24:71,0.460,0.767,1.87,15.58,4.65,2.39,0.94,0.84,1.48,0.460,0.760,2.0,18.0,4.6,2.7,1.2,0.6,1.7
Jaden McDaniels,MIN,2025-26:73 2024-25:82 2023-24:72,0.496,0.812,1.29,12.86,4.51,2.15,1.14,0.87,1.43,0.460,0.810,1.5,13.0,5.9,2.1,1.3,0.9,1.5
Bilal Coulibaly,WAS,2025-26:56 2024-25:59 2023-24:63,0.426,0.737,1.09,11.05,4.48,2.63,1.22,0.82,1.65,0.430,0.720,1.3,13.5,5.2,3.8,1.5,0.8,2.1
Matas Buzelis,CHI,2025-26:77 2024-25:80,0.460,0.793,1.77,12.78,4.75,1.57,0.55,1.25,1.55,0.470,0.780,1.5,14.5,6.2,2.0,0.8,1.1,1.7
Jaylen Wells,MEM,2025-26:69 2024-25:79,0.428,0.799,1.81,11.52,3.29,1.66,0.73,0.12,0.98,0.450,0.820,1.7,12.5,4.2,2.2,0.9,0.4,1.4
Zaccharie Risacher,DAL,2025-26:67 2024-25:75,0.457,0.683,1.52,10.98,3.71,1.18,0.79,0.52,1.04,0.465,0.730,1.9,14.0,4.0,1.5,0.8,0.7,1.3
Ace Bailey,UTA,2025-26:72,0.443,0.750,1.90,13.79,4.19,1.82,0.83,0.68,1.49,0.435,0.770,1.8,15.5,5.8,2.2,0.8,0.9,2.1
Cedric Coward,MEM,2025-26:62,0.471,0.843,1.50,13.60,5.87,2.76,0.65,0.44,1.69,0.450,0.844,1.8,16.3,6.6,3.1,0.7,0.5,1.9
Nique Clifford,SAC,2025-26:75,0.418,0.722,1.03,8.60,3.76,2.39,0.91,0.32,1.55,0.430,0.740,1.1,9.0,3.8,2.4,0.9,0.3,1.4
Kyshawn George,WAS,2025-26:48 2024-25:68,0.410,0.784,1.86,11.54,4.62,3.41,1.00,0.81,1.98,0.420,0.780,1.6,11.5,4.6,3.2,1.0,0.7,1.8
Brandon Miller,CHA,2025-26:65 2024-25:27 2023-24:74,0.430,0.870,3.04,19.33,4.68,3.06,0.98,0.65,2.31,0.425,0.870,3.2,22.5,5.0,4.6,1.1,0.7,2.9
Miles Bridges,PHX,2025-26:77 2024-25:64 2023-24:69,0.451,0.839,2.09,19.01,6.71,3.44,0.71,0.53,1.76,0.460,0.820,1.9,17.0,6.0,3.0,0.7,0.4,1.5
RJ Barrett,TOR,2025-26:57 2024-25:58 2023-24:58,0.484,0.686,1.70,20.10,5.66,4.02,0.70,0.33,2.22,0.476,0.711,1.7,19.1,5.2,3.3,0.7,0.3,1.7
Deni Avdija,POR,2025-26:66 2024-25:72 2023-24:75,0.476,0.786,1.65,19.18,7.09,4.97,0.85,0.54,3.00,0.480,0.790,1.7,17.8,7.4,4.2,1.1,0.6,2.7
Shaedon Sharpe,POR,2025-26:50 2024-25:72 2023-24:32,0.446,0.792,2.02,19.05,4.51,2.74,1.08,0.21,2.45,0.455,0.790,1.9,15.0,3.8,2.6,0.8,0.4,1.8
Toumani Camara,POR,2025-26:82 2024-25:78 2023-24:70,0.447,0.723,1.94,11.38,5.29,2.11,1.21,0.51,1.51,0.460,0.720,1.5,11.8,5.9,2.3,1.5,0.7,1.5
Dorian Finney-Smith,ATL,2025-26:37 2024-25:63 2023-24:68,0.418,0.713,1.56,7.10,3.75,1.34,0.75,0.37,0.80,0.430,0.760,1.6,9.5,4.4,1.5,0.7,0.5,1.0
Kelly Oubre Jr.,IND,2025-26:50 2024-25:60 2023-24:68,0.460,0.756,1.47,14.84,5.41,1.64,1.35,0.55,1.33,0.450,0.750,1.5,15.0,5.5,1.8,1.2,0.6,1.7
Aaron Nesmith,IND,2025-26:45 2024-25:45 2023-24:72,0.464,0.834,2.06,12.72,3.98,1.56,0.75,0.53,1.05,0.480,0.850,1.9,13.0,4.8,1.5,0.9,0.6,1.1
Bennedict Mathurin,NOP,2025-26:54 2024-25:72 2023-24:59,0.445,0.847,1.37,16.24,5.03,2.10,0.69,0.28,1.93,0.460,0.835,1.2,13.9,4.5,1.7,0.6,0.3,1.6
Pascal Siakam,IND,2025-26:62 2024-25:78 2023-24:80,0.509,0.716,1.49,21.98,6.86,3.78,0.94,0.43,1.80,0.520,0.745,1.5,20.5,7.0,3.5,0.9,0.5,1.8
Obi Toppin,IND,2025-26:24 2024-25:79 2023-24:82,0.539,0.808,1.37,10.64,4.05,1.72,0.56,0.36,0.91,0.510,0.780,1.5,12.5,4.5,1.8,0.6,0.5,1.2
Julius Randle,BKN,2025-26:79 2024-25:69 2023-24:46,0.480,0.799,1.49,20.76,7.26,4.91,0.86,0.23,2.90,0.475,0.780,1.6,22.5,8.0,5.5,0.8,0.3,3.2
Jonathan Kuminga,MIN,2025-26:36 2024-25:47 2023-24:74,0.486,0.710,0.88,14.63,4.99,2.24,0.72,0.42,1.67,0.460,0.680,1.0,16.0,4.8,2.4,0.9,0.5,1.9
Draymond Green,GSW,2025-26:68 2024-25:68 2023-24:55,0.436,0.700,1.26,8.66,6.08,5.67,1.11,0.81,2.58,0.440,0.690,1.2,9.2,6.0,5.5,1.4,1.0,2.3
Jabari Smith Jr.,HOU,2025-26:77 2024-25:57 2023-24:76,0.448,0.797,2.01,14.27,7.24,1.57,0.64,0.83,1.23,0.455,0.790,2.0,14.5,7.5,1.5,0.7,0.9,1.3
Tari Eason,HOU,2025-26:60 2024-25:57 2023-24:22,0.448,0.752,1.30,10.98,6.38,1.45,1.42,0.67,1.22,0.455,0.770,1.4,11.0,6.2,1.6,1.4,0.7,1.3
Dillon Brooks,PHX,2025-26:56 2024-25:75 2023-24:72,0.431,0.836,2.23,15.84,3.58,1.71,0.90,0.17,1.33,0.435,0.800,2.0,15.0,3.5,2.2,0.9,0.4,1.8
Quentin Grimes,LAL,2025-26:75 2024-25:75 2023-24:51,0.447,0.802,1.84,12.65,3.58,2.81,0.87,0.30,1.59,0.460,0.790,2.0,14.0,3.5,2.8,1.0,0.3,1.5
Kyle Kuzma,MIL,2025-26:69 2024-25:65 2023-24:70,0.464,0.710,1.54,15.94,5.44,2.96,0.60,0.45,2.15,0.450,0.700,1.7,17.5,6.2,3.0,0.6,0.4,2.3
Bobby Portis,MIA,2025-26:67 2024-25:49 2023-24:82,0.488,0.775,1.59,13.75,7.21,1.61,0.71,0.34,1.07,0.470,0.810,1.2,10.5,6.2,1.8,0.6,0.3,1.1
Aaron Gordon,DEN,2025-26:36 2024-25:51 2023-24:73,0.529,0.743,1.20,14.83,5.71,3.17,0.61,0.40,1.32,0.535,0.815,1.6,15.5,5.0,3.3,0.7,0.5,1.5
Peyton Watson,CLE,2025-26:54 2024-25:68 2023-24:80,0.481,0.708,0.94,9.90,3.87,1.52,0.73,1.20,1.10,0.460,0.760,1.5,13.0,4.8,1.9,0.8,1.2,1.3
Christian Braun,DEN,2025-26:44 2024-25:79 2023-24:82,0.536,0.784,0.97,11.90,4.62,2.32,0.79,0.40,0.90,0.545,0.800,1.1,13.8,4.9,2.6,1.0,0.4,1.1
Julian Strawther,DEN,2025-26:57 2024-25:65 2023-24:50,0.435,0.806,1.14,7.34,1.90,1.12,0.48,0.17,0.69,0.440,0.800,1.8,12.0,2.8,1.8,0.7,0.3,1.3
Keegan Murray,SAC,2025-26:23 2024-25:76 2023-24:77,0.443,0.817,2.03,13.68,6.07,1.56,0.92,0.97,0.87,0.450,0.770,2.1,13.0,6.8,1.6,0.9,0.8,1.1
PJ Washington,DAL,2025-26:56 2024-25:57 2023-24:73,0.447,0.699,1.57,13.93,6.84,1.98,1.02,0.99,1.69,0.470,0.750,1.5,13.5,7.2,2.4,1.1,0.9,1.5
Naji Marshall,DAL,2025-26:74 2024-25:69 2023-24:66,0.503,0.777,0.86,12.67,4.47,2.87,0.99,0.13,1.47,0.480,0.750,0.8,13.0,5.0,3.2,1.0,0.3,1.7
Klay Thompson,MIA,2025-26:69 2024-25:72 2023-24:77,0.412,0.880,3.10,14.11,2.85,1.84,0.60,0.39,1.18,0.415,0.850,2.4,11.5,3.0,1.8,0.7,0.4,1.1
Tim Hardaway Jr.,MIA,2025-26:80 2024-25:77 2023-24:79,0.421,0.834,2.57,12.90,2.67,1.53,0.52,0.10,0.65,0.420,0.865,2.3,12.0,2.8,1.6,0.6,0.2,0.9
Jaden Hardy,LAL,2025-26:57 2024-25:57 2023-24:73,0.423,0.731,1.46,8.45,1.61,1.29,0.35,0.08,1.13,0.440,0.810,1.6,12.0,2.5,2.2,0.7,0.2,1.4
Rui Hachimura,LAC,2025-26:68 2024-25:59 2023-24:68,0.519,0.737,1.64,12.52,4.09,1.10,0.64,0.36,0.70,0.490,0.770,1.4,13.5,4.8,1.4,0.7,0.4,1.0
Jarred Vanderbilt,LAL,2025-26:65 2024-25:36 2023-24:29,0.483,0.596,0.37,4.46,4.68,1.24,0.94,0.27,0.86,0.520,0.650,0.2,7.0,6.5,1.5,1.2,0.6,1.1
Santi Aldama,DAL,2025-26:43 2024-25:65 2023-24:61,0.469,0.664,1.74,12.49,6.31,2.73,0.79,0.66,1.16,0.480,0.750,1.6,12.5,6.8,2.6,0.7,0.7,1.3
GG Jackson,MEM,2025-26:55 2024-25:29 2023-24:48,0.454,0.743,1.41,11.89,3.98,1.30,0.54,0.58,1.39,0.440,0.780,1.7,13.5,4.5,1.5,0.7,0.5,1.5
Isaiah Stewart,MEM,2025-26:58 2024-25:72 2023-24:46,0.536,0.756,0.66,8.59,5.53,1.45,0.34,1.37,1.12,0.500,0.720,0.7,9.0,7.0,1.5,0.6,1.1,1.1
Ausar Thompson,DET,2025-26:73 2024-25:59 2023-24:63,0.518,0.597,0.17,9.68,5.71,2.58,1.68,0.86,1.42,0.540,0.660,0.2,11.0,5.5,2.6,1.7,0.9,1.5
Ron Holland,DET,2025-26:78 2024-25:81,0.448,0.785,0.55,7.41,3.43,1.12,0.92,0.28,1.08,0.470,0.700,0.6,12.0,4.5,2.2,1.1,0.5,1.6
Tobias Harris,SAS,2025-26:63 2024-25:73 2023-24:70,0.477,0.868,1.28,14.44,5.76,2.55,0.97,0.61,1.14,0.470,0.820,1.2,13.5,5.9,2.2,0.8,0.6,1.2
Duncan Robinson,DET,2025-26:77 2024-25:74 2023-24:68,0.448,0.817,2.74,11.96,2.50,2.34,0.59,0.21,1.02,0.435,0.850,2.2,12.0,2.6,2.4,0.6,0.2,1.3
Caris LeVert,MIL,2025-26:60 2024-25:64 2023-24:68,0.436,0.722,1.38,10.76,2.94,3.54,0.94,0.58,1.40,0.445,0.780,1.3,11.0,3.2,3.2,0.9,0.3,1.5
De'Andre Hunter,SAC,2025-26:45 2024-25:64 2023-24:57,0.449,0.853,2.08,15.49,4.02,1.65,0.72,0.20,1.46,0.465,0.830,2.0,15.0,4.2,1.6,0.7,0.4,1.3
Max Strus,LAC,2025-26:12 2024-25:50 2023-24:70,0.430,0.801,2.39,10.88,4.70,3.41,0.66,0.29,1.27,0.440,0.800,2.3,12.5,3.8,2.4,0.7,0.3,1.2
Sam Merrill,CLE,2025-26:52 2024-25:71 2023-24:61,0.430,0.890,2.43,9.36,2.27,1.90,0.60,0.14,0.56,0.430,0.840,2.2,10.5,2.6,2.0,0.7,0.2,1.0
Ochai Agbaji,NYK,2025-26:62 2024-25:64 2023-24:78,0.457,0.743,0.95,7.00,2.90,1.09,0.62,0.42,0.70,0.470,0.740,1.5,10.5,3.8,1.8,0.9,0.5,1.1
Jaime Jaquez Jr.,MIL,2025-26:75 2024-25:66 2023-24:75,0.493,0.775,0.73,12.39,4.50,3.48,0.84,0.26,1.72,0.475,0.760,0.7,13.0,5.0,3.2,1.0,0.3,1.7
Nikola Jovic,MIA,2025-26:47 2024-25:46 2023-24:46,0.419,0.736,1.31,8.53,3.70,2.34,0.64,0.32,1.24,0.455,0.800,1.5,12.0,4.5,3.0,0.8,0.4,1.6
Bogdan Bogdanovic,HOU,2025-26:23 2024-25:54 2023-24:79,0.423,0.891,2.30,12.65,3.08,2.78,0.88,0.24,1.35,0.435,0.820,2.2,13.0,3.2,3.2,1.0,0.3,1.6
Grayson Allen,CHA,2025-26:51 2024-25:64 2023-24:75,0.442,0.851,2.73,13.54,3.31,2.99,1.04,0.38,1.36,0.450,0.830,2.2,12.0,3.2,2.8,0.8,0.3,1.3
Royce O'Neale,CHA,2025-26:78 2024-25:75 2023-24:79,0.416,0.709,2.42,9.03,4.73,2.53,0.93,0.46,1.07,0.430,0.790,2.0,10.0,4.8,2.4,0.8,0.4,1.2
Trayce Jackson-Davis,TOR,2025-26:53 2024-25:62 2023-24:68,0.620,0.552,0.01,5.79,4.17,1.20,0.37,0.70,0.62,0.610,0.650,0.0,8.0,6.5,1.8,0.6,1.0,1.1
Quinten Post,MEM,2025-26:67 2024-25:42,0.443,0.786,1.50,7.80,3.85,1.38,0.39,0.49,0.82,0.450,0.790,1.7,9.5,5.0,1.8,0.5,0.6,1.1
Jeremy Sochan,POR,2025-26:44 2024-25:54 2023-24:74,0.483,0.731,0.57,8.88,5.12,2.22,0.69,0.40,1.31,0.535,0.720,0.3,8.0,4.5,2.1,0.7,0.4,1.3
Corey Kispert,ATL,2025-26:58 2024-25:61 2023-24:80,0.469,0.785,1.90,11.23,2.66,1.74,0.40,0.19,1.00,0.450,0.820,1.9,11.5,3.0,1.8,0.6,0.3,1.1
Gabe Vincent,FA,2025-26:53 2024-25:72 2023-24:11,0.377,0.795,1.26,5.28,1.13,1.42,0.62,0.11,0.54,0.420,0.820,1.6,9.5,2.0,2.8,0.8,0.2,1.2
Dalton Knecht,LAL,2025-26:54 2024-25:78,0.460,0.753,1.21,6.81,2.13,0.63,0.26,0.15,0.45,0.450,0.800,2.1,13.0,3.2,1.5,0.6,0.3,1.2
Tristan da Silva,ORL,2025-26:77 2024-25:74,0.435,0.880,1.35,8.73,3.52,1.57,0.69,0.29,0.84,0.450,0.800,1.4,10.5,4.2,2.2,0.7,0.3,1.2
Tre Mann,WAS,2025-26:53 2024-25:13 2023-24:41,0.406,0.823,1.11,7.58,2.41,2.46,0.70,0.11,1.28,0.430,0.810,1.8,12.5,3.0,4.2,0.9,0.2,1.9
Josh Hart,NYK,2025-26:66 2024-25:77 2023-24:81,0.496,0.759,1.22,11.86,8.40,4.98,1.22,0.30,1.85,0.520,0.780,1.0,13.5,8.0,4.5,1.3,0.3,1.9
Landry Shamet,NYK,2025-26:51 2024-25:50 2023-24:46,0.442,0.732,1.55,7.59,1.50,1.06,0.54,0.14,0.55,0.440,0.820,1.7,9.5,2.0,1.5,0.6,0.2,0.8
Ziaire Williams,LAL,2025-26:56 2024-25:63 2023-24:51,0.414,0.836,1.48,9.71,3.44,1.26,1.07,0.36,1.11,0.440,0.780,1.5,11.5,4.6,1.8,0.9,0.5,1.4
Lauri Markkanen,UTA,2025-26:42 2024-25:47 2023-24:55,0.462,0.891,2.93,23.12,6.93,1.87,0.87,0.45,1.44,0.455,0.875,2.8,19.5,6.2,1.8,0.8,0.5,1.5
Jrue Holiday,POR,2025-26:53 2024-25:62 2023-24:69,0.457,0.858,2.13,13.40,4.73,4.95,1.00,0.41,1.96,0.440,0.800,1.8,12.0,3.6,4.5,1.1,0.5,1.7
D'Angelo Russell,FA,2025-26:26 2024-25:58 2023-24:76,0.423,0.808,2.19,14.16,2.82,5.35,0.83,0.36,1.94,0.415,0.820,2.6,15.5,3.0,6.2,1.0,0.3,2.5
Naz Reid,CHA,2025-26:77 2024-25:80 2023-24:81,0.463,0.749,2.13,13.77,5.88,2.00,0.84,0.95,1.47,0.470,0.780,2.2,15.0,7.0,2.5,0.8,0.9,1.6
Brook Lopez,LAC,2025-26:75 2024-25:80 2023-24:79,0.475,0.805,1.68,11.06,4.50,1.54,0.59,1.71,0.94,0.460,0.780,1.5,9.5,4.0,1.3,0.5,1.4,0.9
Donte DiVincenzo,MIN,2025-26:82 2024-25:62 2023-24:81,0.422,0.754,3.07,12.95,3.87,3.46,1.26,0.38,1.47,0.435,0.800,2.8,14.5,4.0,3.5,1.2,0.2,1.6
Jordan Clarkson,NYK,2025-26:72 2024-25:37 2023-24:55,0.426,0.837,1.42,12.39,2.48,2.77,0.56,0.15,1.63,0.440,0.800,1.8,13.5,3.0,3.5,0.7,0.2,1.7
Bradley Beal,LAC,2025-26:6 2024-25:53 2023-24:53,0.498,0.805,1.86,16.82,3.56,4.05,1.00,0.48,2.08,0.475,0.810,1.6,13.0,3.0,3.2,0.9,0.4,1.6
Marcus Smart,HOU,2025-26:62 2024-25:34 2023-24:20,0.401,0.798,1.59,9.85,2.58,3.20,1.41,0.33,1.70,0.410,0.760,1.5,10.5,2.5,4.0,1.5,0.3,1.8
Al Horford,GSW,2025-26:45 2024-25:60 2023-24:65,0.447,0.871,1.74,8.63,5.77,2.42,0.62,0.98,0.82,0.465,0.800,1.7,9.5,5.5,2.0,0.6,0.9,0.9
John Collins,DET,2025-26:69 2024-25:40 2023-24:68,0.540,0.801,1.32,15.22,6.87,1.27,0.81,0.84,1.67,0.500,0.800,1.2,14.0,7.0,2.0,0.7,0.8,1.3
AJ Dybantsa,WAS,,,,,,,,,,,0.455,0.780,1.9,20.5,5.5,3.0,1.1,0.6,2.8
Darryn Peterson,UTA,,,,,,,,,,,0.440,0.810,1.8,18.2,4.1,3.8,1.2,0.5,2.6
Cameron Boozer,MEM,,,,,,,,,,,0.500,0.780,1.2,18.5,9.5,3.8,1.1,0.8,2.4
Caleb Wilson,CHI,,,,,,,,,,,0.490,0.700,0.6,14.5,8.0,2.1,1.1,1.4,2.0
Mikel Brown Jr.,BKN,,,,,,,,,,,0.410,0.800,1.7,12.7,3.0,4.8,1.0,0.2,2.3
Darius Acuff Jr.,SAC,,,,,,,,,,,0.430,0.820,2.1,16.7,3.1,5.0,1.0,0.2,2.6
Jerami Grant,MEM,2025-26:57 2024-25:47 2023-24:54,0.431,0.822,2.28,17.96,3.49,2.31,0.80,0.73,1.89,0.450,0.830,1.9,16.5,4.5,2.5,0.9,0.7,1.6
Yaxel Lendeborg,GSW,,,,,,,,,,,0.520,0.740,0.9,12.9,7.5,2.7,1.1,0.9,1.5
Alex Caruso,OKC,2025-26:56 2024-25:54 2023-24:71,0.446,0.793,1.29,7.63,3.15,2.59,1.51,0.59,0.98,0.450,0.780,1.3,8.5,3.0,3.0,1.6,0.5,1.1
Kyle Filipowski,UTA,2025-26:77 2024-25:72,0.496,0.715,1.01,10.63,6.72,2.30,0.83,0.42,1.53,0.500,0.720,1.3,15.0,8.5,2.8,0.7,0.7,1.7
Jared McCain,OKC,2025-26:67 2024-25:23,0.436,0.869,1.64,9.83,2.13,1.62,0.55,0.06,1.00,0.450,0.860,2.4,16.0,3.0,3.5,0.8,0.2,1.7
Ayo Dosunmu,MIN,2025-26:69 2024-25:46 2023-24:76,0.507,0.839,1.61,13.40,3.27,3.70,0.88,0.36,1.41,0.490,0.800,1.3,12.5,3.5,4.0,1.0,0.3,1.5
Luguentz Dort,ATL,2025-26:69 2024-25:71 2023-24:79,0.417,0.784,2.06,9.63,3.75,1.41,0.97,0.50,0.80,0.440,0.780,2.0,11.5,4.0,1.6,1.1,0.4,0.9
Derik Queen,NOP,2025-26:81,0.473,0.795,0.28,11.70,7.06,3.68,1.04,0.91,2.35,0.520,0.720,0.3,12.5,8.0,2.8,0.9,0.8,1.9
Moussa Diabate,CHA,2025-26:73 2024-25:71 2023-24:11,0.616,0.637,0.01,6.71,7.33,1.38,0.70,0.77,0.90,0.600,0.650,0.0,8.5,8.5,1.2,0.8,1.0,1.0
Derrick Jones Jr,LAC,2025-26:50 2024-25:77 2023-24:76,0.506,0.727,1.06,9.69,3.39,1.03,0.89,0.68,0.84,0.520,0.720,1.0,10.0,4.0,1.2,1.0,0.7,0.9
Khris Middleton,WAS,2025-26:63 2024-25:37 2023-24:55,0.456,0.860,1.29,11.85,3.94,3.75,0.79,0.19,1.82,0.440,0.850,1.5,11.5,4.0,3.5,0.8,0.2,1.5
Taylor Hendricks,MEM,2025-26:59 2024-25:3 2023-24:40,0.450,0.704,1.14,7.31,4.03,0.89,0.83,0.60,0.79,0.470,0.750,1.1,10.5,5.5,1.2,0.7,0.9,0.9
Rob Dillingham,FA,2025-26:65 2024-25:49,0.409,0.707,0.60,5.61,1.64,2.12,0.60,0.07,1.37,0.450,0.820,1.6,13.0,2.5,5.0,1.0,0.1,2.0
Terrence Shannon Jr,MIN,2025-26:43 2024-25:32,0.461,0.802,0.58,5.12,1.26,0.93,0.29,0.07,0.52,0.470,0.780,1.2,13.0,4.0,2.5,0.9,0.3,1.3
Kasparas Jakucionis,MIL,2025-26:53,0.429,0.879,1.25,6.19,2.60,2.58,0.62,0.13,0.94,0.430,0.800,1.5,13.5,3.5,6.0,1.0,0.2,2.6
Hannes Steinbach,CHA,,,,,,,,,,,0.550,0.700,0.3,10.5,8.0,1.5,0.6,0.9,1.5
Jalen Wilson,ATL,2025-26:54 2024-25:79 2023-24:43,0.400,0.782,1.16,7.49,2.86,1.35,0.42,0.06,0.79,0.430,0.800,0.7,5.5,2.2,1.0,0.3,0.1,0.6
Davion Mitchell,MIA,2025-26:70 2024-25:74 2023-24:72,0.476,0.676,1.11,7.84,2.19,4.78,0.79,0.15,1.37,0.480,0.650,1.3,9.8,2.7,6.3,1.0,0.2,1.5
Keldon Johnson,SAS,2025-26:82 2024-25:77 2023-24:69,0.490,0.787,1.32,13.59,5.21,1.77,0.63,0.22,1.04,0.480,0.780,1.2,13.0,5.5,1.5,0.7,0.3,1.2
Sam Hauser,BOS,2025-26:78 2024-25:71 2023-24:79,0.435,0.895,2.46,8.95,3.54,1.18,0.52,0.27,0.40,0.450,0.850,2.4,9.5,3.5,1.5,0.5,0.3,0.7
Ty Jerome,MEM,2025-26:15 2024-25:70 2023-24:2,0.504,0.873,1.81,13.85,2.51,3.83,1.09,0.09,1.40,0.46,0.875,2.4,16.5,2.8,4.8,1.0,0.2,1.9
Sandro Mamukelashvili,LAL,2025-26:80 2024-25:61 2023-24:46,0.513,0.745,1.12,8.41,4.05,1.40,0.55,0.40,0.63,0.517,0.749,1.9,13.7,6.2,2.1,0.9,0.6,1.0
Collin Murray-Boyles,TOR,2025-26:57,0.579,0.657,0.30,8.49,5.00,1.86,0.91,0.93,1.04,0.555,0.7,0.4,9.5,5.4,2.1,0.9,0.9,1.4
Ajay Mitchell,OKC,2025-26:57 2024-25:36,0.487,0.864,0.93,11.20,2.85,3.00,1.06,0.25,1.21,0.475,0.865,1.2,13.0,3.2,3.6,1.0,0.3,1.5
Saddiq Bey,NOP,2025-26:72 2023-24:63,0.440,0.840,1.99,16.29,5.89,2.16,0.90,0.12,0.91,0.45,0.84,2.4,17.0,5.5,2.5,0.9,0.4,1.5
Maxime Raynaud,SAC,2025-26:74,0.571,0.786,0.32,12.46,7.51,1.35,0.51,0.53,1.27,0.555,0.72,1.0,9.5,6.0,1.2,0.5,0.6,1.3
Collin Gillespie,PHX,2025-26:80 2024-25:33 2023-24:24,0.421,0.859,2.25,10.09,3.33,3.72,1.02,0.17,1.22,0.418,0.875,2.8,12.5,4.0,4.6,1.2,0.2,1.6
Paul Reed,DET,2025-26:65 2024-25:45 2023-24:82,0.570,0.695,0.21,6.73,4.56,1.20,0.85,0.87,0.79,0.6,0.68,0.1,7.5,4.5,1.2,0.9,0.9,0.9
Keaton Wagler,LAC,,,,,,,,,,,0.430,0.820,2.3,16.5,3.8,3.8,0.9,0.3,2.4
Adem Bona,PHI,2025-26:71 2024-25:58,0.640,0.692,0.02,5.23,4.28,0.46,0.43,1.17,0.89,0.630,0.630,0.0,5.5,4.8,0.9,0.6,1.3,0.9
Julian Champagnie,SAS,2025-26:82 2024-25:82 2023-24:74,0.424,0.855,2.07,9.72,4.43,1.45,0.73,0.47,0.85,0.440,0.830,2.1,10.5,4.3,1.5,0.9,0.4,0.9
Allen Graves,TOR,,,,,,,,,,,0.450,0.780,1.2,7.0,4.2,1.2,0.7,0.6,0.8
Tre Jones,CHI,2025-26:65 2024-25:46 2023-24:77,0.536,0.841,0.64,11.09,3.18,5.34,1.03,0.16,1.28,0.475,0.815,0.9,12.5,3.3,5.0,1.1,0.2,1.4
Robert Williams III,POR,2025-26:59 2024-25:20 2023-24:6,0.693,0.661,0.12,6.54,6.77,1.02,0.63,1.50,0.85,0.691,0.660,0.1,6.5,6.8,1.0,0.6,1.5,0.8
AJ Green,MIL,2025-26:78 2024-25:73 2023-24:56,0.426,0.851,2.34,8.19,2.30,1.51,0.44,0.09,0.67,0.440,0.850,2.5,10.5,2.5,1.5,0.5,0.2,0.6
Joan Beringer,MIN,2025-26:40,0.663,0.703,0.00,3.90,2.30,0.30,0.17,0.65,0.28,0.610,0.640,0.0,6.0,5.0,0.8,0.5,1.4,0.9
Isaiah Joe,DET,2025-26:71 2024-25:74 2023-24:78,0.450,0.873,2.39,10.01,2.52,1.40,0.66,0.18,0.59,0.435,0.880,2.8,11.5,2.6,1.4,0.7,0.2,0.8
Jay Huff,IND,2025-26:82 2024-25:64 2023-24:20,0.488,0.817,1.28,7.91,2.99,1.05,0.38,1.37,0.71,0.520,0.780,1.3,7.5,3.8,0.8,0.4,1.3,0.7
Bronny James,LAL,2025-26:42 2024-25:27,0.378,0.813,0.46,2.70,0.59,1.08,0.41,0.10,0.56,0.375,0.818,0.3,1.9,0.4,0.8,0.3,0.1,0.4
Aday Mara,OKC,,,,,,,,,,,0.563,0.575,0.0,4.7,2.6,0.9,0.1,1.0,0.7
Luke Kennard,PHX,2025-26:78 2024-25:65 2023-24:39,0.497,0.903,1.77,8.93,2.58,2.79,0.70,0.09,0.98,0.505,0.901,1.8,9.5,2.8,3.0,0.8,0.1,1.1
Johni Broome,MIL,2025-26:11,0.167,0.333,0.00,0.91,1.45,0.36,0.27,0.18,0.27,0.500,0.650,0.2,3.8,2.8,0.5,0.4,0.4,0.5
Aaron Wiggins,ATL,2025-26:65 2024-25:76 2023-24:78,0.478,0.785,1.37,9.66,3.17,1.55,0.82,0.31,0.98,0.463,0.795,1.6,10.7,3.5,1.7,0.9,0.3,1.1
Brayden Burries,MIL,,,,,,,,,,,0.466,0.814,1.2,10.7,2.9,1.5,0.9,0.1,0.9
Daniss Jenkins,DET,2025-26:72 2024-25:7,0.407,0.824,0.95,8.72,2.16,3.61,0.82,0.19,1.49,0.406,0.821,1.0,9.3,2.3,3.8,0.8,0.2,1.6
Oso Ighodaro,PHX,2025-26:82 2024-25:61,0.639,0.485,0.00,5.62,4.55,1.85,0.73,0.61,1.01,0.635,0.494,0.0,5.6,4.5,1.9,0.7,0.7,1.1
Scotty Pippen Jr.,MEM,2025-26:10 2024-25:79 2023-24:21,0.478,0.727,1.14,10.49,3.14,4.47,1.43,0.40,1.99,0.475,0.720,1.3,11.4,3.6,5.1,1.5,0.5,2.1
Miles McBride,NYK,2025-26:41 2024-25:64 2023-24:68,0.423,0.814,2.03,9.90,2.17,2.44,0.89,0.20,0.63,0.414,0.800,2.1,9.8,2.3,2.6,0.9,0.3,0.7
T.J. McConnell,IND,2025-26:56 2024-25:79 2023-24:71,0.536,0.782,0.24,9.50,2.43,4.96,1.02,0.20,1.33,0.528,0.771,0.2,9.3,2.4,4.7,1.0,0.2,1.2
Jalen Smith,CHI,2025-26:53 2024-25:64 2023-24:61,0.504,0.749,1.25,9.38,5.99,1.10,0.34,0.71,0.77,0.474,0.771,1.4,9.9,6.7,1.2,0.3,0.8,0.9
Kris Dunn,LAC,2025-26:82 2024-25:74 2023-24:66,0.462,0.740,0.91,6.58,3.24,3.40,1.52,0.29,1.20,0.457,0.734,1.0,6.5,3.1,3.0,1.6,0.3,1.1
Max Christie,DAL,2025-26:77 2024-25:78 2023-24:67,0.435,0.870,1.65,9.55,3.01,1.69,0.61,0.35,1.04,0.435,0.878,1.9,10.7,3.2,1.9,0.7,0.4,1.2
Ryan Kalkbrenner,CHA,2025-26:69,0.753,0.716,0.00,7.55,5.46,0.78,0.46,1.46,0.90,0.753,0.717,0.0,5.8,4.2,0.6,0.3,1.1,0.7
Noah Clowney,BKN,2025-26:66 2024-25:46 2023-24:23,0.393,0.805,1.76,10.50,4.00,1.29,0.63,0.61,1.27,0.382,0.813,1.6,8.8,3.2,1.1,0.5,0.5,1.1
Luke Kornet,SAS,2025-26:68 2024-25:73 2023-24:63,0.663,0.790,0.00,6.07,5.37,1.58,0.45,0.96,0.40,0.657,0.765,0.0,5.6,5.1,1.6,0.4,0.9,0.4
Jake LaRavia,LAL,2025-26:82 2024-25:66 2023-24:35,0.450,0.751,1.01,8.14,3.92,1.97,1.10,0.41,1.17,0.465,0.728,1.0,8.6,4.5,2.3,1.3,0.5,1.3
Dylan Cardwell,SAC,2025-26:44,0.587,0.510,0.05,5.41,7.55,1.41,0.68,1.52,0.89,0.587,0.511,0.0,4.8,6.7,1.2,0.6,1.4,0.8
Jaxson Hayes,UTA,2025-26:66 2024-25:56 2023-24:70,0.738,0.639,0.02,6.45,4.01,0.82,0.49,0.72,0.60,0.739,0.640,0.0,6.6,4.1,0.9,0.4,0.8,0.5
Kevin Huerter,DET,2025-26:69 2024-25:69 2023-24:64,0.441,0.756,1.72,10.03,3.31,2.47,0.88,0.40,0.97,0.439,0.753,1.2,7.1,2.3,1.7,0.7,0.3,0.8
Tony Bradley,NYK,2025-26:41 2024-25:14,0.570,0.703,0.05,4.04,2.87,0.51,0.15,0.27,0.42,0.557,0.700,0.0,3.7,2.6,0.5,0.3,0.5,0.5
Isaiah Jackson,LAC,2025-26:55 2024-25:5,0.635,0.633,0.00,6.75,5.29,0.95,0.65,0.94,1.05,0.635,0.631,0.0,5.8,4.5,0.9,0.6,0.9,0.9
Jaylon Tyson,CLE,2025-26:66 2024-25:47,0.483,0.746,1.44,9.71,4.00,1.76,0.62,0.29,1.16,0.481,0.744,1.7,11.1,4.6,2.0,0.7,0.3,1.3
Jarace Walker,IND,2025-26:76 2024-25:75 2023-24:33,0.432,0.733,1.32,8.50,3.93,1.95,0.74,0.34,1.36,0.437,0.728,1.5,9.5,4.4,2.2,0.8,0.4,1.6
Ja'Kobe Walter,TOR,2025-26:72 2024-25:52,0.428,0.792,1.43,7.92,2.76,1.33,0.95,0.19,0.68,0.425,0.791,1.6,8.6,3.0,1.5,1.0,0.2,0.7
Jordan Goodwin,PHX,2025-26:70 2024-25:29 2023-24:57,0.405,0.724,1.24,7.52,4.57,2.18,1.25,0.26,0.96,0.417,0.706,1.7,9.2,5.5,2.4,1.7,0.4,1.2
Jaylin Williams,OKC,2025-26:65 2024-25:47 2023-24:69,0.426,0.791,1.24,5.95,4.92,2.22,0.45,0.57,0.80,0.428,0.790,1.2,5.9,4.3,2.2,0.4,0.6,0.8
Moritz Wagner,BKN,2025-26:36 2024-25:30 2023-24:80,0.543,0.785,0.61,9.97,4.09,1.09,0.53,0.22,1.08,0.503,0.760,0.9,11.6,4.8,1.3,0.8,0.2,1.2
Kobe Sanders,LAC,2025-26:68,0.466,0.826,1.18,7.28,2.25,1.60,0.72,0.15,1.19,0.466,0.829,0.8,5.2,1.6,1.2,0.5,0.1,0.8
Cam Spencer,MEM,2025-26:72 2024-25:25,0.467,0.946,1.75,9.60,2.25,4.64,0.64,0.13,1.06,0.465,0.947,1.8,9.8,2.3,4.7,0.7,0.2,1.1
Karlo Matkovic,NOP,2025-26:62 2024-25:42,0.591,0.751,0.57,6.40,4.14,0.91,0.45,0.91,0.72,0.589,0.754,0.5,6.0,3.9,0.9,0.4,0.9,0.7
Baylor Scheierman,BOS,2025-26:77 2024-25:31,0.433,0.867,1.16,5.08,3.15,1.40,0.55,0.07,0.55,0.430,0.861,1.5,6.6,4.1,1.9,0.7,0.1,0.7
Gui Santos,GSW,2025-26:68 2024-25:56 2023-24:23,0.491,0.731,0.88,6.76,3.42,1.83,0.66,0.25,1.10,0.488,0.715,1.4,10.8,5.6,3.0,1.1,0.4,1.8
Justin Champagnie,WAS,2025-26:69 2024-25:62 2023-24:15,0.500,0.751,0.94,8.51,5.46,1.12,0.92,0.62,0.74,0.506,0.740,0.9,8.4,5.5,1.0,0.9,0.6,0.8
Javonte Green,DET,2025-26:82 2024-25:68 2023-24:9,0.451,0.801,0.96,6.44,3.14,0.73,1.13,0.39,0.53,0.438,0.793,0.8,4.8,2.4,0.6,0.9,0.3,0.4
Harrison Barnes,SAS,2025-26:77 2024-25:82 2023-24:82,0.479,0.813,1.84,11.33,3.18,1.65,0.59,0.16,0.71,0.484,0.814,1.2,7.7,2.2,1.2,0.4,0.1,0.4
Precious Achiuwa,SAC,2025-26:73 2024-25:57 2023-24:74,0.516,0.578,0.31,8.46,6.37,1.25,0.80,0.76,0.93,0.519,0.566,0.3,8.4,6.0,1.1,0.8,0.7,0.8
Gary Payton II,GSW,2025-26:73 2024-25:62 2023-24:44,0.577,0.665,0.50,6.79,3.23,1.46,0.89,0.30,0.73,0.580,0.677,0.4,6.7,3.2,1.5,0.9,0.3,0.7
Bruce Brown,NYK,2025-26:82 2024-25:41 2023-24:67,0.464,0.793,0.71,8.75,4.00,2.30,0.95,0.25,1.12,0.450,0.720,0.7,5.5,2.5,1.8,0.6,0.2,0.8
Dominick Barlow,PHI,2025-26:71 2024-25:35 2023-24:33,0.532,0.702,0.24,6.31,4.01,1.04,0.65,0.62,0.55,0.538,0.703,0.3,6.1,3.7,1.0,0.7,0.6,0.6
Jamal Shead,TOR,2025-26:82 2024-25:75,0.384,0.779,1.00,6.84,1.65,4.91,0.86,0.16,1.45,0.386,0.781,1.0,6.6,1.6,4.6,0.8,0.2,1.4
John Konchar,FA,2025-26:56 2024-25:46 2023-24:55,0.453,0.768,0.55,3.80,4.09,1.73,1.09,0.63,0.60,0.465,0.760,0.4,2.7,2.8,1.2,0.9,0.4,0.4
Jonas Valanciunas,FA,2025-26:65 2024-25:81 2023-24:82,0.563,0.812,0.20,10.29,7.06,1.75,0.35,0.64,1.32,0.550,0.800,0.2,10.0,7.5,1.5,0.4,0.6,1.4
Dru Smith,MIA,2025-26:70 2024-25:14 2023-24:9,0.429,0.824,0.64,5.64,2.43,2.39,1.41,0.32,0.83,0.430,0.824,0.6,5.4,2.3,2.2,1.3,0.3,0.8
Pelle Larsson,MIA,2025-26:70 2024-25:55,0.483,0.775,0.77,8.78,2.79,2.53,0.65,0.19,1.05,0.480,0.771,0.9,10.5,3.3,3.0,0.9,0.3,1.3
Vit Krejci,POR,2025-26:65 2024-25:57 2023-24:22,0.467,0.735,1.75,7.76,2.46,2.00,0.68,0.34,0.75,0.466,0.729,1.2,5.3,1.7,1.4,0.5,0.3,0.5
Jock Landale,ATL,2025-26:68 2024-25:42 2023-24:56,0.517,0.674,0.66,7.71,4.44,1.36,0.42,0.47,0.71,0.519,0.643,1.0,10.0,5.7,1.7,0.6,0.6,0.9
Dean Wade,PHI,2025-26:59 2024-25:59 2023-24:54,0.425,0.667,1.32,5.57,4.16,1.26,0.73,0.39,0.33,0.427,0.630,1.2,5.2,3.9,1.3,0.7,0.3,0.3
Isaac Okoro,CHI,2025-26:63 2024-25:55 2023-24:69,0.470,0.741,1.13,8.37,2.70,1.57,0.71,0.42,0.65,0.462,0.773,0.7,5.4,1.8,1.0,0.4,0.2,0.4
Brandon Williams,GSW,2025-26:66 2024-25:33 2023-24:17,0.477,0.795,0.56,10.83,2.39,3.19,0.80,0.24,1.56,0.450,0.800,1.2,10.5,2.4,3.2,0.6,0.2,1.5
Ryan Dunn,PHX,2025-26:70 2024-25:74,0.441,0.489,0.94,6.31,3.95,1.14,0.74,0.47,0.68,0.440,0.492,0.9,6.0,3.7,1.1,0.7,0.4,0.6
Nicolas Batum,FA,2025-26:74 2024-25:78 2023-24:60,0.427,0.782,1.20,4.27,2.94,1.21,0.68,0.43,0.51,0.450,0.800,1.1,4.8,3.5,1.5,0.6,0.4,0.6
Mouhamed Gueye,ATL,2025-26:77 2024-25:33 2023-24:6,0.439,0.692,0.55,4.80,3.73,0.87,0.81,0.63,0.43,0.440,0.698,0.7,5.7,4.4,1.0,0.9,0.8,0.5
Simone Fontecchio,MIA,2025-26:70 2024-25:75 2023-24:66,0.424,0.835,1.56,8.07,3.13,1.26,0.52,0.19,0.78,0.407,0.836,1.4,7.2,2.9,1.1,0.5,0.2,0.7
Kentavious Caldwell-Pope,PHI,2025-26:51 2024-25:77 2023-24:76,0.436,0.890,1.39,9.01,2.34,2.26,1.14,0.38,0.98,0.428,0.877,0.7,4.6,1.3,1.2,0.6,0.2,0.5
Marvin Bagley III,DEN,2025-26:60 2024-25:31 2023-24:50,0.596,0.691,0.28,9.46,5.40,1.10,0.41,0.60,0.92,0.599,0.660,0.3,9.3,5.6,1.2,0.4,0.7,0.9
Terance Mann,BKN,2025-26:63 2024-25:67 2023-24:75,0.487,0.773,0.91,7.82,3.17,2.22,0.65,0.22,0.85,0.478,0.745,0.6,5.3,2.2,1.8,0.5,0.2,0.6
Will Richard,GSW,2025-26:69,0.468,0.852,1.03,6.39,2.49,1.35,1.16,0.13,0.77,0.469,0.852,0.7,4.4,1.7,0.9,0.8,0.1,0.5
Luka Garza,BOS,2025-26:69 2024-25:39 2023-24:25,0.554,0.750,0.59,6.31,2.98,0.67,0.30,0.27,0.51,0.557,0.747,0.7,7.4,3.6,0.9,0.4,0.4,0.7
Jordan Walsh,BOS,2025-26:68 2024-25:52 2023-24:9,0.478,0.740,0.53,3.81,2.95,0.63,0.54,0.35,0.44,0.474,0.747,0.8,5.5,4.2,0.9,0.8,0.5,0.7
Bones Hyland,MIN,2025-26:71 2024-25:24 2023-24:37,0.432,0.799,1.49,7.80,1.60,2.40,0.66,0.20,1.04,0.442,0.801,1.5,7.6,1.6,2.2,0.6,0.2,1.0
Craig Porter Jr.,CLE,2025-26:64 2024-25:51 2023-24:51,0.480,0.675,0.42,4.51,2.50,2.46,0.61,0.44,0.86,0.471,0.662,0.5,4.0,2.4,2.3,0.7,0.5,0.8
Sion James,CHA,2025-26:82,0.371,0.837,1.01,5.38,3.50,1.99,0.63,0.24,0.79,0.371,0.841,0.8,3.9,2.5,1.5,0.5,0.2,0.6
Mike Conley,BOS,2025-26:54 2024-25:71 2023-24:76,0.408,0.904,1.69,7.88,2.36,4.36,0.97,0.23,0.99,0.380,0.892,1.1,4.8,1.7,2.8,0.6,0.1,0.6
Ben Sheppard,IND,2025-26:65 2024-25:63 2023-24:57,0.422,0.816,1.12,5.85,2.61,1.43,0.60,0.12,0.45,0.427,0.815,0.7,3.6,1.7,0.9,0.3,0.1,0.3
Ben Simmons,SAC,2024-25:51 2023-24:15,0.532,0.644,0.00,5.22,5.31,5.61,0.76,0.48,1.96,0.520,0.650,0.0,5.0,4.5,4.8,0.9,0.5,1.8
Will Riley,WAS,2025-26:74,0.439,0.800,1.05,10.32,2.86,1.97,0.73,0.12,1.27,0.445,0.800,1.4,11.8,3.2,2.3,0.7,0.2,1.4
Kingston Flemings,ATL,,,,,,,,,,,0.420,0.760,1.0,8.0,2.5,3.0,0.8,0.2,1.5
Zach Collins,CHI,2025-26:10 2024-25:64 2023-24:69,0.501,0.793,0.68,8.66,4.96,2.15,0.44,0.57,1.34,0.520,0.800,0.6,7.0,4.6,1.6,0.4,0.5,1.0
Yang Hansen,POR,2025-26:43,0.310,0.824,0.12,2.21,1.53,0.51,0.07,0.23,0.74,0.420,0.750,0.1,2.5,1.8,0.6,0.1,0.3,0.7
