player,team,gp,mpg,fga,fgm,fg_pct,fta,ftm,ft_pct,tpm,pts,reb,ast,stl,blk,tov
A.J. Green,MIL,35,9.9,3.6,1.5,.424,0.1,0.1,1.000,1.3,4.4,1.3,0.6,0.2,0.0,0.3
A.J. Lawson,2TM,15,7.2,2.9,1.5,.500,0.5,0.1,.250,0.7,3.7,1.4,0.1,0.1,0.0,0.2
AJ Griffin,ATL,72,19.5,7.4,3.4,.465,0.7,0.6,.894,1.4,8.9,2.1,1.0,0.6,0.2,0.6
Aaron Gordon,DEN,68,30.2,11.2,6.3,.564,4.6,2.8,.608,0.9,16.3,6.6,3.0,0.8,0.8,1.4
Aaron Holiday,ATL,63,13.4,3.5,1.5,.418,0.5,0.4,.844,0.6,3.9,1.2,1.4,0.6,0.2,0.6
Aaron Nesmith,IND,73,24.9,8.1,3.5,.427,1.9,1.6,.838,1.6,10.1,3.8,1.3,0.8,0.5,1.0
Aaron Wiggins,OKC,70,18.5,5.2,2.7,.512,1.0,0.8,.831,0.7,6.8,3.0,1.1,0.6,0.2,0.8
Admiral Schofield,ORL,37,12.2,3.3,1.5,.451,0.6,0.6,.913,0.6,4.2,1.7,0.8,0.2,0.1,0.4
Al Horford,BOS,63,30.5,7.6,3.6,.476,0.3,0.2,.714,2.3,9.8,6.2,3.0,0.5,1.0,0.6
Alec Burks,DET,51,22.0,9.0,3.9,.436,3.7,3.0,.814,1.9,12.8,3.1,2.2,0.7,0.2,1.1
Aleksej Pokusevski,OKC,34,20.6,7.3,3.2,.434,1.0,0.6,.629,1.1,8.1,4.7,1.9,0.6,1.3,1.3
Alex Caruso,CHI,67,23.5,4.3,1.9,.455,1.1,0.9,.808,0.8,5.6,2.9,2.9,1.5,0.7,1.1
Alex Len,SAC,26,6.2,1.2,0.6,.533,0.6,0.4,.688,0.0,1.7,2.3,0.5,0.2,0.4,0.6
Alize Johnson,SAS,4,7.5,1.5,0.8,.500,0.5,0.3,.500,0.0,1.8,2.5,0.3,0.3,0.0,1.0
Alondes Williams,BRK,1,5.0,0.0,0.0,,0.0,0.0,,0.0,0.0,1.0,0.0,0.0,0.0,2.0
Alperen Şengün,HOU,75,28.9,10.7,5.9,.553,3.8,2.7,.715,0.3,14.8,9.0,3.9,0.9,0.9,2.6
Amir Coffey,LAC,50,12.5,2.9,1.1,.386,1.3,1.0,.778,0.2,3.4,1.1,1.1,0.1,0.1,0.4
Andre Drummond,CHI,67,12.7,4.1,2.5,.606,1.9,1.0,.536,0.0,6.0,6.6,0.5,0.7,0.4,1.1
Andre Iguodala,GSW,8,14.1,1.9,0.9,.467,0.4,0.3,.667,0.1,2.1,2.1,2.4,0.5,0.4,1.1
Andrew Nembhard,IND,75,27.6,8.6,3.8,.441,0.8,0.7,.790,1.2,9.5,2.7,4.5,0.9,0.2,1.7
Andrew Wiggins,GSW,37,32.2,14.3,6.8,.473,1.9,1.2,.611,2.4,17.1,5.0,2.3,1.2,0.8,1.3
Anfernee Simons,POR,62,35.0,16.9,7.5,.447,2.9,2.6,.894,3.4,21.1,2.6,4.1,0.7,0.2,2.1
Anthony Davis,LAL,56,34.0,17.2,9.7,.563,7.9,6.2,.784,0.3,25.9,12.5,2.6,1.1,2.0,2.2
Anthony Edwards,MIN,79,36.0,19.5,8.9,.459,5.3,4.0,.756,2.7,24.6,5.8,4.4,1.6,0.7,3.3
Anthony Gill,WAS,59,10.6,2.2,1.2,.538,1.1,0.8,.731,0.1,3.3,1.7,0.6,0.1,0.2,0.3
Anthony Lamb,GSW,62,19.3,5.1,2.4,.471,1.0,0.7,.767,1.2,6.7,3.5,1.5,0.5,0.3,0.9
Austin Reaves,LAL,64,28.8,7.7,4.0,.529,4.1,3.6,.864,1.3,13.0,3.0,3.4,0.5,0.3,1.5
Austin Rivers,MIN,52,19.5,4.0,1.8,.435,0.8,0.6,.769,0.8,4.9,1.6,1.4,0.5,0.1,0.4
Ayo Dosunmu,CHI,80,26.2,7.1,3.5,.493,1.0,0.8,.805,0.7,8.6,2.8,2.6,0.8,0.3,1.2
Bam Adebayo,MIA,75,34.6,14.9,8.0,.540,5.4,4.3,.806,0.0,20.4,9.2,3.2,1.2,0.8,2.5
Ben Simmons,BRK,42,26.3,5.6,3.2,.566,1.4,0.6,.439,0.0,6.9,6.3,6.1,1.3,0.6,2.3
Bennedict Mathurin,IND,78,28.5,12.2,5.3,.434,5.8,4.8,.828,1.3,16.7,4.1,1.5,0.6,0.2,1.9
Bismack Biyombo,PHO,61,14.3,3.4,2.0,.578,1.1,0.4,.357,0.0,4.3,4.3,0.9,0.3,1.4,0.8
Blake Griffin,BOS,41,13.9,3.2,1.5,.485,0.8,0.5,.656,0.6,4.1,3.8,1.5,0.3,0.2,0.5
Blake Wesley,SAS,37,18.1,5.8,1.9,.321,1.2,0.7,.591,0.5,5.0,2.2,2.6,0.7,0.1,1.8
Boban Marjanović,HOU,31,5.5,1.9,1.3,.683,0.9,0.6,.741,0.0,3.3,1.9,0.3,0.2,0.1,0.5
Bobby Portis,MIL,70,26.0,11.5,5.7,.496,1.8,1.4,.768,1.4,14.1,9.6,1.5,0.4,0.2,1.2
Bogdan Bogdanović,ATL,54,27.9,11.3,5.1,.447,1.4,1.2,.831,2.7,14.0,3.1,2.8,0.8,0.3,1.2
Bojan Bogdanović,DET,59,32.1,14.9,7.3,.488,5.1,4.5,.884,2.5,21.6,3.8,2.6,0.6,0.1,2.3
Bol Bol,ORL,70,21.5,6.8,3.7,.546,1.5,1.2,.759,0.4,9.1,5.8,1.0,0.4,1.2,1.6
Bones Hyland,2TM,56,19.4,10.2,4.1,.399,1.8,1.5,.843,2.1,11.8,2.4,3.1,0.7,0.3,1.5
Bradley Beal,WAS,50,33.5,17.6,8.9,.506,4.6,3.8,.842,1.6,23.2,3.9,5.4,0.9,0.7,2.9
Brandon Boston Jr.,LAC,22,11.3,5.5,2.3,.418,1.7,1.3,.763,0.5,6.5,1.4,0.9,0.4,0.0,0.5
Brandon Clarke,MEM,56,19.5,6.2,4.1,.656,2.4,1.8,.723,0.0,10.0,5.5,1.3,0.6,0.7,1.0
Brandon Ingram,NOP,45,34.2,18.6,9.0,.484,6.0,5.3,.882,1.4,24.7,5.5,5.8,0.7,0.4,3.3
Braxton Key,DET,3,3.0,0.3,0.3,1.000,0.7,0.7,1.000,0.0,1.3,0.3,0.0,0.0,0.0,0.0
Brook Lopez,MIL,78,30.4,11.5,6.1,.531,2.4,1.9,.784,1.7,15.9,6.7,1.3,0.5,2.5,1.4
Bruce Brown,DEN,80,28.5,9.3,4.5,.483,1.9,1.5,.758,1.1,11.5,4.1,3.4,1.1,0.6,1.5
Bruno Fernando,2TM,39,10.4,2.9,1.5,.527,1.3,0.9,.700,0.0,3.9,3.5,0.8,0.2,0.9,0.6
Bryce McGowens,CHO,46,17.1,4.4,1.7,.396,1.7,1.3,.750,0.6,5.3,2.0,1.2,0.3,0.1,0.9
Bryn Forbes,MIN,25,10.7,3.3,1.2,.361,0.6,0.6,1.000,0.6,3.6,0.6,0.7,0.3,0.1,0.5
Buddy Boeheim,DET,10,9.0,2.7,0.5,.185,0.2,0.2,1.000,0.4,1.6,0.6,0.4,0.2,0.0,0.0
Buddy Hield,IND,80,31.0,13.0,5.9,.458,1.6,1.3,.822,3.6,16.8,5.0,2.8,1.2,0.3,1.7
CJ McCollum,NOP,75,35.3,17.9,7.8,.437,3.2,2.4,.769,2.8,20.9,4.4,5.7,0.9,0.5,2.4
Cade Cunningham,DET,12,33.3,18.7,7.8,.415,3.6,3.0,.837,1.4,19.9,6.2,6.0,0.8,0.6,3.3
Caleb Houstan,ORL,51,15.9,3.6,1.3,.363,0.4,0.3,.833,0.9,3.8,1.9,0.6,0.2,0.1,0.4
Caleb Martin,MIA,71,29.3,7.7,3.6,.464,1.6,1.3,.805,1.2,9.6,4.8,1.6,1.0,0.4,1.1
Cam Reddish,2TM,40,24.8,7.8,3.5,.446,1.9,1.6,.853,1.1,9.7,2.2,1.4,1.0,0.4,1.2
Cam Thomas,BRK,57,16.6,8.0,3.5,.441,3.1,2.6,.868,0.9,10.6,1.7,1.4,0.4,0.1,1.1
Cameron Johnson,2TM,42,28.5,11.3,5.3,.470,2.9,2.4,.842,2.5,15.5,4.4,1.9,1.2,0.3,0.9
Cameron Payne,PHO,48,20.2,9.4,3.9,.415,1.3,1.0,.766,1.4,10.3,2.2,4.5,0.7,0.2,1.7
Caris LeVert,CLE,74,30.2,10.0,4.3,.431,2.4,1.8,.722,1.7,12.1,3.8,3.9,1.0,0.3,1.6
Carlik Jones,CHI,7,8.0,2.1,0.9,.400,1.1,0.7,.625,0.4,2.9,0.7,0.9,0.3,0.0,0.3
Cedi Osman,CLE,77,20.1,6.9,3.1,.451,1.4,1.0,.694,1.5,8.7,2.3,1.5,0.5,0.1,0.7
Chance Comanche,POR,1,21.0,5.0,3.0,.600,4.0,1.0,.250,0.0,7.0,3.0,0.0,0.0,1.0,0.0
Charles Bassey,SAS,35,14.5,3.9,2.5,.644,1.1,0.6,.595,0.1,5.7,5.5,1.4,0.5,0.9,1.2
Chima Moneke,SAC,2,4.0,1.0,0.5,.500,1.0,0.0,.000,0.0,1.0,1.0,0.5,0.0,0.0,1.0
Chimezie Metu,SAC,66,10.4,3.3,2.0,.589,1.1,0.8,.740,0.1,4.9,3.0,0.6,0.3,0.3,0.5
Chris Boucher,TOR,76,20.0,7.0,3.4,.493,2.2,1.7,.762,0.8,9.4,5.5,0.4,0.6,0.8,0.5
Chris Duarte,IND,46,19.5,7.2,2.7,.369,1.6,1.3,.847,1.2,7.9,2.5,1.4,0.5,0.2,0.9
Chris Paul,PHO,59,32.0,11.3,5.0,.440,2.7,2.3,.831,1.7,13.9,4.3,8.9,1.5,0.4,1.9
Chris Silva,DAL,1,3.0,1.0,1.0,1.000,0.0,0.0,,0.0,2.0,0.0,0.0,0.0,0.0,1.0
Christian Braun,DEN,76,15.5,3.8,1.9,.495,0.8,0.5,.625,0.4,4.7,2.4,0.8,0.5,0.2,0.5
Christian Koloko,TOR,58,13.8,2.6,1.2,.480,1.0,0.6,.627,0.0,3.1,2.9,0.5,0.4,1.0,0.3
Christian Wood,DAL,67,25.9,11.5,5.9,.515,4.2,3.2,.772,1.6,16.6,7.3,1.8,0.4,1.1,1.8
Chuma Okeke,ORL,27,19.2,4.5,1.6,.352,0.8,0.6,.762,1.0,4.7,3.6,1.4,0.7,0.4,0.6
Clint Capela,ATL,65,26.6,8.2,5.4,.653,2.0,1.2,.603,0.0,12.0,11.0,0.9,0.7,1.2,0.8
Coby White,CHI,74,23.4,8.0,3.6,.443,0.9,0.8,.871,1.7,9.7,2.9,2.8,0.7,0.1,1.0
Cody Martin,CHO,7,19.1,5.1,2.0,.389,1.0,0.6,.571,0.4,5.0,3.4,1.6,0.6,0.1,0.3
Cody Zeller,MIA,15,14.5,3.9,2.5,.627,2.3,1.6,.686,0.0,6.5,4.3,0.7,0.2,0.3,0.9
Cole Anthony,ORL,60,25.9,10.2,4.6,.454,2.8,2.5,.894,1.3,13.0,4.8,3.9,0.6,0.5,1.5
Cole Swider,LAL,7,5.9,1.3,0.4,.333,0.0,0.0,,0.4,1.3,1.0,0.6,0.0,0.0,0.0
Collin Sexton,UTA,48,23.9,9.8,4.9,.506,4.1,3.4,.819,1.0,14.3,2.2,2.9,0.6,0.1,1.8
Corey Kispert,WAS,74,28.3,7.9,3.9,.497,1.2,1.0,.852,2.2,11.1,2.8,1.2,0.4,0.1,0.7
Cory Joseph,DET,62,19.8,5.7,2.4,.427,1.2,0.9,.792,1.1,6.9,1.7,3.5,0.5,0.1,0.9
D'Angelo Russell,2TM,71,32.5,13.4,6.3,.469,3.0,2.5,.829,2.7,17.8,3.0,6.2,1.0,0.4,2.6
DaQuan Jeffries,NYK,2,2.5,0.0,0.0,,0.0,0.0,,0.0,0.0,0.0,0.0,0.0,0.0,0.0
Daishen Nix,HOU,57,16.0,4.2,1.4,.342,0.6,0.4,.667,0.7,4.0,1.7,2.3,0.5,0.1,1.5
Dalano Banton,TOR,31,9.0,4.2,1.8,.423,0.8,0.5,.708,0.5,4.6,1.5,1.2,0.4,0.4,0.6
Dalen Terry,CHI,38,5.6,1.9,0.8,.444,0.6,0.4,.667,0.2,2.2,1.0,0.6,0.3,0.1,0.2
Damian Jones,2TM,41,11.6,2.1,1.3,.640,0.7,0.5,.759,0.2,3.5,3.0,0.4,0.2,0.5,0.6
Damian Lillard,POR,58,36.3,20.7,9.6,.463,9.6,8.8,.914,4.2,32.2,4.8,7.3,0.9,0.3,3.3
Damion Lee,PHO,74,20.4,6.1,2.7,.442,1.4,1.3,.904,1.5,8.2,3.0,1.3,0.4,0.1,1.1
Daniel Gafford,WAS,78,20.6,5.1,3.7,.732,2.4,1.6,.679,0.0,9.0,5.6,1.1,0.4,1.3,1.1
Daniel Theis,IND,7,15.6,6.3,3.0,.477,1.7,0.7,.417,0.3,7.0,3.1,1.3,0.3,0.9,0.4
Danny Green,2TM,11,12.5,4.5,2.0,.449,0.1,0.1,1.000,1.5,5.5,1.3,0.5,0.5,0.3,0.9
Danuel House Jr.,PHI,56,14.4,3.5,1.7,.472,1.1,0.8,.750,0.7,4.8,1.7,0.8,0.3,0.2,0.5
Dario Šarić,2TM,57,14.1,4.9,2.2,.458,1.3,1.1,.829,0.8,6.4,3.6,1.3,0.4,0.1,1.0
Darius Bazley,2TM,43,14.3,4.3,1.9,.454,1.6,0.9,.543,0.5,5.2,3.2,0.9,0.5,0.8,0.6
Darius Days,HOU,4,6.3,3.0,1.3,.417,0.5,0.5,1.000,0.8,3.8,1.5,0.3,0.0,0.3,0.0
Darius Garland,CLE,69,35.5,16.4,7.6,.462,4.7,4.0,.863,2.4,21.6,2.7,7.8,1.2,0.1,2.9
David Duke Jr.,BRK,23,9.9,3.4,1.6,.462,0.7,0.5,.706,0.0,3.7,1.3,0.9,0.4,0.0,0.8
David Roddy,MEM,70,18.0,6.0,2.6,.429,0.9,0.6,.631,0.9,6.7,2.8,0.8,0.4,0.3,0.8
Davion Mitchell,SAC,80,18.1,5.0,2.3,.454,0.4,0.3,.806,0.8,5.6,1.3,2.3,0.6,0.2,0.8
Davon Reed,2TM,43,8.0,2.0,0.7,.333,0.6,0.4,.667,0.4,2.1,1.4,0.5,0.3,0.1,0.5
Day'Ron Sharpe,BRK,48,11.5,3.6,1.9,.544,1.1,0.7,.636,0.1,4.7,4.2,0.8,0.3,0.7,0.9
De'Aaron Fox,SAC,73,33.4,18.2,9.3,.512,6.0,4.7,.780,1.6,25.0,4.2,6.1,1.1,0.3,2.5
De'Andre Hunter,ATL,67,31.7,12.3,5.7,.461,3.1,2.6,.826,1.5,15.4,4.2,1.4,0.5,0.3,1.2
De'Anthony Melton,PHI,77,27.9,8.5,3.6,.425,1.1,0.9,.793,2.0,10.1,4.1,2.6,1.6,0.5,1.3
DeAndre Jordan,DEN,39,15.0,2.9,2.3,.765,1.2,0.6,.458,0.0,5.1,5.2,0.9,0.3,0.6,1.2
DeMar DeRozan,CHI,74,36.2,17.6,8.9,.504,7.1,6.2,.872,0.6,24.5,4.6,5.1,1.1,0.5,2.1
Dean Wade,CLE,44,20.3,4.0,1.7,.412,0.5,0.3,.652,1.0,4.7,3.4,0.8,0.6,0.5,0.4
Deandre Ayton,PHO,67,30.4,13.2,7.8,.589,3.0,2.3,.760,0.1,18.0,10.0,1.7,0.6,0.8,1.8
Dejounte Murray,ATL,74,36.4,17.8,8.3,.464,2.6,2.1,.832,1.8,20.5,5.3,6.1,1.5,0.3,2.2
Delon Wright,WAS,50,24.4,5.8,2.8,.474,1.2,1.0,.867,0.8,7.4,3.6,3.9,1.8,0.3,0.9
Deni Avdija,WAS,76,26.6,7.6,3.3,.437,2.2,1.6,.739,0.9,9.2,6.4,2.8,0.9,0.4,1.6
Dennis Schröder,LAL,66,30.1,9.8,4.1,.415,3.8,3.3,.857,1.1,12.6,2.5,4.5,0.8,0.2,1.7
Dennis Smith Jr.,CHO,54,25.7,8.4,3.4,.412,2.0,1.4,.736,0.4,8.8,3.1,4.8,1.4,0.5,1.5
Deonte Burton,SAC,2,3.0,1.0,0.0,.000,0.0,0.0,,0.0,0.0,0.0,0.0,0.0,0.0,0.0
Dereon Seabron,NOP,5,2.4,1.0,0.4,.400,0.0,0.0,,0.0,0.8,0.2,0.0,0.0,0.0,0.0
Derrick Jones Jr.,CHI,64,14.0,3.6,1.8,.500,1.3,1.0,.738,0.4,5.0,2.4,0.5,0.5,0.6,0.4
Derrick Rose,NYK,27,12.5,5.9,2.3,.384,0.4,0.4,.917,0.7,5.6,1.5,1.7,0.3,0.2,0.8
Derrick White,BOS,82,28.3,9.2,4.3,.462,2.3,2.0,.875,1.8,12.4,3.6,3.9,0.7,0.9,1.2
Desmond Bane,MEM,58,31.7,16.2,7.8,.479,3.5,3.1,.883,2.9,21.5,5.0,4.4,1.0,0.4,2.2
Devin Booker,PHO,53,34.6,20.1,9.9,.494,6.8,5.8,.855,2.1,27.8,4.5,5.5,1.0,0.3,2.7
Devin Vassell,SAS,38,31.0,15.7,6.9,.439,2.6,2.1,.780,2.7,18.5,3.9,3.6,1.1,0.4,1.5
Devon Dotson,WAS,6,8.8,1.7,0.2,.100,0.0,0.0,,0.2,0.5,1.7,1.3,0.8,0.0,0.5
Devonte' Graham,2TM,73,18.3,5.9,2.2,.374,1.8,1.3,.748,1.6,7.4,1.7,2.7,0.6,0.2,0.7
Dewayne Dedmon,2TM,38,11.2,4.0,2.0,.510,1.3,0.9,.673,0.3,5.2,3.5,0.7,0.2,0.5,0.7
Dillon Brooks,MEM,73,30.3,13.6,5.4,.396,2.1,1.6,.779,2.0,14.3,3.3,2.6,0.9,0.2,1.4
Domantas Sabonis,SAC,79,34.6,11.9,7.3,.615,5.5,4.1,.742,0.4,19.1,12.3,7.3,0.8,0.5,2.9
Dominick Barlow,SAS,28,14.6,3.1,1.6,.535,0.9,0.6,.720,0.0,3.9,3.6,0.9,0.4,0.7,0.5
Donovan Mitchell,CLE,68,35.8,20.6,10.0,.484,5.4,4.7,.867,3.6,28.3,4.3,4.4,1.5,0.4,2.6
Donovan Williams,ATL,2,2.0,2.5,1.0,.400,0.0,0.0,,0.0,2.0,1.0,0.0,0.0,0.0,0.0
Donte DiVincenzo,GSW,72,26.3,7.5,3.3,.435,1.0,0.8,.817,2.1,9.4,4.5,3.5,1.3,0.1,1.6
Dorian Finney-Smith,2TM,66,30.4,7.6,3.0,.391,0.9,0.7,.763,1.7,8.3,4.8,1.5,0.8,0.5,0.9
Doug McDermott,SAS,64,20.5,8.2,3.7,.457,1.1,0.8,.757,1.9,10.2,2.2,1.4,0.2,0.1,0.9
Draymond Green,GSW,73,31.5,6.5,3.4,.527,1.5,1.1,.713,0.5,8.5,7.2,6.8,1.0,0.8,2.8
Drew Eubanks,POR,78,20.3,4.3,2.7,.641,1.6,1.1,.664,0.1,6.6,5.4,1.3,0.5,1.3,0.9
Dru Smith,2TM,15,10.5,3.0,1.2,.400,0.2,0.2,1.000,0.3,2.9,1.6,1.5,0.7,0.3,0.2
Duane Washington Jr.,PHO,31,12.7,8.3,3.0,.367,0.8,0.5,.667,1.3,7.9,1.2,2.0,0.2,0.1,1.1
Duncan Robinson,MIA,42,16.5,5.6,2.1,.371,0.8,0.7,.906,1.5,6.4,1.6,1.1,0.3,0.0,0.7
Dwight Powell,DAL,76,19.2,3.5,2.6,.732,2.2,1.5,.667,0.0,6.7,4.1,0.9,0.6,0.3,0.9
Dylan Windler,CLE,3,3.3,1.0,0.7,.667,0.0,0.0,,0.3,1.7,0.0,0.3,0.3,0.0,0.3
Dyson Daniels,NOP,59,17.7,3.5,1.5,.418,0.7,0.4,.650,0.5,3.8,3.2,2.3,0.7,0.2,1.0
Dāvis Bertāns,DAL,45,10.9,3.6,1.5,.431,0.3,0.3,.867,1.2,4.6,1.2,0.5,0.2,0.2,0.2
Edmond Sumner,BRK,53,13.9,5.1,2.3,.461,2.0,1.9,.917,0.6,7.1,1.5,1.3,0.6,0.2,0.9
Eric Gordon,2TM,69,28.5,9.5,4.2,.446,2.5,2.1,.821,1.9,12.4,1.9,2.7,0.6,0.4,1.5
Eugene Omoruyi,2TM,40,16.1,5.7,2.5,.443,1.9,1.3,.680,0.6,7.0,2.8,0.7,0.7,0.1,0.9
Evan Fournier,NYK,27,17.0,6.1,2.1,.337,0.8,0.7,.857,1.3,6.1,1.8,1.3,0.6,0.1,0.8
Evan Mobley,CLE,79,34.4,12.0,6.6,.554,3.8,2.6,.674,0.3,16.2,9.0,2.8,0.8,1.5,1.8
Facundo Campazzo,DAL,8,6.5,1.6,0.4,.231,0.3,0.1,.500,0.4,1.3,0.3,1.1,0.8,0.0,0.4
Frank Jackson,UTA,1,5.0,3.0,0.0,.000,0.0,0.0,,0.0,0.0,2.0,1.0,0.0,0.0,0.0
Frank Kaminsky,2TM,36,6.5,1.8,0.9,.492,0.4,0.4,.875,0.4,2.5,1.4,0.9,0.2,0.1,0.3
Frank Ntilikina,DAL,47,12.9,2.8,1.0,.364,0.7,0.5,.667,0.4,2.9,1.3,1.2,0.3,0.1,0.6
Franz Wagner,ORL,80,32.6,14.0,6.8,.485,4.0,3.4,.842,1.6,18.6,4.1,3.5,1.0,0.2,2.1
Fred VanVleet,TOR,69,36.7,16.1,6.3,.393,4.1,3.7,.898,3.0,19.3,4.1,7.2,1.8,0.6,2.0
Furkan Korkmaz,PHI,37,9.5,3.0,1.3,.432,1.0,0.7,.722,0.5,3.8,1.1,0.6,0.3,0.1,0.6
Gabe Vincent,MIA,68,25.9,8.3,3.4,.402,1.1,1.0,.872,1.7,9.4,2.1,2.5,0.9,0.1,1.4
Gabe York,IND,3,18.7,7.0,2.7,.381,0.7,0.7,1.000,2.0,8.0,2.0,1.7,0.7,0.0,0.0
Garrett Temple,NOP,25,6.5,1.8,0.7,.400,0.2,0.1,.750,0.4,2.0,0.7,0.5,0.4,0.1,0.2
Garrison Mathews,2TM,54,12.7,3.7,1.4,.363,1.0,0.9,.906,1.2,4.8,1.4,0.5,0.4,0.1,0.4
Gary Harris,ORL,48,24.7,6.4,2.9,.450,0.6,0.6,.900,2.0,8.3,2.0,1.2,0.9,0.3,0.6
Gary Payton II,2TM,22,16.7,3.1,1.9,.594,0.3,0.3,.857,0.6,4.6,3.1,1.4,1.0,0.2,0.7
Gary Trent Jr.,TOR,66,32.1,14.2,6.1,.433,3.1,2.6,.839,2.5,17.4,2.6,1.6,1.6,0.2,0.8
George Hill,2TM,46,18.1,3.6,1.7,.470,1.2,0.9,.764,0.7,5.0,1.8,2.4,0.6,0.1,0.7
Georges Niang,PHI,78,19.4,6.4,2.8,.442,0.6,0.5,.867,2.0,8.2,2.4,1.0,0.4,0.2,0.7
Giannis Antetokounmpo,MIL,63,32.1,20.3,11.2,.553,12.3,7.9,.645,0.7,31.1,11.8,5.7,0.8,0.8,3.9
Goga Bitadze,2TM,38,12.0,3.3,1.8,.552,1.1,0.6,.548,0.2,4.4,3.6,1.0,0.4,0.7,0.6
Goran Dragić,2TM,58,15.0,5.8,2.4,.421,0.8,0.5,.689,0.9,6.3,1.4,2.6,0.2,0.1,1.1
Gordon Hayward,CHO,50,31.5,11.6,5.5,.475,3.2,2.6,.811,1.0,14.7,4.3,4.1,0.8,0.2,2.0
Gorgui Dieng,SAS,31,11.5,3.8,1.5,.385,0.4,0.3,.769,0.7,3.9,3.5,1.7,0.1,0.5,1.0
Grant Williams,BOS,79,25.9,6.0,2.7,.454,1.5,1.2,.770,1.5,8.1,4.6,1.7,0.5,0.4,1.0
Grayson Allen,MIL,72,27.4,7.7,3.4,.440,1.8,1.6,.905,2.0,10.4,3.3,2.3,0.9,0.2,1.0
Greg Brown III,POR,16,5.8,1.8,0.7,.393,0.8,0.3,.417,0.1,1.8,1.2,0.2,0.3,0.3,0.4
Hamidou Diallo,DET,56,17.8,6.7,3.8,.573,2.6,1.6,.588,0.1,9.3,3.5,1.0,0.9,0.3,1.3
Harrison Barnes,SAC,82,32.5,9.6,4.6,.473,5.0,4.3,.847,1.6,15.0,4.5,1.6,0.7,0.1,1.0
Haywood Highsmith,MIA,54,17.9,4.0,1.7,.431,0.5,0.2,.464,0.7,4.4,3.5,0.8,0.7,0.3,0.8
Herbert Jones,NOP,66,29.6,7.6,3.6,.469,2.4,1.9,.764,0.8,9.8,4.1,2.5,1.6,0.6,1.3
Immanuel Quickley,NYK,81,28.9,11.6,5.2,.448,3.1,2.5,.819,2.1,14.9,4.2,3.4,1.0,0.2,1.2
Isaac Okoro,CLE,76,21.7,4.7,2.3,.494,1.4,1.0,.757,0.8,6.4,2.5,1.1,0.7,0.4,0.6
Isaiah Hartenstein,NYK,82,19.8,4.0,2.1,.535,0.9,0.6,.676,0.1,5.0,6.5,1.2,0.6,0.8,0.8
Isaiah Jackson,IND,63,16.5,5.0,2.8,.563,2.3,1.5,.651,0.0,7.2,4.5,0.8,0.5,1.5,0.8
Isaiah Joe,OKC,73,19.1,7.0,3.1,.441,1.4,1.1,.820,2.2,9.5,2.4,1.2,0.7,0.1,0.5
Isaiah Livers,DET,52,23.1,5.5,2.3,.417,0.8,0.6,.821,1.4,6.7,2.8,0.8,0.5,0.5,0.6
Isaiah Mobley,CLE,12,7.0,2.3,1.0,.429,0.3,0.3,1.000,0.3,2.6,1.7,0.3,0.3,0.3,0.1
Isaiah Roby,SAS,42,11.3,3.7,1.6,.432,1.0,0.5,.488,0.4,4.1,2.5,0.9,0.4,0.2,0.7
Isaiah Stewart,DET,50,28.3,8.8,3.9,.442,3.0,2.2,.738,1.3,11.3,8.1,1.4,0.4,0.7,1.4
Isaiah Todd,WAS,6,10.2,3.2,0.5,.158,0.3,0.3,1.000,0.2,1.5,2.0,0.7,0.2,0.0,0.3
Ish Smith,DEN,43,9.3,3.0,1.2,.397,0.1,0.0,.500,0.0,2.5,1.3,2.3,0.2,0.2,1.0
Ish Wainright,PHO,60,15.3,3.8,1.4,.370,0.5,0.4,.839,1.0,4.2,2.3,0.9,0.6,0.4,0.4
Ivica Zubac,LAC,76,28.6,6.8,4.3,.634,3.1,2.2,.697,0.0,10.8,9.9,1.0,0.4,1.3,1.5
JD Davison,BOS,12,5.5,1.6,0.7,.421,0.2,0.1,.500,0.2,1.6,0.8,0.9,0.2,0.2,0.3
JT Thor,CHO,69,14.0,3.4,1.4,.399,0.7,0.5,.702,0.6,3.8,2.2,0.5,0.3,0.3,0.6
Ja Morant,MEM,61,31.9,19.9,9.3,.466,8.1,6.1,.748,1.5,26.2,5.9,8.1,1.1,0.3,3.4
JaMychal Green,GSW,57,14.0,4.4,2.4,.540,1.2,0.9,.776,0.7,6.4,3.6,0.9,0.4,0.4,0.9
JaVale McGee,DAL,42,8.5,3.0,1.9,.640,1.0,0.6,.585,0.0,4.4,2.5,0.3,0.1,0.6,0.9
Jabari Smith Jr.,HOU,79,31.0,11.3,4.6,.408,2.6,2.1,.786,1.5,12.8,7.2,1.3,0.5,0.9,1.3
Jabari Walker,POR,56,11.1,3.5,1.5,.419,0.8,0.6,.756,0.3,3.9,2.3,0.6,0.2,0.2,0.5
Jack White,DEN,17,3.9,1.1,0.5,.421,0.2,0.1,.667,0.2,1.2,1.0,0.2,0.2,0.1,0.1
Jacob Gilyard,MEM,1,41.0,3.0,1.0,.333,0.0,0.0,,1.0,3.0,4.0,7.0,3.0,0.0,2.0
Jaden Hardy,DAL,48,14.8,6.9,3.0,.438,1.6,1.4,.823,1.3,8.8,1.9,1.4,0.4,0.1,1.0
Jaden Ivey,DET,74,31.1,13.3,5.5,.416,4.8,3.6,.747,1.6,16.3,3.9,5.2,0.8,0.2,3.2
Jaden McDaniels,MIN,79,30.6,9.1,4.7,.517,1.8,1.3,.736,1.4,12.1,3.9,1.9,0.9,1.0,1.4
Jaden Springer,PHI,16,5.6,2.2,1.1,.486,0.5,0.4,.750,0.1,2.6,0.9,0.5,0.4,0.2,0.2
Jae Crowder,MIL,18,18.9,5.2,2.5,.479,0.7,0.6,.833,1.3,6.9,3.8,1.5,0.7,0.3,0.4
Jae'Sean Tate,HOU,31,21.8,7.4,3.5,.480,2.2,1.6,.725,0.4,9.1,3.8,2.7,0.7,0.2,1.5
Jake LaRavia,MEM,35,11.8,2.7,1.1,.389,0.3,0.2,.778,0.7,3.0,1.8,0.6,0.3,0.1,0.5
Jakob Poeltl,2TM,72,26.5,8.6,5.4,.629,2.8,1.7,.592,0.0,12.5,9.1,2.7,0.9,1.2,1.7
Jalen Brunson,NYK,68,35.0,17.6,8.6,.491,5.8,4.8,.829,2.0,24.0,3.5,6.2,0.9,0.2,2.1
Jalen Duren,DET,67,24.9,5.9,3.9,.648,2.3,1.4,.611,0.0,9.1,8.9,1.1,0.7,0.9,1.4
Jalen Green,HOU,76,34.2,17.9,7.4,.416,6.1,4.8,.786,2.5,22.1,3.7,3.7,0.8,0.2,2.6
Jalen Johnson,ATL,70,14.9,4.6,2.3,.491,1.1,0.7,.628,0.4,5.6,4.0,1.2,0.5,0.5,0.6
Jalen McDaniels,2TM,80,23.9,7.7,3.5,.455,1.7,1.5,.841,1.0,9.4,4.3,1.6,1.0,0.4,1.2
Jalen Smith,IND,68,18.8,7.5,3.6,.476,2.0,1.5,.759,0.8,9.4,5.8,1.0,0.3,0.9,1.1
Jalen Suggs,ORL,53,23.5,8.4,3.5,.419,2.2,1.6,.723,1.2,9.9,3.0,2.9,1.3,0.5,1.8
Jalen Williams,OKC,75,30.3,10.6,5.5,.521,2.5,2.1,.812,1.0,14.1,4.5,3.3,1.4,0.5,1.6
Jamal Cain,MIA,18,13.3,3.7,2.1,.561,1.2,0.9,.773,0.4,5.4,2.9,0.7,0.6,0.1,0.3
Jamal Murray,DEN,65,32.8,16.0,7.3,.454,3.3,2.8,.833,2.6,20.0,4.0,6.2,1.0,0.2,2.2
Jamaree Bouyea,2TM,5,14.2,2.8,1.2,.429,0.4,0.2,.500,0.4,3.0,1.2,0.8,0.8,0.4,0.8
James Bouknight,CHO,34,15.1,5.7,2.0,.358,0.9,0.6,.667,1.0,5.6,2.1,1.2,0.4,0.1,0.9
James Harden,PHI,58,36.8,14.5,6.4,.441,6.2,5.4,.867,2.8,21.0,6.1,10.7,1.2,0.5,3.4
James Johnson,IND,18,9.0,2.7,1.2,.449,0.4,0.2,.500,0.2,2.8,1.7,0.8,0.4,0.3,0.4
James Wiseman,2TM,45,19.3,7.5,4.2,.558,2.2,1.5,.701,0.1,10.0,5.9,0.7,0.2,0.6,1.1
Jared Butler,OKC,6,12.8,5.3,2.5,.469,0.0,0.0,,1.2,6.2,0.7,1.3,0.8,0.0,0.8
Jared Rhoden,DET,14,14.1,3.1,1.2,.386,0.4,0.4,1.000,0.4,3.2,2.6,0.3,0.3,0.1,0.2
Jaren Jackson Jr.,MEM,63,28.4,13.0,6.6,.506,4.9,3.8,.788,1.6,18.6,6.8,1.0,1.0,3.0,1.7
Jarred Vanderbilt,2TM,78,24.1,5.8,3.2,.548,1.8,1.2,.691,0.4,7.9,7.5,2.4,1.1,0.3,1.2
Jarrell Brantley,UTA,4,9.8,3.5,2.0,.571,0.5,0.5,1.000,1.0,5.5,1.5,0.8,0.0,0.5,0.5
Jarrett Allen,CLE,68,32.6,9.2,5.9,.644,3.3,2.4,.733,0.0,14.3,9.8,1.7,0.8,1.2,1.4
Jarrett Culver,ATL,10,13.7,4.3,1.7,.395,1.3,0.9,.692,0.1,4.4,3.8,0.6,0.6,0.2,0.7
Jason Preston,LAC,14,8.9,2.9,1.3,.439,0.1,0.0,.000,0.4,2.9,1.6,1.9,0.1,0.0,0.7
Javonte Green,CHI,32,15.0,3.4,1.9,.565,1.4,0.9,.667,0.4,5.2,2.8,0.7,0.8,0.7,0.6
Jaxson Hayes,NOP,47,13.0,3.3,1.8,.551,1.8,1.2,.699,0.1,5.0,2.8,0.7,0.4,0.4,0.7
Jay Huff,WAS,7,13.6,3.6,2.1,.600,2.3,2.1,.938,0.9,7.3,3.0,1.4,0.4,0.6,0.7
Jay Scrubb,ORL,2,15.0,3.5,2.5,.714,1.0,0.5,.500,1.0,6.5,3.0,0.5,1.0,0.0,1.5
Jaylen Brown,BOS,67,35.9,20.6,10.1,.491,5.1,3.9,.765,2.4,26.6,6.9,3.5,1.1,0.4,2.9
Jaylen Nowell,MIN,65,19.3,9.6,4.3,.448,1.5,1.2,.778,1.0,10.8,2.6,2.0,0.6,0.1,1.0
Jaylin Williams,OKC,49,18.7,4.8,2.1,.436,1.1,0.8,.704,0.9,5.9,4.9,1.6,0.6,0.2,0.8
Jayson Tatum,BOS,74,36.9,21.1,9.8,.466,8.4,7.2,.854,3.2,30.1,8.8,4.6,1.1,0.7,2.9
Jeff Dowtin Jr.,TOR,25,10.4,2.3,1.0,.439,0.4,0.2,.667,0.2,2.4,0.9,1.2,0.4,0.1,0.2
Jeff Green,DEN,56,19.5,5.9,2.9,.488,2.1,1.6,.744,0.5,7.8,2.6,1.2,0.3,0.3,0.8
Jerami Grant,POR,63,35.7,14.5,6.9,.475,5.4,4.4,.813,2.3,20.5,4.5,2.4,0.8,0.8,1.8
Jeremiah Robinson-Earl,OKC,43,18.9,5.8,2.6,.444,1.0,0.8,.833,0.9,6.8,4.2,1.0,0.6,0.3,0.4
Jeremy Sochan,SAS,56,26.0,9.9,4.5,.453,2.1,1.4,.698,0.6,11.0,5.3,2.5,0.8,0.4,1.7
Jericho Sims,NYK,52,15.6,2.1,1.6,.776,0.3,0.2,.750,0.0,3.4,4.7,0.5,0.3,0.5,0.5
Jevon Carter,MIL,81,22.3,7.0,3.0,.423,0.5,0.4,.816,1.8,8.0,2.5,2.4,0.8,0.4,1.0
Jimmy Butler,MIA,64,33.4,13.9,7.5,.539,8.7,7.4,.850,0.6,22.9,5.9,5.3,1.8,0.3,1.6
Jock Landale,PHO,69,14.2,4.9,2.6,.528,1.5,1.1,.752,0.3,6.6,4.1,1.0,0.2,0.4,0.9
Joe Harris,BRK,74,20.6,5.9,2.7,.457,0.4,0.2,.643,1.9,7.6,2.2,1.4,0.5,0.2,0.6
Joe Ingles,MIL,46,22.7,5.4,2.3,.435,0.5,0.4,.857,1.8,6.9,2.8,3.3,0.7,0.1,1.2
Joe Wieskamp,TOR,9,5.6,1.6,0.3,.214,0.0,0.0,,0.3,1.0,0.4,0.3,0.0,0.0,0.1
Joel Embiid,PHI,66,34.6,20.1,11.0,.548,11.7,10.0,.857,1.0,33.1,10.2,4.2,1.0,1.7,3.4
John Butler,POR,19,11.6,2.8,0.9,.321,0.2,0.2,.750,0.4,2.4,0.9,0.6,0.4,0.5,0.1
John Collins,ATL,71,30.0,10.0,5.1,.508,2.5,2.0,.803,1.0,13.1,6.5,1.2,0.6,1.0,1.1
John Konchar,MEM,72,20.8,4.4,1.9,.431,0.5,0.4,.778,0.8,5.1,4.3,1.4,1.1,0.3,0.5
John Wall,LAC,34,22.2,9.9,4.1,.408,3.3,2.3,.681,1.0,11.4,2.7,5.2,0.8,0.4,2.4
Johnny Davis,WAS,28,15.1,6.1,2.4,.386,1.0,0.5,.519,0.6,5.8,2.3,1.0,0.4,0.3,0.6
Johnny Juzang,UTA,18,12.9,5.8,1.9,.337,0.2,0.1,.500,0.8,4.8,2.2,0.4,0.2,0.2,0.2
Jonas Valančiūnas,NOP,79,24.9,10.3,5.6,.547,2.8,2.3,.826,0.5,14.1,10.2,1.8,0.3,0.7,2.0
Jonathan Isaac,ORL,11,11.3,4.8,2.0,.415,0.8,0.5,.556,0.5,5.0,4.0,0.5,1.3,0.4,0.4
Jonathan Kuminga,GSW,67,20.8,7.4,3.9,.525,2.1,1.3,.652,0.8,9.9,3.4,1.9,0.6,0.5,1.4
Jordan Clarkson,UTA,61,32.6,16.9,7.5,.444,4.0,3.3,.816,2.5,20.8,4.0,4.4,0.5,0.2,3.0
Jordan Goodwin,WAS,62,17.8,5.7,2.5,.448,1.1,0.9,.768,0.6,6.6,3.3,2.7,0.9,0.4,0.9
Jordan Hall,SAS,9,9.2,3.1,1.0,.321,1.0,0.8,.778,0.3,3.1,1.3,1.2,0.1,0.0,0.8
Jordan McLaughlin,MIN,43,15.8,3.4,1.4,.421,0.4,0.3,.833,0.6,3.7,1.4,3.4,0.7,0.1,0.8
Jordan Nwora,2TM,62,19.2,7.2,3.1,.436,1.4,1.1,.791,1.4,8.7,3.7,1.4,0.4,0.2,1.1
Jordan Poole,GSW,82,30.0,15.6,6.7,.430,5.1,4.4,.870,2.6,20.4,2.7,4.5,0.8,0.3,3.1
Jordan Schakel,WAS,2,3.0,1.0,0.5,.500,0.0,0.0,,0.5,1.5,0.0,0.5,0.5,0.0,0.0
Jose Alvarado,NOP,61,21.5,8.0,3.3,.411,1.3,1.1,.813,1.4,9.0,2.3,3.0,1.1,0.2,1.3
Josh Christopher,HOU,64,12.3,5.1,2.4,.465,0.9,0.7,.750,0.3,5.8,1.1,1.1,0.5,0.2,0.9
Josh Giddey,OKC,76,31.1,14.7,7.1,.482,1.9,1.4,.731,1.0,16.6,7.9,6.2,0.8,0.4,2.8
Josh Green,DAL,60,25.7,6.4,3.4,.537,1.6,1.1,.723,1.1,9.1,3.0,1.7,0.7,0.1,1.2
Josh Hart,2TM,76,32.3,6.8,3.6,.529,2.3,1.7,.750,0.8,9.8,7.8,3.8,1.2,0.3,1.5
Josh Minott,MIN,15,6.4,2.4,1.2,.500,0.5,0.5,1.000,0.1,3.1,1.7,0.3,0.3,0.4,0.2
Josh Okogie,PHO,72,18.8,5.8,2.3,.391,2.7,1.9,.724,0.9,7.3,3.5,1.5,0.8,0.5,0.9
Josh Richardson,2TM,65,23.5,8.5,3.7,.431,1.2,1.1,.852,1.6,10.1,2.7,2.7,1.1,0.3,1.3
Joshua Primo,SAS,4,23.3,6.5,2.3,.346,2.3,1.8,.778,0.8,7.0,3.3,4.5,0.3,0.5,2.8
Jrue Holiday,MIL,67,32.6,15.3,7.3,.479,2.6,2.3,.859,2.4,19.3,5.1,7.4,1.2,0.4,2.9
Juan Toscano-Anderson,2TM,52,13.5,2.8,1.2,.448,0.5,0.4,.792,0.2,3.0,2.4,1.3,0.3,0.2,0.7
Juancho Hernangómez,TOR,42,14.6,2.7,1.1,.421,0.4,0.2,.563,0.4,2.9,2.9,0.6,0.4,0.1,0.4
Julian Champagnie,2TM,17,18.8,7.6,3.5,.454,1.0,0.8,.824,1.9,9.7,3.5,0.6,0.4,0.3,0.6
Julius Randle,NYK,77,35.5,18.6,8.5,.459,6.9,5.2,.757,2.8,25.1,10.0,4.1,0.6,0.3,2.8
Justin Champagnie,2TM,5,6.8,3.0,1.0,.333,0.0,0.0,,0.2,2.2,1.6,0.8,0.2,0.0,0.0
Justin Holiday,2TM,46,15.3,4.4,1.7,.377,0.2,0.1,.625,1.0,4.5,1.2,0.9,0.4,0.4,0.5
Justin Jackson,BOS,23,4.7,1.2,0.3,.259,0.1,0.0,.500,0.2,0.9,0.7,0.4,0.2,0.2,0.1
Justin Minaya,POR,4,22.3,5.8,1.8,.304,0.3,0.0,.000,0.8,4.3,3.8,1.0,0.5,1.3,1.0
Justise Winslow,POR,29,26.8,6.8,2.8,.409,1.0,0.7,.714,0.5,6.8,5.0,3.4,1.0,0.4,1.5
Jusuf Nurkić,POR,52,26.8,9.7,5.0,.519,3.7,2.4,.661,0.8,13.3,9.1,2.9,0.8,0.8,2.3
KJ Martin,HOU,82,28.0,8.8,5.0,.569,2.7,1.8,.680,0.8,12.7,5.5,1.5,0.5,0.4,1.1
KZ Okpala,SAC,35,7.1,1.1,0.5,.421,0.2,0.2,.875,0.2,1.3,1.0,0.4,0.2,0.2,0.2
Kai Jones,CHO,46,12.0,2.6,1.5,.558,0.6,0.4,.731,0.1,3.4,2.7,0.3,0.4,0.7,0.7
Karl-Anthony Towns,MIN,29,33.0,14.8,7.3,.495,4.7,4.1,.874,2.1,20.8,8.1,4.8,0.7,0.6,3.0
Kawhi Leonard,LAC,52,33.6,16.8,8.6,.512,5.4,4.7,.871,2.0,23.8,6.5,3.9,1.4,0.5,1.7
Keegan Murray,SAC,80,29.8,9.8,4.4,.453,1.0,0.8,.765,2.6,12.2,4.6,1.2,0.8,0.5,0.8
Keita Bates-Diop,SAS,67,21.7,6.9,3.5,.508,2.2,1.8,.793,0.8,9.7,3.7,1.5,0.7,0.3,0.8
Keldon Johnson,SAS,63,32.7,17.7,8.0,.452,5.2,3.9,.749,2.1,22.0,5.0,2.9,0.7,0.2,2.1
Kelly Olynyk,UTA,68,28.6,8.2,4.1,.499,3.4,2.9,.853,1.4,12.5,6.2,3.7,0.9,0.5,2.5
Kelly Oubre Jr.,CHO,48,32.3,17.1,7.4,.431,4.3,3.3,.760,2.3,20.3,5.2,1.1,1.4,0.4,1.3
Kemba Walker,DAL,9,16.0,6.3,2.7,.421,2.3,1.9,.810,0.8,8.0,1.8,2.1,0.2,0.2,0.4
Kendall Brown,IND,6,6.7,1.2,0.7,.571,0.3,0.2,.500,0.0,1.5,1.0,0.5,0.7,0.0,0.3
Kendrick Nunn,2TM,70,13.8,6.4,2.7,.424,0.6,0.5,.854,1.1,7.1,1.6,1.3,0.4,0.1,0.9
Kennedy Chandler,MEM,36,7.8,2.3,1.0,.422,0.4,0.2,.462,0.1,2.2,1.1,1.6,0.3,0.1,0.5
Kenneth Lofton Jr.,MEM,24,7.3,3.9,2.0,.527,1.1,0.7,.593,0.3,5.0,2.1,0.8,0.2,0.1,0.5
Kenrich Williams,OKC,53,22.8,6.5,3.4,.517,0.7,0.3,.436,0.9,8.0,4.9,2.0,0.8,0.3,0.6
Kentavious Caldwell-Pope,DEN,76,31.3,8.3,3.8,.462,1.6,1.4,.824,1.8,10.8,2.7,2.4,1.5,0.5,1.1
Keon Ellis,SAC,16,4.4,1.0,0.4,.438,0.4,0.3,.571,0.4,1.5,0.5,0.4,0.3,0.1,0.1
Keon Johnson,POR,40,10.4,4.5,1.7,.376,1.0,0.7,.659,0.7,4.7,1.1,1.5,0.5,0.2,1.1
Kessler Edwards,2TM,36,10.7,2.6,1.0,.387,0.4,0.3,.733,0.5,2.8,1.7,0.6,0.4,0.2,0.4
Kevin Durant,2TM,47,35.6,18.3,10.3,.560,7.1,6.5,.919,2.0,29.1,6.7,5.0,0.7,1.4,3.3
Kevin Huerter,SAC,75,29.4,11.5,5.6,.485,1.7,1.3,.725,2.7,15.2,3.3,2.9,1.1,0.3,1.3
Kevin Knox,2TM,63,15.1,5.3,2.4,.458,1.0,0.7,.767,1.0,6.6,2.8,0.5,0.4,0.2,0.8
Kevin Love,2TM,62,20.0,6.8,2.7,.389,1.5,1.3,.879,1.6,8.2,6.4,1.9,0.3,0.2,1.1
Kevin Porter Jr.,HOU,59,34.3,15.0,6.6,.442,4.5,3.5,.784,2.4,19.2,5.3,5.7,1.4,0.3,3.2
Kevon Harris,ORL,34,13.4,3.1,1.4,.439,1.2,0.9,.756,0.5,4.1,2.1,0.5,0.5,0.1,0.6
Kevon Looney,GSW,82,23.9,4.7,3.0,.630,1.9,1.1,.606,0.0,7.0,9.3,2.5,0.6,0.6,0.5
Khem Birch,TOR,20,8.1,1.6,1.0,.594,0.3,0.2,.800,0.1,2.2,1.3,0.4,0.3,0.3,0.4
Khris Middleton,MIL,33,24.3,12.3,5.4,.436,3.1,2.8,.902,1.5,15.1,4.2,4.9,0.7,0.2,2.2
Killian Hayes,DET,76,28.3,10.7,4.0,.377,1.5,1.2,.821,1.1,10.3,2.9,6.2,1.4,0.4,2.3
Kira Lewis Jr.,NOP,25,9.4,3.5,1.6,.455,0.9,0.8,.864,0.6,4.6,1.3,0.9,0.4,0.1,0.4
Klay Thompson,GSW,69,33.0,18.1,7.9,.436,1.9,1.7,.879,4.4,21.9,4.1,2.4,0.7,0.4,1.8
Kobi Simmons,CHO,5,5.6,1.2,0.2,.167,0.4,0.4,1.000,0.2,1.0,0.8,1.0,0.0,0.4,0.2
Kris Dunn,UTA,22,25.8,9.8,5.3,.537,2.4,1.9,.774,0.8,13.2,4.5,5.6,1.1,0.5,1.6
Kristaps Porziņģis,WAS,65,32.6,15.7,7.8,.498,6.4,5.4,.851,2.1,23.2,8.4,2.7,0.9,1.5,2.1
Kyle Anderson,MIN,69,28.4,7.2,3.7,.509,2.0,1.4,.735,0.6,9.4,5.3,4.9,1.1,0.9,1.5
Kyle Kuzma,WAS,64,35.0,17.8,8.0,.448,3.7,2.7,.730,2.5,21.2,7.2,3.7,0.6,0.5,3.0
Kyle Lowry,MIA,55,31.2,8.8,3.6,.404,2.5,2.1,.859,1.9,11.2,4.1,5.1,1.0,0.4,1.9
Kyrie Irving,2TM,60,37.4,20.1,9.9,.494,4.6,4.1,.905,3.1,27.1,5.1,5.5,1.1,0.8,2.1
LaMelo Ball,CHO,36,35.2,20.0,8.2,.411,3.4,2.8,.836,4.0,23.3,6.4,8.4,1.3,0.3,3.6
Lamar Stevens,CLE,62,18.1,4.6,2.1,.448,0.9,0.6,.702,0.5,5.3,3.3,0.5,0.4,0.3,0.4
Landry Shamet,PHO,40,20.2,7.5,2.8,.377,1.3,1.1,.882,1.9,8.7,1.7,2.3,0.7,0.1,0.9
Larry Nance Jr.,NOP,65,21.2,4.7,2.9,.610,1.2,0.8,.696,0.2,6.8,5.4,1.8,0.9,0.6,0.6
Lauri Markkanen,UTA,66,34.4,17.3,8.7,.499,6.0,5.3,.875,3.0,25.6,8.6,1.9,0.6,0.6,1.9
LeBron James,LAL,55,35.5,22.2,11.1,.500,5.9,4.6,.768,2.2,28.9,8.3,6.8,0.9,0.6,3.2
Leandro Bolmaro,UTA,14,4.9,1.4,0.2,.150,0.0,0.0,,0.0,0.4,0.5,0.5,0.2,0.1,0.5
Lester Quiñones,GSW,4,4.5,1.3,0.5,.400,1.5,1.0,.667,0.5,2.5,0.8,0.5,0.3,0.0,1.3
Lindell Wigginton,MIL,7,12.4,5.3,2.6,.486,1.3,1.1,.889,0.9,7.1,1.0,2.0,0.0,0.3,1.7
Lindy Waters III,OKC,41,13.0,4.3,1.7,.393,0.5,0.4,.800,1.4,5.2,1.8,0.7,0.3,0.3,0.2
Lonnie Walker IV,LAL,56,23.2,9.4,4.2,.448,1.9,1.6,.858,1.6,11.7,1.9,1.1,0.5,0.3,0.8
Louis King,PHI,1,29.0,13.0,8.0,.615,1.0,0.0,.000,4.0,20.0,4.0,2.0,1.0,0.0,2.0
Luguentz Dort,OKC,74,30.7,11.8,4.6,.388,3.5,2.7,.772,1.8,13.7,4.6,2.1,1.0,0.3,1.2
Luka Dončić,DAL,66,36.2,22.0,10.9,.496,10.5,7.8,.742,2.8,32.4,8.6,8.0,1.4,0.5,3.6
Luka Garza,MIN,28,8.7,4.1,2.3,.543,1.9,1.5,.788,0.5,6.5,2.3,0.6,0.1,0.1,0.5
Luka Šamanić,UTA,7,23.0,8.1,3.7,.456,1.9,1.3,.692,1.1,9.9,4.3,2.1,0.9,0.3,1.4
Luke Kennard,2TM,59,22.3,6.5,3.2,.492,0.7,0.6,.949,2.3,9.3,2.7,1.5,0.5,0.1,0.8
Luke Kornet,BOS,69,11.7,2.5,1.6,.665,0.6,0.5,.821,0.0,3.8,2.9,0.8,0.2,0.7,0.4
Mac McClung,PHI,2,20.5,10.0,4.5,.450,2.5,1.5,.600,2.0,12.5,5.0,4.5,0.0,0.0,1.5
Malachi Flynn,TOR,53,13.0,4.6,1.6,.360,0.6,0.5,.758,0.9,4.6,1.4,1.3,0.4,0.1,0.5
Malaki Branham,SAS,66,23.5,9.3,4.1,.440,1.1,0.9,.829,1.2,10.2,2.7,1.9,0.5,0.1,1.2
Malcolm Brogdon,BOS,67,26.0,10.9,5.3,.484,2.7,2.4,.870,2.0,14.9,4.2,3.7,0.7,0.3,1.5
Malcolm Hill,CHI,5,1.8,0.8,0.4,.500,0.0,0.0,,0.2,1.0,0.6,0.0,0.0,0.0,0.0
Malik Beasley,2TM,81,25.8,11.6,4.6,.395,0.8,0.6,.769,2.9,12.7,3.5,1.5,0.8,0.1,1.1
Malik Monk,SAC,77,22.3,10.3,4.6,.448,2.7,2.4,.889,1.9,13.5,2.6,3.9,0.6,0.3,1.9
Mamadi Diakite,CLE,22,8.0,2.3,1.1,.480,0.1,0.1,1.000,0.3,2.6,1.4,0.4,0.2,0.4,0.5
MarJon Beauchamp,MIL,52,13.5,4.7,1.8,.395,0.7,0.5,.730,0.9,5.1,2.2,0.7,0.4,0.1,0.9
Marcus Morris,LAC,65,28.1,9.9,4.2,.426,1.3,1.0,.782,1.7,11.2,4.0,1.8,0.6,0.3,0.9
Marcus Smart,BOS,61,32.1,9.9,4.1,.415,1.9,1.4,.746,1.9,11.5,3.1,6.3,1.5,0.4,2.3
Mark Williams,CHO,43,19.3,5.8,3.7,.637,2.3,1.6,.691,0.0,9.0,7.1,0.4,0.7,1.0,0.9
Markelle Fultz,ORL,60,29.6,11.3,5.8,.514,2.4,1.9,.783,0.5,14.0,3.9,5.7,1.5,0.4,2.3
Markieff Morris,2TM,35,10.1,3.3,1.3,.409,0.3,0.3,1.000,0.8,3.8,2.0,0.9,0.3,0.1,0.5
Marko Simonovic,CHI,7,2.9,1.0,0.3,.286,0.3,0.1,.500,0.1,0.9,0.3,0.0,0.0,0.0,0.0
Marvin Bagley III,DET,42,23.6,9.1,4.8,.529,2.6,1.9,.750,0.5,12.0,6.4,0.9,0.5,0.7,1.1
Mason Plumlee,2TM,79,26.0,6.1,4.2,.680,4.0,2.5,.636,0.0,10.8,8.9,3.1,0.6,0.6,1.5
Matisse Thybulle,2TM,71,16.9,3.6,1.5,.435,0.4,0.3,.679,0.8,4.1,2.0,0.7,1.2,0.5,0.3
Matt Ryan,2TM,34,9.1,3.2,1.2,.370,0.4,0.3,.833,0.9,3.6,0.8,0.5,0.1,0.0,0.2
Matthew Dellavedova,SAC,32,6.7,1.6,0.5,.340,0.2,0.1,.571,0.3,1.5,0.4,1.3,0.2,0.0,0.3
Max Christie,LAL,41,12.5,2.6,1.1,.415,0.4,0.3,.875,0.6,3.1,1.8,0.5,0.2,0.2,0.3
Max Strus,MIA,80,28.4,9.9,4.1,.410,1.1,1.0,.876,2.5,11.5,3.2,2.1,0.5,0.2,0.9
Maxi Kleber,DAL,37,25.1,4.6,2.1,.456,1.0,0.7,.711,1.1,5.9,3.6,1.4,0.3,0.8,0.7
McKinley Wright IV,DAL,27,12.4,3.6,1.7,.469,0.7,0.5,.684,0.3,4.2,1.7,2.1,0.3,0.2,0.7
Meyers Leonard,MIL,9,12.7,3.2,1.6,.483,1.0,0.9,.889,0.8,4.8,3.8,0.1,0.2,0.0,0.7
Mfiondu Kabengele,BOS,4,9.0,1.8,0.5,.286,0.5,0.5,1.000,0.0,1.5,2.5,0.0,0.5,0.0,0.3
Micah Potter,UTA,7,7.4,2.1,1.4,.667,0.0,0.0,,0.6,3.4,2.3,0.6,0.1,0.0,0.3
Michael Carter-Williams,ORL,4,11.0,3.5,1.5,.429,1.8,1.0,.571,0.3,4.3,1.3,1.8,0.3,0.3,1.0
Michael Foster Jr.,PHI,1,1.0,0.0,0.0,,0.0,0.0,,0.0,0.0,0.0,0.0,0.0,0.0,0.0
Michael Porter Jr.,DEN,62,29.0,13.2,6.4,.487,1.9,1.5,.800,3.0,17.4,5.5,1.0,0.6,0.5,1.1
Mikal Bridges,2TM,83,35.7,15.3,7.1,.468,4.3,3.8,.895,2.0,20.1,4.4,3.3,1.1,0.7,1.5
Mike Conley,2TM,67,30.3,9.1,3.9,.428,2.5,2.1,.834,2.0,11.9,2.7,6.7,1.1,0.2,1.5
Mike Muscala,2TM,63,15.0,4.6,2.1,.449,0.8,0.6,.769,1.3,6.1,3.2,0.8,0.2,0.4,0.4
Miles McBride,NYK,64,11.9,3.4,1.2,.358,0.7,0.4,.667,0.6,3.5,0.8,1.1,0.6,0.1,0.4
Mitchell Robinson,NYK,59,27.0,4.7,3.2,.671,2.1,1.0,.484,0.0,7.4,9.4,0.9,0.9,1.8,0.7
Mo Bamba,2TM,49,15.7,4.9,2.4,.485,1.3,0.8,.661,1.0,6.6,4.6,0.9,0.3,0.9,0.6
Monte Morris,WAS,62,27.3,8.3,4.0,.480,1.2,1.0,.831,1.3,10.3,3.4,5.3,0.7,0.2,1.0
Montrezl Harrell,PHI,57,11.9,3.7,2.2,.598,1.8,1.2,.693,0.0,5.6,2.8,0.6,0.3,0.4,0.6
Moritz Wagner,ORL,57,19.5,6.9,3.5,.500,3.2,2.7,.841,0.9,10.5,4.5,1.5,0.6,0.2,1.2
Moses Brown,2TM,36,8.2,2.7,1.7,.635,2.0,0.9,.458,0.0,4.3,3.9,0.1,0.1,0.4,0.4
Moses Moody,GSW,63,13.0,3.6,1.7,.476,0.8,0.6,.698,0.8,4.8,1.7,0.8,0.3,0.1,0.5
Moussa Diabaté,LAC,22,8.9,2.1,1.1,.511,0.7,0.5,.625,0.0,2.7,2.3,0.2,0.3,0.4,0.4
Myles Turner,IND,62,29.4,11.8,6.5,.548,4.5,3.5,.783,1.5,18.0,7.5,1.4,0.6,2.3,1.7
Naji Marshall,NOP,77,23.3,7.4,3.2,.433,2.3,1.8,.789,0.9,9.1,3.6,2.5,0.7,0.2,1.3
Nassir Little,POR,54,18.1,5.6,2.5,.442,0.9,0.6,.717,1.1,6.6,2.6,0.9,0.4,0.4,0.7
Nate Williams,POR,5,25.4,7.8,4.8,.615,0.6,0.4,.667,0.6,10.6,3.0,2.0,0.6,0.4,0.8
Nathan Knight,MIN,38,7.7,2.1,1.2,.568,1.5,1.0,.684,0.2,3.7,1.5,0.3,0.3,0.2,0.6
Naz Reid,MIN,68,18.4,8.5,4.6,.537,1.9,1.3,.677,1.1,11.5,4.9,1.1,0.6,0.8,1.4
Neemias Queta,SAC,5,5.8,1.8,1.2,.667,0.4,0.0,.000,0.0,2.4,2.2,0.2,0.0,0.4,0.2
Nerlens Noel,2TM,17,11.5,2.1,0.8,.361,0.7,0.5,.667,0.1,2.1,2.7,0.6,0.9,0.6,0.8
Nic Claxton,BRK,76,29.9,7.7,5.4,.705,3.2,1.8,.541,0.0,12.6,9.2,1.9,0.9,2.5,1.3
Nick Richards,CHO,65,18.7,4.8,3.0,.629,2.8,2.1,.749,0.0,8.2,6.4,0.6,0.2,1.1,0.9
Nickeil Alexander-Walker,2TM,59,15.0,5.0,2.2,.444,1.0,0.7,.667,1.0,6.2,1.7,1.8,0.5,0.4,0.9
Nicolas Batum,LAC,78,21.9,4.9,2.1,.420,0.6,0.4,.708,1.6,6.1,3.8,1.6,0.7,0.6,0.6
Nikola Jokić,DEN,69,33.7,14.8,9.4,.632,6.0,4.9,.822,0.8,24.5,11.8,9.8,1.3,0.7,3.6
Nikola Jović,MIA,15,13.6,4.6,1.9,.406,1.3,1.2,.947,0.5,5.5,2.1,0.7,0.5,0.1,0.7
Nikola Vučević,CHI,82,33.5,14.0,7.3,.520,1.9,1.6,.835,1.5,17.6,11.0,3.2,0.7,0.7,1.7
Noah Vonleh,BOS,23,7.4,1.0,0.5,.458,0.1,0.1,1.000,0.0,1.1,2.1,0.3,0.1,0.3,0.5
Norman Powell,LAC,60,26.1,11.8,5.7,.479,4.6,3.8,.812,1.9,17.0,2.9,1.8,0.8,0.3,1.7
OG Anunoby,TOR,67,35.6,13.2,6.3,.476,2.5,2.1,.838,2.1,16.8,5.0,2.0,1.9,0.7,2.0
Obi Toppin,NYK,67,15.7,6.3,2.8,.446,0.7,0.6,.809,1.3,7.4,2.8,1.0,0.3,0.2,0.6
Ochai Agbaji,UTA,59,20.5,6.5,2.8,.427,1.2,0.9,.812,1.4,7.9,2.1,1.1,0.3,0.3,0.7
Olivier Sarr,OKC,9,12.7,3.3,1.7,.500,0.8,0.6,.714,0.1,4.0,3.4,0.4,0.1,0.6,0.4
Omer Yurtseven,MIA,9,9.2,3.0,1.8,.593,0.7,0.6,.833,0.3,4.4,2.6,0.2,0.2,0.2,0.4
Onyeka Okongwu,ATL,80,23.1,6.2,4.0,.638,2.5,1.9,.781,0.1,9.9,7.2,1.0,0.7,1.3,1.0
Orlando Robinson,MIA,31,13.7,2.9,1.5,.528,1.0,0.7,.710,0.0,3.7,4.1,0.8,0.4,0.4,0.5
Oshae Brissett,IND,65,16.7,4.9,1.9,.386,2.2,1.6,.717,0.7,6.1,3.4,0.7,0.5,0.2,0.5
Otto Porter Jr.,TOR,8,18.3,3.8,1.9,.500,1.0,1.0,1.000,0.8,5.5,2.4,1.0,1.4,0.0,0.5
Ousmane Dieng,OKC,39,14.6,4.6,1.9,.420,0.6,0.4,.652,0.7,4.9,2.7,1.2,0.4,0.2,0.7
P.J. Tucker,PHI,75,25.6,3.0,1.3,.427,0.3,0.3,.826,0.7,3.5,3.9,0.8,0.5,0.2,0.6
P.J. Washington,CHO,73,32.6,13.4,5.9,.444,2.4,1.7,.730,2.0,15.7,4.9,2.4,0.9,1.1,1.5
PJ Dozier,SAC,16,4.9,2.1,0.6,.303,0.0,0.0,,0.1,1.4,0.9,0.6,0.4,0.1,0.3
Paolo Banchero,ORL,72,33.8,15.6,6.7,.427,7.4,5.5,.738,1.2,20.0,6.9,3.7,0.8,0.5,2.8
Pascal Siakam,TOR,71,37.4,18.5,8.9,.480,6.7,5.2,.774,1.3,24.2,7.8,5.8,0.9,0.5,2.4
Pat Connaughton,MIL,61,23.7,6.9,2.7,.392,0.7,0.4,.659,1.8,7.6,4.6,1.3,0.6,0.2,0.5
Patrick Baldwin Jr.,GSW,31,7.3,3.5,1.4,.394,0.2,0.1,.667,1.0,3.9,1.3,0.4,0.2,0.1,0.4
Patrick Beverley,2TM,67,27.1,5.4,2.1,.400,1.0,0.7,.723,1.2,6.2,3.7,2.9,0.9,0.6,0.9
Patrick Williams,CHI,82,28.3,8.3,3.8,.464,1.3,1.1,.857,1.4,10.2,4.0,1.2,0.9,0.9,1.2
Patty Mills,BRK,40,14.2,5.2,2.2,.411,0.8,0.6,.833,1.2,6.2,1.1,1.4,0.4,0.1,0.8
Paul George,LAC,56,34.6,17.9,8.2,.457,5.3,4.6,.871,2.8,23.8,6.1,5.1,1.5,0.4,3.1
Paul Reed,PHI,69,10.9,3.0,1.8,.593,0.7,0.6,.745,0.0,4.2,3.8,0.4,0.7,0.7,0.7
Payton Pritchard,BOS,48,13.4,5.1,2.1,.412,0.3,0.3,.750,1.2,5.6,1.8,1.3,0.3,0.0,0.8
Peyton Watson,DEN,23,8.1,2.6,1.3,.492,0.9,0.5,.550,0.3,3.3,1.6,0.5,0.1,0.5,0.3
Precious Achiuwa,TOR,55,20.7,7.3,3.6,.485,2.3,1.6,.702,0.5,9.2,6.0,0.9,0.6,0.5,1.1
Quentin Grimes,NYK,71,29.9,8.5,4.0,.468,1.4,1.1,.796,2.2,11.3,3.2,2.1,0.7,0.4,1.0
Quenton Jackson,WAS,9,15.0,4.7,2.1,.452,2.4,1.9,.773,0.1,6.2,0.9,1.7,0.4,0.1,0.4
R.J. Hampton,2TM,47,16.0,5.0,2.2,.430,1.6,1.2,.750,0.9,6.4,1.9,1.1,0.6,0.2,0.9
RJ Barrett,NYK,73,33.9,16.1,7.0,.434,5.4,4.0,.740,1.7,19.6,5.0,2.8,0.4,0.2,2.2
RaiQuan Gray,BRK,1,35.0,12.0,6.0,.500,2.0,2.0,1.000,2.0,16.0,9.0,7.0,0.0,1.0,4.0
Raul Neto,CLE,48,10.5,2.3,1.2,.518,0.7,0.6,.912,0.3,3.3,1.0,1.6,0.4,0.1,0.5
Reggie Bullock,DAL,78,30.3,6.0,2.5,.409,0.5,0.3,.703,1.9,7.2,3.6,1.4,0.7,0.2,0.5
Reggie Jackson,2TM,68,24.4,9.4,3.9,.411,1.1,1.0,.910,1.4,10.2,2.1,3.4,0.7,0.1,1.7
Richaun Holmes,SAC,42,8.3,2.1,1.3,.618,0.5,0.4,.789,0.1,3.1,1.9,0.2,0.1,0.3,0.3
Ricky Rubio,CLE,33,17.2,5.4,1.8,.343,1.1,0.8,.800,0.6,5.2,2.1,3.5,0.8,0.2,0.9
Robert Covington,LAC,48,16.2,4.8,2.1,.445,0.8,0.6,.750,1.1,6.0,3.5,1.2,0.8,0.7,0.7
Robert Williams,BOS,35,23.5,4.9,3.6,.747,1.2,0.7,.610,0.0,8.0,8.3,1.4,0.6,1.4,1.0
Robin Lopez,CLE,37,8.1,2.0,1.3,.640,0.5,0.4,.778,0.1,3.0,1.4,0.5,0.1,0.2,0.7
Rodney McGruder,DET,32,16.4,4.8,1.9,.408,0.7,0.6,.818,1.3,5.7,2.3,0.9,0.5,0.0,0.3
Romeo Langford,SAS,43,19.6,6.0,2.8,.467,1.3,0.9,.696,0.4,6.9,2.7,1.2,0.6,0.3,0.7
Ron Harper Jr.,TOR,9,5.3,1.8,0.9,.500,0.1,0.1,1.000,0.3,2.2,0.8,0.4,0.0,0.1,0.0
Royce O'Neale,BRK,76,31.7,7.8,3.0,.386,0.9,0.7,.725,2.1,8.8,5.1,3.7,0.9,0.6,1.5
Rudy Gay,UTA,56,14.6,5.1,1.9,.380,0.9,0.8,.857,0.6,5.2,2.9,1.0,0.3,0.3,0.7
Rudy Gobert,MIN,70,30.7,7.8,5.1,.659,4.9,3.1,.644,0.0,13.4,11.6,1.2,0.8,1.4,1.7
Rui Hachimura,2TM,63,23.3,9.3,4.5,.486,1.9,1.4,.739,0.8,11.2,4.5,0.9,0.3,0.4,0.8
Russell Westbrook,2TM,73,29.1,13.6,5.9,.436,4.3,2.8,.656,1.2,15.9,5.8,7.5,1.0,0.5,3.5
Ryan Arcidiacono,2TM,20,8.6,1.9,0.5,.243,0.0,0.0,,0.4,1.3,0.8,1.2,0.3,0.0,0.4
Ryan Rollins,GSW,12,5.2,1.7,0.6,.350,0.5,0.5,1.000,0.3,1.9,1.0,0.5,0.1,0.1,1.3
Saben Lee,2TM,25,14.9,4.8,2.0,.405,2.3,1.7,.737,0.4,6.0,1.8,2.7,0.8,0.0,1.0
Saddiq Bey,2TM,77,27.6,10.9,4.6,.422,3.1,2.7,.861,2.0,13.8,4.7,1.5,0.9,0.2,0.9
Sam Hauser,BOS,80,16.1,5.0,2.3,.455,0.2,0.2,.706,1.8,6.4,2.6,0.9,0.4,0.3,0.4
Sam Merrill,CLE,5,11.8,4.4,1.8,.409,0.4,0.4,1.000,1.0,5.0,1.8,1.0,0.8,0.0,0.0
Sandro Mamukelashvili,2TM,43,15.3,5.3,2.3,.422,1.3,0.9,.684,0.7,6.1,4.3,1.4,0.3,0.3,0.8
Santi Aldama,MEM,77,21.8,6.8,3.2,.470,1.9,1.4,.750,1.2,9.0,4.8,1.3,0.6,0.6,0.8
Scottie Barnes,TOR,77,34.8,13.2,6.0,.456,3.2,2.5,.772,0.8,15.3,6.6,4.8,1.1,0.8,2.0
Scotty Pippen Jr.,LAL,6,5.3,2.0,0.7,.333,1.5,0.8,.556,0.2,2.3,0.7,0.3,0.3,0.2,0.3
Serge Ibaka,MIL,16,11.6,3.4,1.6,.481,0.8,0.5,.615,0.4,4.1,2.8,0.3,0.1,0.4,0.7
Seth Curry,BRK,61,19.9,7.4,3.4,.463,0.9,0.8,.927,1.5,9.2,1.6,1.6,0.6,0.1,0.8
Shaedon Sharpe,POR,80,22.2,8.1,3.8,.472,1.3,0.9,.714,1.3,9.9,3.0,1.2,0.5,0.3,1.0
Shai Gilgeous-Alexander,OKC,68,35.5,20.3,10.4,.510,10.9,9.8,.905,0.9,31.4,4.8,5.5,1.6,1.0,2.8
Shake Milton,PHI,76,20.6,6.6,3.2,.479,1.5,1.3,.853,0.7,8.4,2.5,3.2,0.3,0.2,1.2
Shaquille Harrison,POR,5,24.0,7.2,3.0,.417,3.0,2.2,.733,0.6,8.8,4.4,6.0,2.2,0.4,1.2
Simone Fontecchio,UTA,52,14.7,6.0,2.2,.369,0.8,0.7,.795,1.2,6.3,1.7,0.8,0.3,0.2,0.8
Skylar Mays,POR,6,31.5,11.3,5.7,.500,2.2,2.0,.923,2.0,15.3,3.2,8.3,1.0,0.2,1.7
Spencer Dinwiddie,2TM,79,34.5,13.3,5.8,.438,4.2,3.4,.812,2.3,17.3,3.4,6.5,0.8,0.3,1.8
Stanley Johnson,SAS,30,15.6,4.1,2.2,.533,1.3,0.9,.667,0.6,5.8,3.2,2.2,0.5,0.2,1.1
Stanley Umude,DET,1,2.0,1.0,0.0,.000,2.0,2.0,1.000,0.0,2.0,0.0,0.0,1.0,1.0,0.0
Stephen Curry,GSW,56,34.7,20.2,10.0,.493,5.0,4.6,.915,4.9,29.4,6.1,6.3,0.9,0.4,3.2
Sterling Brown,LAL,4,6.0,1.0,0.0,.000,0.0,0.0,,0.0,0.0,2.0,0.5,0.8,0.0,0.0
Steven Adams,MEM,42,27.0,6.3,3.7,.597,3.1,1.1,.364,0.0,8.6,11.5,2.3,0.9,1.1,1.9
Svi Mykhailiuk,2TM,32,14.6,5.4,2.4,.445,1.2,0.8,.667,1.3,6.9,1.7,1.7,0.5,0.1,0.8
T.J. McConnell,IND,75,20.3,6.9,3.8,.543,0.9,0.8,.853,0.3,8.7,3.1,5.3,1.1,0.1,1.9
T.J. Warren,2TM,42,16.4,6.4,3.1,.489,0.8,0.7,.800,0.5,7.5,2.9,1.0,0.5,0.3,0.5
Taj Gibson,WAS,49,9.8,2.6,1.3,.520,0.9,0.6,.714,0.2,3.4,1.9,0.7,0.3,0.2,0.5
Talen Horton-Tucker,UTA,65,20.2,9.4,4.0,.419,2.6,1.9,.750,0.9,10.7,3.2,3.8,0.6,0.4,1.9
Tari Eason,HOU,82,21.5,8.0,3.6,.448,1.8,1.3,.752,0.7,9.3,6.0,1.1,1.2,0.6,1.2
Taurean Prince,MIN,54,22.1,7.0,3.3,.467,1.4,1.2,.844,1.4,9.1,2.4,1.6,0.5,0.3,1.3
Terance Mann,LAC,81,23.1,6.5,3.4,.519,1.5,1.1,.780,1.0,8.8,3.4,2.3,0.5,0.3,1.0
Terence Davis,SAC,64,13.1,5.7,2.4,.423,0.7,0.5,.791,1.4,6.7,2.2,1.0,0.7,0.2,0.8
Terrence Ross,2TM,63,21.1,7.4,3.2,.430,0.5,0.4,.794,1.5,8.3,2.4,1.5,0.6,0.2,0.7
Terry Rozier,CHO,63,35.3,18.9,7.8,.415,3.5,2.8,.809,2.6,21.1,4.1,5.1,1.2,0.3,2.1
Terry Taylor,2TM,31,8.5,2.4,1.3,.520,0.4,0.2,.545,0.2,2.9,1.5,0.3,0.1,0.2,0.3
Thaddeus Young,TOR,54,14.7,3.7,2.0,.545,0.5,0.3,.692,0.1,4.4,3.1,1.4,1.0,0.1,0.8
Thanasis Antetokounmpo,MIL,37,5.6,1.2,0.5,.435,0.6,0.3,.500,0.0,1.4,1.2,0.4,0.1,0.1,0.3
Theo Pinson,DAL,40,8.1,2.2,0.8,.356,0.3,0.3,.846,0.6,2.4,1.6,1.2,0.2,0.0,0.3
Thomas Bryant,2TM,59,18.3,6.3,3.9,.623,2.1,1.6,.738,0.4,9.8,5.7,0.5,0.3,0.5,0.6
Théo Maledon,CHO,44,19.4,5.8,2.3,.402,1.7,1.4,.851,0.6,6.7,2.8,3.5,0.8,0.3,1.3
Tim Hardaway Jr.,DAL,71,30.3,11.9,4.8,.401,2.3,1.8,.770,3.0,14.4,3.5,1.8,0.7,0.2,0.8
Tobias Harris,PHI,74,32.9,11.4,5.7,.501,1.7,1.5,.876,1.7,14.7,5.7,2.5,0.9,0.5,1.2
Tony Bradley,CHI,12,2.8,1.0,0.5,.500,0.3,0.3,1.000,0.3,1.6,0.9,0.1,0.1,0.1,0.1
Torrey Craig,PHO,79,24.7,6.3,2.9,.456,0.6,0.4,.711,1.3,7.4,5.4,1.5,0.6,0.8,0.9
Trae Young,ATL,73,34.8,19.0,8.2,.429,8.8,7.8,.886,2.1,26.2,3.0,10.2,1.1,0.1,4.1
Tre Jones,SAS,68,29.2,10.9,5.0,.459,2.5,2.2,.860,0.7,12.9,3.6,6.6,1.3,0.1,1.6
Tre Mann,OKC,67,17.7,7.5,2.9,.393,0.8,0.6,.764,1.2,7.7,2.3,1.8,0.6,0.2,0.9
Trendon Watford,POR,62,19.1,5.2,2.9,.560,1.6,1.2,.720,0.4,7.4,3.8,2.1,0.5,0.2,1.1
Trent Forrest,ATL,23,12.0,2.6,1.1,.417,0.1,0.1,.667,0.0,2.3,1.6,1.7,0.3,0.1,0.7
Trevelin Queen,IND,7,10.0,4.1,1.0,.241,0.7,0.7,1.000,0.3,3.0,2.4,0.9,0.3,0.7,1.0
Trevor Hudgins,HOU,5,5.6,1.8,0.4,.222,0.6,0.6,1.000,0.4,1.8,0.0,0.6,0.0,0.0,0.2
Trevor Keels,NYK,3,2.7,1.3,0.3,.250,0.0,0.0,,0.3,1.0,0.7,0.0,0.0,0.0,0.0
Trey Lyles,SAC,74,16.9,5.5,2.5,.458,1.7,1.4,.815,1.2,7.6,4.1,0.9,0.4,0.4,0.9
Trey Murphy III,NOP,79,31.0,10.1,4.9,.484,2.4,2.2,.905,2.6,14.5,3.6,1.4,1.1,0.5,0.8
Tristan Thompson,LAL,6,5.3,1.8,0.8,.455,0.8,0.2,.200,0.0,1.8,1.7,0.3,0.0,0.0,0.2
Troy Brown Jr.,LAL,76,24.5,6.1,2.6,.430,0.5,0.4,.872,1.4,7.1,4.1,1.3,0.8,0.2,0.6
Ty Jerome,GSW,45,18.1,5.4,2.6,.488,0.9,0.8,.927,0.8,6.9,1.7,3.0,0.5,0.1,0.7
TyTy Washington Jr.,HOU,31,14.0,5.2,1.9,.363,0.6,0.3,.556,0.6,4.7,1.5,1.5,0.5,0.1,0.5
Tyler Dorsey,DAL,3,2.7,1.7,1.3,.800,0.0,0.0,,0.3,3.0,0.7,0.0,0.0,0.0,0.0
Tyler Herro,MIA,67,34.9,16.6,7.3,.439,2.7,2.5,.934,3.0,20.1,5.4,4.2,0.8,0.2,2.4
Tyrese Haliburton,IND,56,33.6,15.0,7.4,.490,3.6,3.1,.871,2.9,20.7,3.7,10.4,1.6,0.4,2.5
Tyrese Martin,ATL,16,4.1,1.4,0.6,.391,0.1,0.1,1.000,0.1,1.3,0.8,0.1,0.1,0.0,0.1
Tyrese Maxey,PHI,60,33.6,15.2,7.3,.481,3.6,3.0,.845,2.7,20.3,2.9,3.5,0.8,0.1,1.3
Tyus Jones,MEM,80,24.3,8.9,3.9,.438,1.3,1.0,.800,1.5,10.3,2.5,5.2,1.0,0.1,0.9
Udoka Azubuike,UTA,36,10.0,2.0,1.6,.819,0.6,0.2,.350,0.0,3.5,3.3,0.3,0.2,0.4,0.5
Udonis Haslem,MIA,7,10.1,4.1,1.4,.345,0.7,0.6,.800,0.4,3.9,1.6,0.0,0.1,0.3,0.1
Usman Garuba,HOU,75,12.9,2.4,1.1,.486,0.6,0.4,.617,0.3,3.0,4.1,0.9,0.6,0.4,0.6
Vernon Carey Jr.,WAS,11,2.5,0.7,0.2,.250,0.2,0.2,1.000,0.0,0.5,1.0,0.3,0.2,0.2,0.2
Victor Oladipo,MIA,42,26.3,9.6,3.8,.397,1.9,1.4,.747,1.7,10.7,3.0,3.5,1.4,0.3,2.1
Vince Williams Jr.,MEM,15,7.0,2.7,0.8,.300,0.1,0.1,1.000,0.3,2.0,1.0,0.3,0.4,0.1,0.3
Vlatko Čančar,DEN,60,14.8,3.8,1.8,.476,0.7,0.6,.927,0.7,5.0,2.1,1.3,0.4,0.2,0.6
Vít Krejčí,ATL,29,5.7,1.3,0.5,.405,0.1,0.0,.500,0.2,1.2,0.9,0.6,0.2,0.0,0.2
Walker Kessler,UTA,74,23.0,5.6,4.0,.720,2.1,1.1,.516,0.0,9.2,8.4,0.9,0.4,2.3,0.8
Wendell Carter Jr.,ORL,57,29.6,10.8,5.6,.525,3.4,2.5,.738,1.4,15.2,8.7,2.3,0.5,0.6,1.9
Wendell Moore Jr.,MIN,29,5.3,1.5,0.6,.419,0.2,0.1,.800,0.1,1.4,0.6,0.6,0.3,0.2,0.3
Wenyen Gabriel,LAL,68,15.1,3.8,2.3,.596,1.2,0.8,.619,0.1,5.5,4.2,0.5,0.4,0.5,0.7
Wesley Matthews,MIL,52,15.8,3.1,1.1,.363,0.5,0.5,.857,0.8,3.4,2.2,0.7,0.4,0.3,0.3
Will Barton,2TM,56,17.7,6.5,2.5,.379,0.8,0.7,.787,1.2,6.8,2.4,2.0,0.5,0.2,0.9
Willy Hernangómez,NOP,38,12.1,4.4,2.3,.527,2.7,2.1,.779,0.1,6.9,4.7,0.9,0.4,0.3,1.0
Xavier Cooks,WAS,10,12.6,2.8,1.7,.607,1.0,0.4,.400,0.0,3.8,3.8,0.6,0.6,0.4,0.8
Xavier Moon,LAC,4,5.0,2.3,0.8,.333,0.0,0.0,,0.3,1.8,0.8,1.3,0.0,0.0,0.3
Xavier Sneed,CHO,4,12.0,2.5,1.3,.500,1.0,1.0,1.000,0.8,4.3,1.3,1.3,0.0,0.3,0.8
Xavier Tillman Sr.,MEM,61,19.3,5.0,3.1,.614,1.5,0.8,.551,0.1,7.0,5.0,1.6,1.0,0.5,0.7
Yuta Watanabe,BRK,58,16.0,4.0,2.0,.491,0.8,0.6,.723,1.0,5.6,2.4,0.8,0.4,0.3,0.4
Zach Collins,SAS,63,22.9,8.7,4.5,.518,2.3,1.7,.761,0.9,11.6,6.4,2.9,0.6,0.8,2.0
Zach LaVine,CHI,77,35.9,18.0,8.7,.485,5.6,4.7,.848,2.6,24.8,4.5,4.2,0.9,0.2,2.5
Zeke Nnaji,DEN,53,13.7,3.7,2.1,.561,1.2,0.8,.645,0.3,5.2,2.6,0.3,0.3,0.4,0.6
Ziaire Williams,MEM,37,15.2,5.3,2.3,.429,0.6,0.5,.773,0.7,5.7,2.1,0.9,0.4,0.2,1.0
Zion Williamson,NOP,29,33.0,16.2,9.8,.608,8.6,6.1,.714,0.2,26.0,7.0,4.6,1.1,0.6,3.4
