player,espn_player,team,field,bref,espn,class,join
Brandon Clarke,Brandon Clarke,MEM,ft_pct,0.723,0.7194,conflict,fold
Brandon Clarke,Brandon Clarke,MEM,fta,2.4,2.4821,conflict,fold
Isaiah Roby,Isaiah Roby,SAS,reb,2.5,2.5714,noted,fold
John Wall,John Wall,LAC,fg_pct,0.408,0.4071,noted,fold
John Wall,John Wall,LAC,fga,9.9,9.9706,noted,fold
LaMelo Ball,LaMelo Ball,CHO,ft_pct,0.836,0.843,conflict,fold
Rudy Gay,Rudy Gay,UTA,fg_pct,0.38,0.3785,noted,fold
Tyus Jones,Tyus Jones,MEM,ft_pct,0.8,0.8061,conflict,fold
Tyus Jones,Tyus Jones,MEM,fta,1.3,1.225,conflict,fold
