player,team,gp_2023_24,gp_2024_25,gp_2025_26,seasons,gp_mean,gp_min,gp_frac_mean
Nikola Jokic,DEN,79,70,65,3,71.3,65,0.87
Victor Wembanyama,SAS,71,46,64,3,60.3,46,0.736
Shai Gilgeous-Alexander,OKC,75,76,68,3,73,68,0.89
Luka Doncic,LAL,70,50,64,3,61.3,50,0.748
Giannis Antetokounmpo,MIA,73,67,36,3,58.7,36,0.715
Anthony Davis,WAS,76,51,20,3,49,20,0.598
Cade Cunningham,DET,62,70,64,3,65.3,62,0.797
Anthony Edwards,MIN,79,79,61,3,73,61,0.89
Kevin Durant,HOU,75,62,78,3,71.7,62,0.874
Jalen Williams,OKC,71,69,33,3,57.7,33,0.703
Chet Holmgren,OKC,82,32,69,3,61,32,0.744
Evan Mobley,CLE,50,71,65,3,62,50,0.756
Donovan Mitchell,CLE,55,71,70,3,65.3,55,0.797
Devin Booker,PHX,68,75,64,3,69,64,0.841
Tyrese Maxey,PHI,70,52,70,3,64,52,0.78
Karl-Anthony Towns,NYK,62,72,75,3,69.7,62,0.85
Domantas Sabonis,SAC,82,70,19,3,57,19,0.695
Alperen Sengun,HOU,63,76,72,3,70.3,63,0.858
Jalen Brunson,NYK,77,65,74,3,72,65,0.878
Trae Young,WAS,54,76,15,3,48.3,15,0.589
Ja Morant,POR,9,50,20,3,26.3,9,0.321
Jaren Jackson Jr.,UTA,66,74,48,3,62.7,48,0.764
Stephen Curry,GSW,74,70,43,3,62.3,43,0.76
Bam Adebayo,MIA,71,78,73,3,74,71,0.902
Cooper Flagg,DAL,,,70,1,70,70,0.854
Scottie Barnes,TOR,60,65,80,3,68.3,60,0.833
Franz Wagner,ORL,72,60,34,3,55.3,34,0.675
Paolo Banchero,ORL,80,46,72,3,66,46,0.805
Jalen Johnson,ATL,56,36,72,3,54.7,36,0.667
Amen Thompson,HOU,62,69,79,3,70,62,0.854
LeBron James,PHI,71,70,60,3,67,60,0.817
Jaylen Brown,PHI,70,63,71,3,68,63,0.829
Ivica Zubac,IND,68,80,48,3,65.3,48,0.797
De'Aaron Fox,SAS,74,62,72,3,69.3,62,0.846
Jamal Murray,DEN,59,67,75,3,67,59,0.817
James Harden,CLE,72,79,70,3,73.7,70,0.898
Zion Williamson,NOP,70,30,62,3,54,30,0.659
Kawhi Leonard,TOR,68,37,65,3,56.7,37,0.691
Tyler Herro,MIL,42,77,33,3,50.7,33,0.618
Desmond Bane,ORL,42,69,82,3,64.3,42,0.785
Derrick White,BOS,73,76,77,3,75.3,73,0.919
Jimmy Butler,GSW,60,55,38,3,51,38,0.622
LaMelo Ball,MIN,22,47,72,3,47,22,0.573
Darius Garland,LAC,57,75,45,3,59,45,0.72
Josh Giddey,CHI,80,70,54,3,68,54,0.829
Dyson Daniels,ATL,61,76,76,3,71,61,0.866
Devin Vassell,SAS,68,64,67,3,66.3,64,0.809
Jalen Duren,DET,61,78,70,3,69.7,61,0.85
Rudy Gobert,MIN,76,72,76,3,74.7,72,0.911
Jarrett Allen,CLE,77,82,56,3,71.7,56,0.874
Walker Kessler,LAL,64,58,5,3,42.3,5,0.516
Myles Turner,MIL,77,72,71,3,73.3,71,0.894
Deandre Ayton,WAS,55,40,72,3,55.7,40,0.679
Mark Williams,PHX,19,44,60,3,41,19,0.5
Kristaps Porzingis,GSW,57,42,32,3,43.7,32,0.533
Joel Embiid,PHI,39,19,38,3,32,19,0.39
Nikola Vucevic,ORL,76,73,64,3,71,64,0.866
Jakob Poeltl,TOR,50,57,46,3,51,46,0.622
Onyeka Okongwu,ATL,55,74,74,3,67.7,55,0.825
Kel'el Ware,MIL,,64,77,2,70.5,64,0.86
Zach Edey,MEM,,66,11,2,38.5,11,0.47
Donovan Clingan,POR,,67,77,2,72,67,0.878
Jusuf Nurkic,UTA,76,51,41,3,56,41,0.683
Isaiah Hartenstein,OKC,75,57,47,3,59.7,47,0.728
Daniel Gafford,DAL,74,57,55,3,62,55,0.756
Dereck Lively II,DAL,55,36,7,3,32.7,7,0.398
Neemias Queta,BOS,28,62,76,3,55.3,28,0.675
Mitchell Robinson,BOS,31,17,60,3,36,17,0.439
Nic Claxton,CHI,71,70,69,3,70,69,0.854
Alex Sarr,WAS,,67,48,2,57.5,48,0.701
Khaman Maluach,PHX,,,46,1,46,46,0.561
Yves Missi,NOP,,73,66,2,69.5,66,0.848
Steven Adams,HOU,,58,32,2,45,32,0.549
Clint Capela,HOU,73,55,75,3,67.7,55,0.825
Wendell Carter Jr.,ORL,55,68,78,3,67,55,0.817
Goga Bitadze,ORL,62,70,64,3,65.3,62,0.797
Day'Ron Sharpe,BKN,61,50,62,3,57.7,50,0.703
Tyrese Haliburton,IND,69,73,,2,71,69,0.866
Jayson Tatum,BOS,74,72,16,3,54,16,0.659
Kyrie Irving,DAL,58,50,,2,54,50,0.659
Damian Lillard,POR,73,58,,2,65.5,58,0.799
Fred VanVleet,HOU,73,60,,2,66.5,60,0.811
Dejounte Murray,NOP,78,31,14,3,41,14,0.5
Paul George,BOS,74,41,37,3,50.7,37,0.618
Brandon Ingram,LAC,64,18,77,3,53,18,0.646
Zach LaVine,SAC,25,74,39,3,46,25,0.561
DeMar DeRozan,DEN,79,77,77,3,77.7,77,0.947
Jalen Green,PHX,82,82,32,3,65.3,32,0.797
Norman Powell,CHI,76,60,58,3,64.7,58,0.789
Cam Thomas,FA,66,25,42,3,44.3,25,0.541
Coby White,CHA,79,74,50,3,67.7,50,0.825
Austin Reaves,LAL,82,73,51,3,68.7,51,0.837
Jordan Poole,NOP,78,68,39,3,61.7,39,0.752
CJ McCollum,ATL,66,56,76,3,66,56,0.805
Anfernee Simons,PHI,46,70,55,3,57,46,0.695
Malik Monk,SAC,72,65,62,3,66.3,62,0.809
Immanuel Quickley,TOR,68,33,70,3,57,33,0.695
Jalen Suggs,ORL,75,35,57,3,55.7,35,0.679
Stephon Castle,SAS,,81,68,2,74.5,68,0.909
Scoot Henderson,POR,62,66,30,3,52.7,30,0.642
Reed Sheppard,HOU,,52,82,2,67,52,0.817
Andrew Nembhard,IND,68,65,57,3,63.3,57,0.772
Kevin Porter Jr.,MIL,,75,38,2,56.5,38,0.689
Ryan Rollins,MIL,13,56,74,3,47.7,13,0.581
Dylan Harper,SAS,,,69,1,69,69,0.841
VJ Edgecombe,PHI,,,75,1,75,75,0.915
Keyonte George,UTA,75,67,54,3,65.3,54,0.797
Isaiah Collier,UTA,,71,59,2,65,59,0.793
Jaden Ivey,FA,77,30,37,3,48,30,0.585
Cason Wallace,OKC,82,68,77,3,75.7,68,0.923
Bub Carrington,WAS,,82,82,2,82,82,1.0
Jeremiah Fears,NOP,,,82,1,82,82,1.0
Egor Demin,BKN,,,52,1,52,52,0.634
Tre Johnson,WAS,,,60,1,60,60,0.732
Kon Knueppel,CHA,,,81,1,81,81,0.988
Brandin Podziemski,GSW,74,64,82,3,73.3,64,0.894
Moses Moody,GSW,66,74,60,3,66.7,60,0.813
De'Anthony Melton,GSW,38,6,49,3,31,6,0.378
Keon Ellis,BKN,57,80,72,3,69.7,57,0.85
Gradey Dick,LAC,60,54,76,3,63.3,54,0.772
Buddy Hield,CHI,84,82,51,3,72.3,51,0.882
Gary Trent Jr.,MIL,71,74,65,3,70,65,0.854
Jordan Hawkins,CHI,67,56,51,3,58,51,0.707
Collin Sexton,LAL,78,63,68,3,69.7,63,0.85
Dennis Schroder,CHA,80,75,70,3,75,70,0.915
Russell Westbrook,FA,68,75,64,3,69,64,0.841
Malcolm Brogdon,FA,39,24,,2,31.5,24,0.384
Lonzo Ball,FA,,35,35,2,35,35,0.427
Jose Alvarado,NYK,56,56,69,3,60.3,56,0.736
Payton Pritchard,BOS,82,80,79,3,80.3,79,0.98
Anthony Black,ORL,69,78,64,3,70.3,64,0.858
Nickeil Alexander-Walker,ATL,82,82,78,3,80.7,78,0.984
Mikal Bridges,NYK,82,82,82,3,82,82,1.0
OG Anunoby,NYK,50,74,67,3,63.7,50,0.776
Trey Murphy III,NOP,57,53,66,3,58.7,53,0.715
Herbert Jones,NOP,76,20,56,3,50.7,20,0.618
Michael Porter Jr.,BKN,81,77,52,3,70,52,0.854
Cameron Johnson,DEN,58,57,54,3,56.3,54,0.687
Andrew Wiggins,MIA,71,60,68,3,66.3,60,0.809
Jaden McDaniels,MIN,72,82,73,3,75.7,72,0.923
Bilal Coulibaly,WAS,63,59,56,3,59.3,56,0.724
Matas Buzelis,CHI,,80,77,2,78.5,77,0.957
Jaylen Wells,MEM,,79,69,2,74,69,0.902
Zaccharie Risacher,DAL,,75,67,2,71,67,0.866
Ace Bailey,UTA,,,72,1,72,72,0.878
Cedric Coward,MEM,,,62,1,62,62,0.756
Nique Clifford,SAC,,,75,1,75,75,0.915
Kyshawn George,WAS,,68,48,2,58,48,0.707
Brandon Miller,CHA,74,27,65,3,55.3,27,0.675
Miles Bridges,PHX,69,64,77,3,70,64,0.854
RJ Barrett,TOR,58,58,57,3,57.7,57,0.703
Deni Avdija,POR,75,72,66,3,71,66,0.866
Shaedon Sharpe,POR,32,72,50,3,51.3,32,0.626
Toumani Camara,POR,70,78,82,3,76.7,70,0.935
Dorian Finney-Smith,ATL,68,63,37,3,56,37,0.683
Kelly Oubre Jr.,IND,68,60,50,3,59.3,50,0.724
Aaron Nesmith,IND,72,45,45,3,54,45,0.659
Bennedict Mathurin,NOP,59,72,54,3,61.7,54,0.752
Pascal Siakam,IND,80,78,62,3,73.3,62,0.894
Obi Toppin,IND,82,79,24,3,61.7,24,0.752
Julius Randle,BKN,46,69,79,3,64.7,46,0.789
Jonathan Kuminga,MIN,74,47,36,3,52.3,36,0.638
Draymond Green,GSW,55,68,68,3,63.7,55,0.776
Jabari Smith Jr.,HOU,76,57,77,3,70,57,0.854
Tari Eason,HOU,22,57,60,3,46.3,22,0.565
Dillon Brooks,PHX,72,75,56,3,67.7,56,0.825
Quentin Grimes,LAL,51,75,75,3,67,51,0.817
Kyle Kuzma,MIL,70,65,69,3,68,65,0.829
Bobby Portis,MIA,82,49,67,3,66,49,0.805
Aaron Gordon,DEN,73,51,36,3,53.3,36,0.65
Peyton Watson,CLE,80,68,54,3,67.3,54,0.821
Christian Braun,DEN,82,79,44,3,68.3,44,0.833
Julian Strawther,DEN,50,65,57,3,57.3,50,0.699
Keegan Murray,SAC,77,76,23,3,58.7,23,0.715
PJ Washington,DAL,73,57,56,3,62,56,0.756
Naji Marshall,DAL,66,69,74,3,69.7,66,0.85
Klay Thompson,MIA,77,72,69,3,72.7,69,0.886
Tim Hardaway Jr.,MIA,79,77,80,3,78.7,77,0.959
Jaden Hardy,LAL,73,57,57,3,62.3,57,0.76
Rui Hachimura,LAC,68,59,68,3,65,59,0.793
Jarred Vanderbilt,LAL,29,36,65,3,43.3,29,0.528
Santi Aldama,DAL,61,65,43,3,56.3,43,0.687
GG Jackson,MEM,48,29,55,3,44,29,0.537
Isaiah Stewart,MEM,46,72,58,3,58.7,46,0.715
Ausar Thompson,DET,63,59,73,3,65,59,0.793
Ron Holland,DET,,81,78,2,79.5,78,0.97
Tobias Harris,SAS,70,73,63,3,68.7,63,0.837
Duncan Robinson,DET,68,74,77,3,73,68,0.89
Caris LeVert,MIL,68,64,60,3,64,60,0.78
De'Andre Hunter,SAC,57,64,45,3,55.3,45,0.675
Max Strus,LAC,70,50,12,3,44,12,0.537
Sam Merrill,CLE,61,71,52,3,61.3,52,0.748
Ochai Agbaji,NYK,78,64,62,3,68,62,0.829
Jaime Jaquez Jr.,MIL,75,66,75,3,72,66,0.878
Nikola Jovic,MIA,46,46,47,3,46.3,46,0.565
Bogdan Bogdanovic,HOU,79,54,23,3,52,23,0.634
Grayson Allen,CHA,75,64,51,3,63.3,51,0.772
Royce O'Neale,CHA,79,75,78,3,77.3,75,0.943
Trayce Jackson-Davis,TOR,68,62,53,3,61,53,0.744
Quinten Post,MEM,,42,67,2,54.5,42,0.665
Jeremy Sochan,POR,74,54,44,3,57.3,44,0.699
Corey Kispert,ATL,80,61,58,3,66.3,58,0.809
Gabe Vincent,FA,11,72,53,3,45.3,11,0.553
Dalton Knecht,LAL,,78,54,2,66,54,0.805
Tristan da Silva,ORL,,74,77,2,75.5,74,0.921
Tre Mann,WAS,41,13,53,3,35.7,13,0.435
Josh Hart,NYK,81,77,66,3,74.7,66,0.911
Landry Shamet,NYK,46,50,51,3,49,46,0.598
Ziaire Williams,LAL,51,63,56,3,56.7,51,0.691
Lauri Markkanen,UTA,55,47,42,3,48,42,0.585
Jrue Holiday,POR,69,62,53,3,61.3,53,0.748
D'Angelo Russell,FA,76,58,26,3,53.3,26,0.65
Naz Reid,CHA,81,80,77,3,79.3,77,0.967
Brook Lopez,LAC,79,80,75,3,78,75,0.951
Donte DiVincenzo,MIN,81,62,82,3,75,62,0.915
Jordan Clarkson,NYK,55,37,72,3,54.7,37,0.667
Bradley Beal,LAC,53,53,6,3,37.3,6,0.455
Marcus Smart,HOU,20,34,62,3,38.7,20,0.472
Al Horford,GSW,65,60,45,3,56.7,45,0.691
John Collins,DET,68,40,69,3,59,40,0.72
AJ Dybantsa,WAS,,,,0,,,
Darryn Peterson,UTA,,,,0,,,
Cameron Boozer,MEM,,,,0,,,
Caleb Wilson,CHI,,,,0,,,
Mikel Brown Jr.,BKN,,,,0,,,
Darius Acuff Jr.,SAC,,,,0,,,
Jerami Grant,MEM,54,47,57,3,52.7,47,0.642
Yaxel Lendeborg,GSW,,,,0,,,
Alex Caruso,OKC,71,54,56,3,60.3,54,0.736
Kyle Filipowski,UTA,,72,77,2,74.5,72,0.909
Jared McCain,OKC,,23,67,2,45,23,0.549
Ayo Dosunmu,MIN,76,46,69,3,63.7,46,0.776
Luguentz Dort,ATL,79,71,69,3,73,69,0.89
Derik Queen,NOP,,,81,1,81,81,0.988
Moussa Diabate,CHA,11,71,73,3,51.7,11,0.63
Derrick Jones Jr,LAC,76,77,50,3,67.7,50,0.825
Khris Middleton,WAS,55,37,63,3,51.7,37,0.63
Taylor Hendricks,MEM,40,3,59,3,34,3,0.415
Rob Dillingham,FA,,49,65,2,57,49,0.695
Terrence Shannon Jr,MIN,,32,43,2,37.5,32,0.457
Kasparas Jakucionis,MIL,,,53,1,53,53,0.646
Hannes Steinbach,CHA,,,,0,,,
Jalen Wilson,ATL,43,79,54,3,58.7,43,0.715
Davion Mitchell,MIA,72,74,70,3,72,70,0.878
Keldon Johnson,SAS,69,77,82,3,76,69,0.927
Sam Hauser,BOS,79,71,78,3,76,71,0.927
Ty Jerome,MEM,2,70,15,3,29,2,0.354
Sandro Mamukelashvili,LAL,46,61,80,3,62.3,46,0.76
Collin Murray-Boyles,TOR,,,57,1,57,57,0.695
Ajay Mitchell,OKC,,36,57,2,46.5,36,0.567
Saddiq Bey,NOP,63,,72,2,67.5,63,0.823
Maxime Raynaud,SAC,,,74,1,74,74,0.902
Collin Gillespie,PHX,24,33,80,3,45.7,24,0.557
Paul Reed,DET,82,45,65,3,64,45,0.78
Keaton Wagler,LAC,,,,0,,,
Adem Bona,PHI,,58,71,2,64.5,58,0.787
Julian Champagnie,SAS,74,82,82,3,79.3,74,0.967
Allen Graves,TOR,,,,0,,,
Tre Jones,CHI,77,46,65,3,62.7,46,0.764
Robert Williams III,POR,6,20,59,3,28.3,6,0.346
AJ Green,MIL,56,73,78,3,69,56,0.841
Joan Beringer,MIN,,,40,1,40,40,0.488
Isaiah Joe,DET,78,74,71,3,74.3,71,0.907
Jay Huff,IND,20,64,82,3,55.3,20,0.675
Bronny James,LAL,,27,42,2,34.5,27,0.421
Aday Mara,OKC,,,,0,,,
Luke Kennard,PHX,39,65,78,3,60.7,39,0.74
Johni Broome,MIL,,,11,1,11,11,0.134
Aaron Wiggins,ATL,78,76,65,3,73,65,0.89
Brayden Burries,MIL,,,,0,,,
Daniss Jenkins,DET,,7,72,2,39.5,7,0.482
Oso Ighodaro,PHX,,61,82,2,71.5,61,0.872
Scotty Pippen Jr.,MEM,21,79,10,3,36.7,10,0.447
Miles McBride,NYK,68,64,41,3,57.7,41,0.703
T.J. McConnell,IND,71,79,56,3,68.7,56,0.837
Jalen Smith,CHI,61,64,53,3,59.3,53,0.724
Kris Dunn,LAC,66,74,82,3,74,66,0.902
Max Christie,DAL,67,78,77,3,74,67,0.902
Ryan Kalkbrenner,CHA,,,69,1,69,69,0.841
Noah Clowney,BKN,23,46,66,3,45,23,0.549
Luke Kornet,SAS,63,73,68,3,68,63,0.829
Jake LaRavia,LAL,35,66,82,3,61,35,0.744
Dylan Cardwell,SAC,,,44,1,44,44,0.537
Jaxson Hayes,UTA,70,56,66,3,64,56,0.78
Kevin Huerter,DET,64,69,69,3,67.3,64,0.821
Tony Bradley,NYK,,14,41,2,27.5,14,0.335
Isaiah Jackson,LAC,,5,55,2,30,5,0.366
Jaylon Tyson,CLE,,47,66,2,56.5,47,0.689
Jarace Walker,IND,33,75,76,3,61.3,33,0.748
Ja'Kobe Walter,TOR,,52,72,2,62,52,0.756
Jordan Goodwin,PHX,57,29,70,3,52,29,0.634
Jaylin Williams,OKC,69,47,65,3,60.3,47,0.736
Moritz Wagner,BKN,80,30,36,3,48.7,30,0.593
Kobe Sanders,LAC,,,68,1,68,68,0.829
Cam Spencer,MEM,,25,72,2,48.5,25,0.591
Karlo Matkovic,NOP,,42,62,2,52,42,0.634
Baylor Scheierman,BOS,,31,77,2,54,31,0.659
Gui Santos,GSW,23,56,68,3,49,23,0.598
Justin Champagnie,WAS,15,62,69,3,48.7,15,0.593
Javonte Green,DET,9,68,82,3,53,9,0.646
Harrison Barnes,SAS,82,82,77,3,80.3,77,0.98
Precious Achiuwa,SAC,74,57,73,3,68,57,0.829
Gary Payton II,GSW,44,62,73,3,59.7,44,0.728
Bruce Brown,NYK,67,41,82,3,63.3,41,0.772
Dominick Barlow,PHI,33,35,71,3,46.3,33,0.565
Jamal Shead,TOR,,75,82,2,78.5,75,0.957
John Konchar,FA,55,46,56,3,52.3,46,0.638
Jonas Valanciunas,FA,82,81,65,3,76,65,0.927
Dru Smith,MIA,9,14,70,3,31,9,0.378
Pelle Larsson,MIA,,55,70,2,62.5,55,0.762
Vit Krejci,POR,22,57,65,3,48,22,0.585
Jock Landale,ATL,56,42,68,3,55.3,42,0.675
Dean Wade,PHI,54,59,59,3,57.3,54,0.699
Isaac Okoro,CHI,69,55,63,3,62.3,55,0.76
Brandon Williams,GSW,17,33,66,3,38.7,17,0.472
Ryan Dunn,PHX,,74,70,2,72,70,0.878
Nicolas Batum,FA,60,78,74,3,70.7,60,0.862
Mouhamed Gueye,ATL,6,33,77,3,38.7,6,0.472
Simone Fontecchio,MIA,66,75,70,3,70.3,66,0.858
Kentavious Caldwell-Pope,PHI,76,77,51,3,68,51,0.829
Marvin Bagley III,DEN,50,31,60,3,47,31,0.573
Terance Mann,BKN,75,67,63,3,68.3,63,0.833
Will Richard,GSW,,,69,1,69,69,0.841
Luka Garza,BOS,25,39,69,3,44.3,25,0.541
Jordan Walsh,BOS,9,52,68,3,43,9,0.524
Bones Hyland,MIN,37,24,71,3,44,24,0.537
Craig Porter Jr.,CLE,51,51,64,3,55.3,51,0.675
Sion James,CHA,,,82,1,82,82,1.0
Mike Conley,BOS,76,71,54,3,67,54,0.817
Ben Sheppard,IND,57,63,65,3,61.7,57,0.752
Ben Simmons,SAC,15,51,,2,33,15,0.402
Will Riley,WAS,,,74,1,74,74,0.902
Kingston Flemings,ATL,,,,0,,,
Zach Collins,CHI,69,64,10,3,47.7,10,0.581
Yang Hansen,POR,,,43,1,43,43,0.524
