bref_2023.html	https://www.basketball-reference.com/leagues/NBA_2023_per_game.html	2026-10-09T17:43:06Z	200	2207806	df333658e164d1f1b04327953211667eb06dd23586ac90456bedf9b280dbe2ed
bref_2024.html	https://www.basketball-reference.com/leagues/NBA_2024_per_game.html	2026-10-09T17:43:11Z	200	2333251	cbdb7fd94d91a7b8f0c52c5056bd574f9d1344854b551ba503efa69786b0e8f7
bref_2025.html	https://www.basketball-reference.com/leagues/NBA_2025_per_game.html	2026-10-09T17:43:15Z	200	2346496	3e08da606637d6ef0e566c5ff4eb05f90a50fdd0c63bcf24aaf3fed535bc6932
bref_2026.html	https://www.basketball-reference.com/leagues/NBA_2026_per_game.html	2026-10-09T17:43:20Z	200	2365873	9fd933b3dbe1dc3e30e9e2b02130be173271ba6a28b601fb3491014b38fceced
espn_2023_p1.json	https://site.web.api.espn.com/apis/common/v3/sports/basketball/nba/statistics/byathlete?region=us&lang=en&contentorigin=espn&isqualified=false&limit=50&page=1&season=2023&seasontype=2&sort=offensive.avgPoints:desc	2026-10-09T17:43:25Z	200	669517	fc95722753f45e03eee6f58932f38d2470cddcdd635391e1dd154b8cc24ced13
espn_2023_p2.json	https://site.web.api.espn.com/apis/common/v3/sports/basketball/nba/statistics/byathlete?region=us&lang=en&contentorigin=espn&isqualified=false&limit=50&page=2&season=2023&seasontype=2&sort=offensive.avgPoints:desc	2026-10-09T17:43:25Z	200	692835	c63e3b9c06c4ddc63c3e8123a8305333e6c2252c298279f1c9c60a289f4a92f6
espn_2023_p3.json	https://site.web.api.espn.com/apis/common/v3/sports/basketball/nba/statistics/byathlete?region=us&lang=en&contentorigin=espn&isqualified=false&limit=50&page=3&season=2023&seasontype=2&sort=offensive.avgPoints:desc	2026-10-09T17:43:26Z	200	710354	69926e9f8127f2842273adaa096d92cce96bf609f06183a23fac710797079741
espn_2023_p4.json	https://site.web.api.espn.com/apis/common/v3/sports/basketball/nba/statistics/byathlete?region=us&lang=en&contentorigin=espn&isqualified=false&limit=50&page=4&season=2023&seasontype=2&sort=offensive.avgPoints:desc	2026-10-09T17:43:27Z	200	704175	fb9a58e4560e9b3e94894680b7a2a897e400b8fb094480ba7c370330480dd8d2
espn_2023_p5.json	https://site.web.api.espn.com/apis/common/v3/sports/basketball/nba/statistics/byathlete?region=us&lang=en&contentorigin=espn&isqualified=false&limit=50&page=5&season=2023&seasontype=2&sort=offensive.avgPoints:desc	2026-10-09T17:43:28Z	200	698338	ea70ad5d9bc20d54c04420c8256c61f44b2967a05024d03808f895ef1dfa52c8
espn_2023_p6.json	https://site.web.api.espn.com/apis/common/v3/sports/basketball/nba/statistics/byathlete?region=us&lang=en&contentorigin=espn&isqualified=false&limit=50&page=6&season=2023&seasontype=2&sort=offensive.avgPoints:desc	2026-10-09T17:43:29Z	200	686041	254e9688975c2f6917ddd5bc4ddd25d1eba388f2146e8295547ccd370728d27e
espn_2023_p7.json	https://site.web.api.espn.com/apis/common/v3/sports/basketball/nba/statistics/byathlete?region=us&lang=en&contentorigin=espn&isqualified=false&limit=50&page=7&season=2023&seasontype=2&sort=offensive.avgPoints:desc	2026-10-09T17:43:30Z	200	714876	3f42d97ae31982d8afff5d44426acd7f904eabe69181d201927b24b57289dbb1
espn_2023_p8.json	https://site.web.api.espn.com/apis/common/v3/sports/basketball/nba/statistics/byathlete?region=us&lang=en&contentorigin=espn&isqualified=false&limit=50&page=8&season=2023&seasontype=2&sort=offensive.avgPoints:desc	2026-10-09T17:43:31Z	200	691860	0ff5cc8161081f8f32114280a6b7dd3ce330d2c306d077c98cd6cf5bef5c7567
espn_2023_p9.json	https://site.web.api.espn.com/apis/common/v3/sports/basketball/nba/statistics/byathlete?region=us&lang=en&contentorigin=espn&isqualified=false&limit=50&page=9&season=2023&seasontype=2&sort=offensive.avgPoints:desc	2026-10-09T17:43:32Z	200	708407	70e537b327ca2dd444a725230be6fdc85b463e151abd469ffb87a22306ac0ffc
espn_2023_p10.json	https://site.web.api.espn.com/apis/common/v3/sports/basketball/nba/statistics/byathlete?region=us&lang=en&contentorigin=espn&isqualified=false&limit=50&page=10&season=2023&seasontype=2&sort=offensive.avgPoints:desc	2026-10-09T17:43:33Z	200	706636	41803c4a5c3a4d5e06b39dc1e2315ec5205269359f63fd3dedc0ea5adb32c104
espn_2023_p11.json	https://site.web.api.espn.com/apis/common/v3/sports/basketball/nba/statistics/byathlete?region=us&lang=en&contentorigin=espn&isqualified=false&limit=50&page=11&season=2023&seasontype=2&sort=offensive.avgPoints:desc	2026-10-09T17:43:34Z	200	516196	919ad468a07bdbb44b22681b18d09bf2113f048dbf60b6377e2ed63d7b1aa533
espn_2023_p12.json	https://site.web.api.espn.com/apis/common/v3/sports/basketball/nba/statistics/byathlete?region=us&lang=en&contentorigin=espn&isqualified=false&limit=50&page=12&season=2023&seasontype=2&sort=offensive.avgPoints:desc	2026-10-09T17:43:35Z	200	857	1dfbe44bc80247320aa17fdc4a731c3ea275f333ad7b57477e7eaee99eb05694
espn_2024_p1.json	https://site.web.api.espn.com/apis/common/v3/sports/basketball/nba/statistics/byathlete?region=us&lang=en&contentorigin=espn&isqualified=false&limit=50&page=1&season=2024&seasontype=2&sort=offensive.avgPoints:desc	2026-10-09T17:43:35Z	200	674914	c0cd67c77b0cc9892814d1fb3933c399292c51fc3e1b3d9af3c2aa3e20fb8d4e
espn_2024_p2.json	https://site.web.api.espn.com/apis/common/v3/sports/basketball/nba/statistics/byathlete?region=us&lang=en&contentorigin=espn&isqualified=false&limit=50&page=2&season=2024&seasontype=2&sort=offensive.avgPoints:desc	2026-10-09T17:43:36Z	200	675333	494f5ed7350acc7e790bc1ffaf461fb2579bcacdc6231150761bf2f6e79a51ba
espn_2024_p3.json	https://site.web.api.espn.com/apis/common/v3/sports/basketball/nba/statistics/byathlete?region=us&lang=en&contentorigin=espn&isqualified=false&limit=50&page=3&season=2024&seasontype=2&sort=offensive.avgPoints:desc	2026-10-09T17:43:37Z	200	704104	cb762f57b3cd6b5d69d4e10acb6d608b2bfeb6b44819ba2c9660d269bd5ab97f
espn_2024_p4.json	https://site.web.api.espn.com/apis/common/v3/sports/basketball/nba/statistics/byathlete?region=us&lang=en&contentorigin=espn&isqualified=false&limit=50&page=4&season=2024&seasontype=2&sort=offensive.avgPoints:desc	2026-10-09T17:43:38Z	200	692489	416de1ee1bb2675620476650acfb7f70e48d29372e5da59d2a703eb04376285f
espn_2024_p5.json	https://site.web.api.espn.com/apis/common/v3/sports/basketball/nba/statistics/byathlete?region=us&lang=en&contentorigin=espn&isqualified=false&limit=50&page=5&season=2024&seasontype=2&sort=offensive.avgPoints:desc	2026-10-09T17:43:39Z	200	709896	d017e119107cfe93b70ebafd64647ba3e273cd9272e82d171f0fd165f3f911c3
espn_2024_p6.json	https://site.web.api.espn.com/apis/common/v3/sports/basketball/nba/statistics/byathlete?region=us&lang=en&contentorigin=espn&isqualified=false&limit=50&page=6&season=2024&seasontype=2&sort=offensive.avgPoints:desc	2026-10-09T17:43:40Z	200	692151	a55edf143579dc9c67bbe54cbc0df7bfe2fec81f866662a7aa7f5a6672d895a4
espn_2024_p7.json	https://site.web.api.espn.com/apis/common/v3/sports/basketball/nba/statistics/byathlete?region=us&lang=en&contentorigin=espn&isqualified=false&limit=50&page=7&season=2024&seasontype=2&sort=offensive.avgPoints:desc	2026-10-09T17:43:41Z	200	732445	fedfdf5a2877763e82e54b79030e63f075a11b8e96f8fd7d9bcc513e9a0026c4
espn_2024_p8.json	https://site.web.api.espn.com/apis/common/v3/sports/basketball/nba/statistics/byathlete?region=us&lang=en&contentorigin=espn&isqualified=false&limit=50&page=8&season=2024&seasontype=2&sort=offensive.avgPoints:desc	2026-10-09T17:43:42Z	200	750120	c66db0785185bd5f9d346b8ad2227ae613902292b2de2a05453e4845de026c7f
espn_2024_p9.json	https://site.web.api.espn.com/apis/common/v3/sports/basketball/nba/statistics/byathlete?region=us&lang=en&contentorigin=espn&isqualified=false&limit=50&page=9&season=2024&seasontype=2&sort=offensive.avgPoints:desc	2026-10-09T17:43:43Z	200	713964	3b9e389001ed4cc0a185a8dbcb3454d62985171ce0c6840fd66cd8c852d33456
espn_2024_p10.json	https://site.web.api.espn.com/apis/common/v3/sports/basketball/nba/statistics/byathlete?region=us&lang=en&contentorigin=espn&isqualified=false&limit=50&page=10&season=2024&seasontype=2&sort=offensive.avgPoints:desc	2026-10-09T17:43:44Z	200	712905	5c287d08faf6cc088c7f9f6a8ea4a5fe104e48ac81ccd5d598928160367c5943
espn_2024_p11.json	https://site.web.api.espn.com/apis/common/v3/sports/basketball/nba/statistics/byathlete?region=us&lang=en&contentorigin=espn&isqualified=false&limit=50&page=11&season=2024&seasontype=2&sort=offensive.avgPoints:desc	2026-10-09T17:43:45Z	200	676080	dc5a458c1a0024d49a5bd744efd549b533a2a685f047defce07863761f135344
espn_2024_p12.json	https://site.web.api.espn.com/apis/common/v3/sports/basketball/nba/statistics/byathlete?region=us&lang=en&contentorigin=espn&isqualified=false&limit=50&page=12&season=2024&seasontype=2&sort=offensive.avgPoints:desc	2026-10-09T17:43:46Z	200	290499	d99cd9bf18e567bdca9c4d7e82614d20853b5fc5116aef4b2d7f1dbf3045f0b3
espn_2025_p1.json	https://site.web.api.espn.com/apis/common/v3/sports/basketball/nba/statistics/byathlete?region=us&lang=en&contentorigin=espn&isqualified=false&limit=50&page=1&season=2025&seasontype=2&sort=offensive.avgPoints:desc	2026-10-09T17:43:47Z	200	675318	58335df4e8fb18f1cb53f68a5c80dba992eb3f131c2c61587554d11093131444
espn_2025_p2.json	https://site.web.api.espn.com/apis/common/v3/sports/basketball/nba/statistics/byathlete?region=us&lang=en&contentorigin=espn&isqualified=false&limit=50&page=2&season=2025&seasontype=2&sort=offensive.avgPoints:desc	2026-10-09T17:43:48Z	200	698474	0c573f6263bb05434336fdd438ae13e2ab96a0ce4f547ebac4fdb6fd9219a850
espn_2025_p3.json	https://site.web.api.espn.com/apis/common/v3/sports/basketball/nba/statistics/byathlete?region=us&lang=en&contentorigin=espn&isqualified=false&limit=50&page=3&season=2025&seasontype=2&sort=offensive.avgPoints:desc	2026-10-09T17:43:49Z	200	692642	97efeb52a07dd0c6a0135adea9ecc097fb6f92f110483ce3ae488536c239fdc8
espn_2025_p4.json	https://site.web.api.espn.com/apis/common/v3/sports/basketball/nba/statistics/byathlete?region=us&lang=en&contentorigin=espn&isqualified=false&limit=50&page=4&season=2025&seasontype=2&sort=offensive.avgPoints:desc	2026-10-09T17:43:50Z	200	692210	626278416f6534d4a4336b8b5429e6fed02cf985d268e06a04ec17aac0351d7f
espn_2025_p5.json	https://site.web.api.espn.com/apis/common/v3/sports/basketball/nba/statistics/byathlete?region=us&lang=en&contentorigin=espn&isqualified=false&limit=50&page=5&season=2025&seasontype=2&sort=offensive.avgPoints:desc	2026-10-09T17:43:51Z	200	691916	648ccf0c47ebbbdeadf6fcd194e8c59e114ab1cebf925252684d8aa2f014c22e
espn_2025_p6.json	https://site.web.api.espn.com/apis/common/v3/sports/basketball/nba/statistics/byathlete?region=us&lang=en&contentorigin=espn&isqualified=false&limit=50&page=6&season=2025&seasontype=2&sort=offensive.avgPoints:desc	2026-10-09T17:43:52Z	200	680070	994f8372c601ee061027d7dd534b25f656bdb2ff42176c9fb0a5dfd04bcd3af9
espn_2025_p7.json	https://site.web.api.espn.com/apis/common/v3/sports/basketball/nba/statistics/byathlete?region=us&lang=en&contentorigin=espn&isqualified=false&limit=50&page=7&season=2025&seasontype=2&sort=offensive.avgPoints:desc	2026-10-09T17:43:52Z	200	731488	27412f2ba52c63d79b90b1175851b7e6a10f369bc709e6fd19349dfd51eb2c25
espn_2025_p8.json	https://site.web.api.espn.com/apis/common/v3/sports/basketball/nba/statistics/byathlete?region=us&lang=en&contentorigin=espn&isqualified=false&limit=50&page=8&season=2025&seasontype=2&sort=offensive.avgPoints:desc	2026-10-09T17:43:53Z	200	736889	ab9239d066f33d2bdc7408130a83b0be01b71d4ff4878af2aaf42b44abe4bad9
espn_2025_p9.json	https://site.web.api.espn.com/apis/common/v3/sports/basketball/nba/statistics/byathlete?region=us&lang=en&contentorigin=espn&isqualified=false&limit=50&page=9&season=2025&seasontype=2&sort=offensive.avgPoints:desc	2026-10-09T17:43:54Z	200	737811	8d15445fa8f4d293069e7973f098cba01c7e3e10287e5f966c9963bb735e7d25
espn_2025_p10.json	https://site.web.api.espn.com/apis/common/v3/sports/basketball/nba/statistics/byathlete?region=us&lang=en&contentorigin=espn&isqualified=false&limit=50&page=10&season=2025&seasontype=2&sort=offensive.avgPoints:desc	2026-10-09T17:43:55Z	200	719043	2f62468be28468a890ae135cb241d17851d9eb693d4cf8aa88497d2feb27286d
espn_2025_p11.json	https://site.web.api.espn.com/apis/common/v3/sports/basketball/nba/statistics/byathlete?region=us&lang=en&contentorigin=espn&isqualified=false&limit=50&page=11&season=2025&seasontype=2&sort=offensive.avgPoints:desc	2026-10-09T17:43:56Z	200	682213	244942991f255c4f3bc3a54322a86714495ab7549a7d603d78149d8a11b3e60f
espn_2025_p12.json	https://site.web.api.espn.com/apis/common/v3/sports/basketball/nba/statistics/byathlete?region=us&lang=en&contentorigin=espn&isqualified=false&limit=50&page=12&season=2025&seasontype=2&sort=offensive.avgPoints:desc	2026-10-09T17:43:57Z	200	263303	41ef63574f452024845624e45f518fbdb5ffa3312e89343b2f04a6298edc44d2
espn_2026_p1.json	https://site.web.api.espn.com/apis/common/v3/sports/basketball/nba/statistics/byathlete?region=us&lang=en&contentorigin=espn&isqualified=false&limit=50&page=1&season=2026&seasontype=2&sort=offensive.avgPoints:desc	2026-10-09T17:43:58Z	200	669492	6f8112e318625cba42150048522721d7403a1414175b79658ac19a9113a63855
espn_2026_p2.json	https://site.web.api.espn.com/apis/common/v3/sports/basketball/nba/statistics/byathlete?region=us&lang=en&contentorigin=espn&isqualified=false&limit=50&page=2&season=2026&seasontype=2&sort=offensive.avgPoints:desc	2026-10-09T17:43:59Z	200	675079	b2986e2b13422f1276e6fc02eb1f067a144c39f44024d16624cfeed999d2216b
espn_2026_p3.json	https://site.web.api.espn.com/apis/common/v3/sports/basketball/nba/statistics/byathlete?region=us&lang=en&contentorigin=espn&isqualified=false&limit=50&page=3&season=2026&seasontype=2&sort=offensive.avgPoints:desc	2026-10-09T17:44:00Z	200	692158	6c8d76876cfc2ee7fbe0f80da196f47e434812432e27faebc18ae3da64c2df89
espn_2026_p4.json	https://site.web.api.espn.com/apis/common/v3/sports/basketball/nba/statistics/byathlete?region=us&lang=en&contentorigin=espn&isqualified=false&limit=50&page=4&season=2026&seasontype=2&sort=offensive.avgPoints:desc	2026-10-09T17:44:01Z	200	703947	8f43555f02eb21a0d79cd1b84c63473b767a95bd2732d22a472ad706708da2be
espn_2026_p5.json	https://site.web.api.espn.com/apis/common/v3/sports/basketball/nba/statistics/byathlete?region=us&lang=en&contentorigin=espn&isqualified=false&limit=50&page=5&season=2026&seasontype=2&sort=offensive.avgPoints:desc	2026-10-09T17:44:02Z	200	691546	78cd5d04c3681b99a35dc83dc3545da6270c41341721a1831d5d8bdc3ef56945
espn_2026_p6.json	https://site.web.api.espn.com/apis/common/v3/sports/basketball/nba/statistics/byathlete?region=us&lang=en&contentorigin=espn&isqualified=false&limit=50&page=6&season=2026&seasontype=2&sort=offensive.avgPoints:desc	2026-10-09T17:44:03Z	200	721315	d87946a004d586fef1553e6da8092e92c2b17b44e144b075fc405509a433bc85
espn_2026_p7.json	https://site.web.api.espn.com/apis/common/v3/sports/basketball/nba/statistics/byathlete?region=us&lang=en&contentorigin=espn&isqualified=false&limit=50&page=7&season=2026&seasontype=2&sort=offensive.avgPoints:desc	2026-10-09T17:44:03Z	200	666566	e886ce3c1d6253c5b79997be830705b61e7771a0360b74f782c5e2be8353f12e
espn_2026_p8.json	https://site.web.api.espn.com/apis/common/v3/sports/basketball/nba/statistics/byathlete?region=us&lang=en&contentorigin=espn&isqualified=false&limit=50&page=8&season=2026&seasontype=2&sort=offensive.avgPoints:desc	2026-10-09T17:44:04Z	200	737180	0747b1973dc7aa2915b79713aecf6106f0c60c25bb96c8d01c88784f78d950b4
espn_2026_p9.json	https://site.web.api.espn.com/apis/common/v3/sports/basketball/nba/statistics/byathlete?region=us&lang=en&contentorigin=espn&isqualified=false&limit=50&page=9&season=2026&seasontype=2&sort=offensive.avgPoints:desc	2026-10-09T17:44:05Z	200	708244	c4468fa1cda45124a7b57eddf09542240c05b64b1d9dd165b44fae6884c19c1c
espn_2026_p10.json	https://site.web.api.espn.com/apis/common/v3/sports/basketball/nba/statistics/byathlete?region=us&lang=en&contentorigin=espn&isqualified=false&limit=50&page=10&season=2026&seasontype=2&sort=offensive.avgPoints:desc	2026-10-09T17:44:06Z	200	724180	6d6fa3d3c9605ff2bec049d95a5a73d3047c0c333dd2c674d1583ceaddc60202
espn_2026_p11.json	https://site.web.api.espn.com/apis/common/v3/sports/basketball/nba/statistics/byathlete?region=us&lang=en&contentorigin=espn&isqualified=false&limit=50&page=11&season=2026&seasontype=2&sort=offensive.avgPoints:desc	2026-10-09T17:44:07Z	200	694393	5b9ab423909868e7b619aa0360c7db375b9b987f2b9639329e4c4117c7aa5fef
espn_2026_p12.json	https://site.web.api.espn.com/apis/common/v3/sports/basketball/nba/statistics/byathlete?region=us&lang=en&contentorigin=espn&isqualified=false&limit=50&page=12&season=2026&seasontype=2&sort=offensive.avgPoints:desc	2026-10-09T17:44:07Z	200	443045	f49468156e7f064a47efdad344d7b4cfdd9577859bd312bd97c053a43a1bfd3d
