player,team,pos,fg_pct,fga,ft_pct,fta,tpm,pts,reb,ast,stl,blk,tov,note
Nikola Jokic,DEN,C,0.569,13.79,0.831,5.87,1.35,21.96,10.23,8.48,1.11,0.63,2.93,
Victor Wembanyama,SAS,C,0.512,13.19,0.827,5.46,1.48,19.51,8.98,2.42,0.78,2.42,1.87,
Shai Gilgeous-Alexander,OKC,PG,0.553,16.09,0.879,7.46,1.41,25.79,3.57,5.47,1.16,0.66,1.82,
Luka Doncic,LAL,"PG,SG",0.476,17.8,0.780,7.88,3.12,26.15,6.01,6.48,1.25,0.39,3.12,
Giannis Antetokounmpo,MIL,"PF,C",0.624,7.29,0.650,4.35,0.18,12.12,4.3,2.37,0.4,0.31,1.4,
Anthony Davis,DAL,"PF,C",0.506,4.07,0.728,1.0,0.12,4.98,2.71,0.68,0.27,0.41,0.51,
Cade Cunningham,DET,PG,0.461,14.52,0.812,4.68,1.56,18.65,4.29,7.73,1.09,0.62,2.89,
Anthony Edwards,MIN,"SG,SF",0.489,15.03,0.796,5.36,2.53,21.42,3.72,2.75,1.04,0.6,2.16,
Kevin Durant,HOU,"SF,PF",0.520,16.74,0.874,5.71,2.28,24.73,5.23,4.57,0.76,0.86,3.04,
Jalen Williams,OKC,"SG,SF",0.484,5.43,0.837,1.57,0.28,6.88,1.85,2.21,0.48,0.12,0.76,
Chet Holmgren,OKC,"PF,C",0.557,9.51,0.792,3.45,1.09,14.39,7.49,1.43,0.5,1.6,1.35,
Evan Mobley,CLE,"PF,C",0.546,10.46,0.606,3.65,0.79,14.43,7.13,2.85,0.55,1.35,1.51,
Donovan Mitchell,CLE,SG,0.483,17.07,0.865,5.21,2.73,23.82,3.84,4.87,1.28,0.26,2.39,
Devin Booker,PHO,SG,0.456,14.6,0.873,6.32,1.48,20.37,3.04,4.68,0.62,0.23,2.42,
Tyrese Maxey,PHI,"PG,SG",0.462,18.27,0.892,5.12,2.65,24.16,3.5,5.63,1.62,0.68,2.05,
Karl-Anthony Towns,NYK,"C,PF",0.501,12.62,0.858,5.03,1.37,18.38,10.88,2.74,0.82,0.46,2.29,
Domantas Sabonis,SAC,"C,PF",0.543,2.69,0.727,0.95,0.07,3.66,2.64,0.95,0.21,0.05,0.63,
Alperen Sengun,HOU,C,0.519,13.7,0.691,4.57,0.53,17.91,7.81,5.44,1.05,0.97,2.81,
Jalen Brunson,NYK,PG,0.467,17.96,0.841,5.14,2.35,23.46,2.98,6.14,0.72,0.09,2.17,
Trae Young,2TM,PG,0.458,2.16,0.825,1.19,0.33,3.27,0.37,1.46,0.16,0.02,0.48,
Ja Morant,MEM,PG,0.410,3.93,0.897,1.44,0.24,4.76,0.8,1.98,0.24,0.07,0.88,
Jaren Jackson Jr.,2TM,"PF,C",0.476,8.78,0.803,2.46,1.05,11.36,3.34,1.17,0.64,0.82,1.29,
Stephen Curry,GSW,PG,0.468,9.75,0.923,2.67,2.31,13.95,1.89,2.46,0.58,0.21,1.47,
Bam Adebayo,MIA,C,0.442,13.98,0.778,5.16,1.51,17.89,8.9,2.85,1.07,0.62,1.42,
Cooper Flagg,DAL,"SF,PF",0.468,14.6,0.827,4.18,0.85,17.93,5.72,3.84,1.02,0.77,1.96,
Scottie Barnes,TOR,"SF,PF",0.507,13.66,0.815,3.61,0.88,17.66,7.32,5.76,1.37,1.46,2.54,
Franz Wagner,ORL,"SF,PF",0.481,6.18,0.823,2.4,0.58,8.54,2.16,1.37,0.37,0.12,0.7,
Paolo Banchero,ORL,PF,0.459,14.05,0.775,7.2,1.05,19.49,7.38,4.57,0.61,0.53,2.72,
Jalen Johnson,ATL,"SF,PF",0.489,15.01,0.788,4.65,1.49,19.76,9.04,6.94,1.05,0.35,2.99,
Amen Thompson,HOU,"PG,SF",0.534,12.72,0.779,4.72,0.29,17.63,7.51,5.11,1.45,0.58,2.31,
LeBron James,LAL,"SF,PF",0.515,11.2,0.737,3.88,0.95,15.29,4.46,5.27,0.88,0.44,2.2,
Jaylen Brown,BOS,"SG,SF",0.477,18.79,0.795,6.49,1.73,24.85,5.97,4.42,0.87,0.35,3.12,
Ivica Zubac,2TM,C,0.598,5.85,0.711,1.76,0.0,8.25,6.2,1.29,0.23,0.47,1.05,
De'Aaron Fox,SAS,PG,0.486,12.73,0.760,2.99,1.58,16.33,3.34,5.44,1.05,0.26,2.02,
Jamal Murray,DEN,PG,0.483,16.55,0.887,4.76,3.02,23.23,4.02,6.49,0.82,0.37,2.1,
James Harden,2TM,"PG,SG",0.434,13.66,0.884,6.4,2.65,20.15,4.1,6.83,0.94,0.34,2.99,
Zion Williamson,NOP,PF,0.600,9.83,0.716,5.67,0.0,15.88,4.31,2.42,0.76,0.38,1.51,
Kawhi Leonard,LAC,SF,0.505,15.38,0.892,5.07,2.06,22.12,5.07,2.85,1.51,0.32,1.59,
Tyler Herro,MIA,"PG,SG",0.480,6.28,0.917,1.33,1.01,8.25,1.93,1.65,0.28,0.16,0.76,
Desmond Bane,ORL,"SG,SF",0.484,14.7,0.908,4.2,2.0,20.1,4.1,4.1,1.0,0.5,2.0,
Derrick White,BOS,"PG,SG",0.394,13.52,0.902,2.44,2.54,15.49,4.13,5.07,1.03,1.22,1.6,
Jimmy Butler,GSW,SF,0.519,5.65,0.864,3.52,0.37,9.27,2.6,2.27,0.65,0.09,0.74,
LaMelo Ball,CHO,PG,0.407,15.19,0.899,2.2,3.34,17.65,4.21,6.23,1.05,0.18,2.46,
Darius Garland,2TM,PG,0.460,8.18,0.861,1.48,1.48,10.32,1.32,3.68,0.55,0.11,1.59,
Josh Giddey,CHI,"PG,SG",0.448,8.76,0.763,2.77,1.25,11.2,5.47,5.99,0.66,0.33,2.37,
Dyson Daniels,ATL,SG,0.517,9.45,0.615,1.48,0.28,11.03,6.3,5.47,1.85,0.37,1.67,
Devin Vassell,SAS,SG,0.437,9.23,0.815,1.55,2.04,11.36,3.27,2.04,0.74,0.33,0.74,
Jalen Duren,DET,C,0.650,9.82,0.747,5.21,0.0,16.65,8.96,1.71,0.68,0.68,1.62,
Rudy Gobert,MIN,C,0.682,6.02,0.526,3.71,0.0,10.1,10.66,1.58,0.74,1.48,1.3,
Jarrett Allen,CLE,C,0.638,6.42,0.709,3.21,0.0,10.52,5.8,1.23,0.68,0.55,0.89,
Walker Kessler,UTA,C,0.703,0.45,0.700,0.24,0.07,0.88,0.66,0.18,0.09,0.11,0.2,
Myles Turner,MIL,C,0.440,7.88,0.740,2.16,1.82,10.3,4.59,1.3,0.61,1.39,1.04,
Deandre Ayton,LAL,C,0.671,7.29,0.645,1.76,0.0,10.98,7.02,0.7,0.53,0.88,1.05,
Mark Williams,PHO,C,0.644,5.34,0.771,2.12,0.0,8.56,5.85,0.73,0.66,0.66,0.8,
Kristaps Porzingis,2TM,C,0.446,4.72,0.842,1.91,0.66,6.52,2.03,0.98,0.23,0.47,0.51,
Joel Embiid,PHI,C,0.489,8.48,0.854,4.08,0.65,12.47,3.57,1.81,0.28,0.56,1.34,
Nikola Vucevic,2TM,C,0.493,9.76,0.828,1.17,1.25,11.79,6.56,2.58,0.47,0.47,1.01,
Jakob Poeltl,TOR,C,0.700,3.76,0.602,1.18,0.0,6.0,3.93,1.12,0.5,0.39,0.67,
Onyeka Okongwu,ATL,C,0.480,10.47,0.757,2.44,1.71,13.72,6.86,2.8,0.99,0.99,1.53,
Kel'el Ware,MIA,C,0.530,7.89,0.740,1.13,1.13,10.42,8.45,0.66,0.75,1.03,0.75,
Zach Edey,MEM,C,0.633,1.19,0.781,0.39,0.01,1.82,1.49,0.15,0.08,0.25,0.32,
Donovan Clingan,POR,C,0.520,8.36,0.680,2.44,1.03,11.36,10.89,1.97,0.56,1.6,1.13,
Jusuf Nurkic,UTA,C,0.503,4.35,0.549,1.4,0.3,5.45,5.2,2.4,0.65,0.25,1.25,
Isaiah Hartenstein,OKC,C,0.622,3.61,0.610,1.26,0.0,5.27,5.39,2.01,0.57,0.46,0.97,
Daniel Gafford,DAL,C,0.655,3.82,0.683,1.95,0.0,6.37,4.63,0.74,0.54,0.87,0.74,
Dereck Lively II,DAL,C,0.611,0.22,0.800,0.12,0.0,0.37,0.45,0.16,0.05,0.14,0.12,
Mitchell Robinson,NYK,C,0.723,2.49,0.408,1.24,0.0,4.17,6.44,0.66,0.66,0.88,0.51,
Nic Claxton,BRK,C,0.571,7.07,0.616,2.78,0.0,9.85,5.81,3.11,0.59,0.93,1.18,
Alex Sarr,WAS,"C,PF",0.482,8.02,0.692,1.76,0.59,9.54,4.33,1.58,0.47,1.17,1.0,
Khaman Maluach,PHO,C,0.533,1.29,0.710,0.39,0.06,1.68,1.63,0.06,0.06,0.39,0.28,
Yves Missi,NOP,C,0.544,3.62,0.559,1.21,0.0,4.59,4.67,1.05,0.24,1.21,0.64,
Steven Adams,HOU,C,0.504,1.68,0.580,0.98,0.0,2.26,3.36,0.59,0.27,0.23,0.43,
Clint Capela,HOU,C,0.520,2.74,0.577,0.91,0.0,3.48,4.21,0.64,0.46,0.73,0.46,
Jonas Valanciunas,DEN,C,0.582,4.76,0.772,1.66,0.08,6.9,4.04,0.95,0.16,0.48,0.87,
Wendell Carter Jr.,ORL,C,0.512,7.8,0.792,3.04,0.86,11.22,7.04,1.9,0.76,0.57,1.24,
Goga Bitadze,ORL,C,0.676,2.73,0.711,1.17,0.0,4.6,3.9,1.01,0.47,0.78,0.55,
Day'Ron Sharpe,BRK,C,0.601,4.31,0.678,1.89,0.08,6.58,5.07,1.74,0.83,0.3,1.29,
Tyrese Haliburton,IND,PG,0.000,0,0.000,0,0,0,0,0,0,0,0,
Jayson Tatum,BOS,"SF,PF",0.411,3.49,0.823,0.96,0.57,4.25,1.95,1.03,0.27,0.04,0.47,
Kyrie Irving,DAL,"PG,SG",0.000,0,0.000,0,0,0,0,0,0,0,0,
Damian Lillard,POR,PG,0.000,0,0.000,0,0,0,0,0,0,0,0,
Fred VanVleet,HOU,PG,0.000,0,0.000,0,0,0,0,0,0,0,0,
Dejounte Murray,NOP,PG,0.484,2.22,0.867,0.55,0.24,2.85,0.92,1.09,0.27,0.03,0.58,
Paul George,PHI,"SF,PF",0.439,6.27,0.820,1.35,1.22,7.81,2.39,1.62,0.77,0.18,0.77,
Brandon Ingram,TOR,SF,0.477,15.68,0.820,4.32,1.69,20.19,5.26,3.47,0.75,0.66,2.25,
Zach LaVine,SAC,"SG,SF",0.479,6.66,0.880,1.71,1.19,9.13,1.33,1.09,0.33,0.14,0.9,
DeMar DeRozan,SAC,SF,0.497,12.3,0.868,5.26,0.56,17.28,2.72,3.85,0.94,0.28,1.13,
Jalen Green,PHO,SG,0.422,6.24,0.747,1.05,0.86,6.95,1.4,1.09,0.43,0.12,0.9,
Norman Powell,MIA,SG,0.470,10.89,0.827,3.89,1.91,15.35,2.48,1.77,0.78,0.14,1.34,
Cam Thomas,2TM,SG,0.410,5.63,0.811,2.05,0.61,6.91,0.87,1.33,0.1,0.05,0.92,
Coby White,2TM,"PG,SG",0.446,7.62,0.817,2.93,1.4,10.61,2.07,2.44,0.3,0.06,1.59,
Austin Reaves,LAL,"SG,PG",0.490,9.27,0.871,4.54,1.43,14.49,2.92,3.42,0.68,0.25,1.87,
Jordan Poole,NOP,"PG,SG",0.372,5.42,0.860,1.38,1.19,6.37,0.95,1.47,0.29,0.19,0.86,
CJ McCollum,2TM,"PG,SG",0.455,14.09,0.772,2.87,2.32,17.33,3.06,3.61,0.74,0.46,1.67,
Anfernee Simons,2TM,"PG,SG",0.440,7.91,0.896,0.94,1.81,9.59,1.68,1.61,0.34,0.07,0.8,
Malik Monk,SAC,"SG,PG",0.438,7.71,0.879,1.29,1.51,9.45,1.44,2.27,0.45,0.3,1.13,
Immanuel Quickley,TOR,PG,0.443,11.01,0.821,2.56,2.13,14.0,3.41,5.04,1.11,0.09,1.28,
Jalen Suggs,ORL,"PG,SG",0.435,7.92,0.855,1.46,1.46,9.59,2.71,3.82,1.25,0.49,1.88,
Stephon Castle,SAS,"PG,SG",0.471,9.95,0.734,4.64,1.0,13.85,4.4,6.14,0.91,0.25,2.65,
Scoot Henderson,POR,PG,0.418,4.17,0.840,1.21,0.7,5.2,0.99,1.35,0.33,0.11,0.88,
Reed Sheppard,HOU,"PG,SG",0.430,11.5,0.802,1.0,2.8,13.5,2.9,3.4,1.5,0.7,1.5,
Andrew Nembhard,IND,PG,0.442,9.18,0.825,2.85,1.32,11.75,1.95,5.35,0.63,0.07,1.67,
Kevin Porter Jr.,MIL,"PG,SG",0.465,6.26,0.878,1.9,0.56,8.06,2.41,3.43,1.02,0.23,1.34,
Ryan Rollins,MIL,"PG,SG",0.472,12.54,0.796,1.9,2.26,15.61,4.15,5.05,1.35,0.36,2.44,
Dylan Harper,SAS,PG,0.505,7.99,0.756,1.43,0.76,9.93,2.86,3.28,0.67,0.25,1.18,
VJ Edgecombe,PHI,SG,0.438,12.53,0.818,2.2,1.83,14.63,5.12,3.84,1.28,0.46,1.65,
Keyonte George,UTA,"PG,SG",0.456,10.73,0.892,4.61,1.65,15.54,2.44,4.02,0.72,0.2,2.04,
Isaiah Collier,UTA,PG,0.495,6.26,0.722,2.52,0.36,8.42,1.8,5.18,0.79,0.22,1.8,
Jaden Ivey,2TM,SG,0.445,3.11,0.809,0.59,0.63,3.84,1.13,0.81,0.27,0.18,0.5,
Cason Wallace,OKC,"PG,SG",0.432,7.14,0.809,0.85,1.22,8.08,2.91,2.44,1.78,0.38,0.85,
Bub Carrington,WAS,"PG,SG",0.424,9.0,0.730,1.4,2.1,10.7,3.4,4.6,0.6,0.2,2.3,
Jeremiah Fears,NOP,PG,0.434,12.3,0.789,3.0,1.2,14.3,3.7,3.4,1.2,0.4,2.2,
Egor Demin,BRK,"PG,SG",0.399,5.45,0.831,0.82,1.52,6.53,2.03,2.09,0.51,0.19,1.08,
Tre Johnson,WAS,SG,0.419,7.9,0.874,1.1,1.39,8.93,2.05,1.46,0.44,0.22,1.17,
Kon Knueppel,CHO,SG,0.475,13.24,0.863,2.77,3.36,18.27,5.24,3.36,0.69,0.2,1.98,
Brandin Podziemski,GSW,"SG,PG",0.455,10.6,0.797,2.9,1.9,13.8,5.1,3.7,1.1,0.2,1.6,
Moses Moody,GSW,"SG,SF",0.440,6.8,0.770,1.39,1.83,8.85,2.41,1.17,0.73,0.44,0.73,
De'Anthony Melton,GSW,"PG,SG",0.407,6.45,0.826,1.49,0.9,7.35,1.91,1.55,0.96,0.24,1.14,
Keon Ellis,2TM,SG,0.440,4.65,0.729,0.88,1.14,5.88,1.67,0.88,1.05,0.53,0.53,
Gradey Dick,TOR,"SG,SF",0.419,4.73,0.875,1.11,0.65,5.56,1.76,0.65,0.56,0.09,0.56,
Buddy Hield,2TM,"SG,SF",0.437,3.98,0.811,0.44,0.93,4.73,1.43,0.87,0.5,0.12,0.56,
Gary Trent Jr.,MIL,"SG,SF",0.387,5.79,0.769,0.63,1.51,6.42,0.79,0.95,0.4,0.0,0.48,
Jordan Hawkins,NOP,SG,0.366,3.11,0.852,0.31,0.56,3.17,1.06,0.5,0.19,0.12,0.44,
Collin Sexton,2TM,"PG,SG",0.485,9.04,0.855,3.15,1.33,12.77,1.91,2.74,0.91,0.08,1.74,
Dennis Schroder,2TM,PG,0.405,7.68,0.834,2.48,0.94,9.22,2.3,4.18,0.68,0.17,1.54,
Russell Westbrook,SAC,PG,0.427,10.22,0.694,2.26,1.56,11.86,4.21,5.23,1.01,0.16,2.58,
Malcolm Brogdon,NYK,PG,0.000,0,0.000,0,0,0,0,0,0,0,0,
Lonzo Ball,CLE,PG,0.301,2.13,0.667,0.26,0.47,1.96,1.71,1.66,0.55,0.13,0.64,
Jose Alvarado,2TM,PG,0.416,5.47,0.761,0.59,1.26,6.23,2.1,2.86,0.84,0.08,0.93,
Cole Anthony,MIL,PG,0.424,2.82,0.615,0.3,0.26,2.86,1.07,1.49,0.26,0.13,0.81,
Payton Pritchard,BOS,PG,0.464,13.3,0.890,1.64,2.6,16.38,3.76,5.01,0.67,0.1,1.35,
Anthony Black,ORL,"PG,SG",0.447,9.44,0.732,2.81,1.25,11.71,2.97,2.89,1.09,0.55,1.64,
Nickeil Alexander-Walker,ATL,"SG,SF",0.459,14.55,0.902,3.71,3.04,19.79,3.23,3.52,1.24,0.48,2.0,
Mikal Bridges,NYK,SF,0.490,11.7,0.827,1.2,1.9,14.4,3.8,3.7,1.3,0.8,1.0,
OG Anunoby,NYK,SF,0.484,9.8,0.828,2.7,1.88,13.65,4.25,1.8,1.31,0.57,1.47,
Trey Murphy III,NOP,SF,0.470,12.8,0.886,2.98,2.58,17.3,4.59,3.06,1.21,0.32,1.45,
Herbert Jones,NOP,SF,0.383,5.8,0.806,0.75,0.96,6.08,2.32,1.91,1.09,0.34,0.89,
Michael Porter Jr.,BRK,SF,0.463,11.67,0.859,2.79,2.16,15.35,4.5,1.9,0.7,0.19,1.46,
Cameron Johnson,DEN,SF,0.480,5.8,0.839,1.38,1.32,8.03,2.5,1.58,0.46,0.26,0.59,
Andrew Wiggins,MIA,SF,0.475,10.03,0.784,1.99,1.66,12.77,3.98,2.24,0.91,0.83,1.24,
Jaden McDaniels,MIN,"SF,PF",0.515,9.88,0.835,2.14,1.25,13.18,3.74,2.4,0.98,0.89,1.6,
Bilal Coulibaly,WAS,"SG,SF",0.425,6.62,0.746,2.19,0.82,7.99,2.94,1.78,0.89,0.68,0.96,
Matas Buzelis,CHI,"SF,PF",0.463,11.74,0.786,2.91,2.07,15.31,5.45,1.97,0.66,1.41,1.97,
Jaylen Wells,MEM,"SG,SF",0.431,8.5,0.784,2.1,1.6,10.52,2.69,1.35,0.76,0.08,0.93,
Zaccharie Risacher,ATL,SF,0.455,6.54,0.644,1.06,1.14,7.84,3.1,0.9,0.74,0.41,0.74,
Ace Bailey,UTA,SF,0.443,10.89,0.750,1.05,1.67,12.12,3.69,1.58,0.7,0.61,1.32,
Cedric Coward,MEM,"SG,SF",0.471,7.94,0.843,2.04,1.13,10.28,4.46,2.12,0.45,0.3,1.29,
Nique Clifford,SAC,"SG,SF",0.418,7.23,0.722,1.19,0.91,7.87,3.48,2.2,0.82,0.27,1.37,
Kyshawn George,WAS,"SF,PF",0.438,7.02,0.802,1.58,1.23,8.66,2.99,2.63,0.59,0.53,1.52,
Brandon Miller,CHO,SF,0.435,12.76,0.892,2.7,2.46,16.01,3.88,2.62,0.79,0.55,1.98,
Miles Bridges,CHO,"SF,PF",0.460,12.68,0.822,3.1,1.78,16.06,5.45,3.0,0.56,0.38,1.31,
RJ Barrett,TOR,SF,0.491,9.94,0.717,3.41,1.18,13.42,3.68,2.29,0.49,0.21,1.18,
Deni Avdija,POR,"SF,PF",0.462,12.96,0.802,7.4,1.53,19.48,5.55,5.39,0.64,0.48,3.06,
Shaedon Sharpe,POR,SG,0.452,10.61,0.787,2.38,1.28,12.68,2.62,1.59,0.85,0.06,1.77,
Toumani Camara,POR,"SF,PF",0.440,10.9,0.708,1.7,2.7,13.4,5.1,2.5,1.1,0.4,1.8,
Dorian Finney-Smith,HOU,"SF,PF",0.333,1.62,0.889,0.09,0.32,1.49,1.13,0.45,0.18,0.09,0.27,
Kelly Oubre Jr.,PHI,"SF,SG",0.467,6.65,0.766,1.77,1.04,8.6,3.05,0.98,0.85,0.3,0.85,
Aaron Nesmith,IND,"SF,PF",0.414,6.26,0.829,1.37,1.26,7.57,2.3,1.04,0.33,0.27,0.77,
Bennedict Mathurin,2TM,"SG,SF",0.430,8.23,0.869,4.08,0.92,11.59,3.56,1.58,0.53,0.13,1.45,
Pascal Siakam,IND,PF,0.484,14.06,0.693,4.61,1.29,18.15,4.99,2.87,0.83,0.3,1.66,
Obi Toppin,IND,PF,0.503,2.43,0.913,0.56,0.44,3.4,1.29,0.67,0.15,0.0,0.35,
Julius Randle,MIN,PF,0.481,14.74,0.802,6.07,1.35,20.33,6.45,4.82,1.06,0.19,2.6,
Jonathan Kuminga,2TM,PF,0.463,4.13,0.724,1.49,0.44,5.36,2.46,1.01,0.26,0.13,0.83,
Draymond Green,GSW,"PF,C",0.418,5.97,0.702,1.0,1.24,6.97,4.56,4.56,0.75,0.5,2.24,
Jabari Smith Jr.,HOU,"PF,C",0.450,11.83,0.775,2.54,2.16,14.84,6.48,1.78,0.66,0.85,1.31,
Tari Eason,HOU,PF,0.416,7.1,0.776,0.8,1.17,7.68,4.61,1.1,0.88,0.37,1.02,
Dillon Brooks,PHO,SF,0.435,11.68,0.842,2.46,1.57,13.8,2.46,1.23,0.68,0.14,1.23,
Quentin Grimes,PHI,"SG,SF",0.450,9.24,0.840,2.93,1.55,12.26,3.29,3.02,0.82,0.37,1.65,
Kyle Kuzma,MIL,PF,0.492,8.41,0.726,2.27,1.01,10.94,3.79,2.27,0.59,0.34,1.43,
Bobby Portis,MIL,"PF,C",0.488,9.15,0.706,0.82,1.63,11.19,5.23,1.31,0.49,0.16,0.82,
Aaron Gordon,DEN,PF,0.497,4.87,0.767,1.98,0.75,7.11,2.55,1.19,0.26,0.13,0.48,
Peyton Watson,DEN,"SF,PF",0.491,7.11,0.730,2.3,0.99,9.61,3.23,1.38,0.59,0.72,1.12,
Christian Braun,DEN,SG,0.519,4.72,0.782,1.23,0.54,6.44,2.58,1.45,0.38,0.16,0.54,
Julian Strawther,DEN,"SG,SF",0.467,3.89,0.814,0.83,0.7,5.0,1.39,0.76,0.28,0.07,0.42,
Keegan Murray,SAC,"SF,PF",0.420,3.65,0.776,0.59,0.36,3.93,1.6,0.48,0.28,0.45,0.34,
PJ Washington,DAL,"PF,C",0.450,8.06,0.687,2.25,0.96,9.7,4.78,1.23,0.68,0.75,1.16,
Naji Marshall,DAL,"SF,PF",0.510,10.02,0.760,3.7,0.72,13.72,4.24,2.98,0.99,0.09,1.44,
Klay Thompson,DAL,"SG,SF",0.393,8.92,0.766,0.59,2.44,9.85,1.77,1.18,0.42,0.25,0.76,
Jaden Hardy,2TM,SG,0.424,5.21,0.733,0.9,1.25,6.4,1.04,0.7,0.21,0.07,0.76,
Rui Hachimura,LAL,PF,0.514,7.3,0.694,0.91,1.41,9.54,2.74,0.66,0.5,0.25,0.5,
Jarred Vanderbilt,LAL,PF,0.471,2.93,0.589,0.71,0.32,3.49,3.57,1.03,0.63,0.24,0.71,
Santi Aldama,MEM,"PF,C",0.479,5.82,0.667,1.42,0.84,7.34,3.51,1.52,0.47,0.37,0.68,
GG Jackson,MEM,"PF,SF",0.496,6.24,0.742,1.81,0.8,8.38,2.88,1.01,0.4,0.54,1.01,
Isaiah Stewart,DET,"PF,C",0.550,4.88,0.756,1.63,0.5,7.07,3.54,0.78,0.21,1.13,0.85,
Ausar Thompson,DET,SF,0.525,7.03,0.571,2.31,0.09,8.81,5.07,2.76,1.78,0.8,1.34,
Ron Holland,DET,"SF,PF",0.432,6.66,0.805,1.81,0.57,7.8,3.8,1.14,1.14,0.29,1.14,
Tobias Harris,DET,PF,0.469,8.07,0.866,1.92,1.0,10.22,3.92,1.92,0.69,0.31,0.77,
Duncan Robinson,DET,"SG,SF",0.456,8.55,0.755,1.31,2.72,11.46,2.54,1.97,0.56,0.28,0.66,
Caris LeVert,DET,"SG,SF",0.417,4.76,0.679,1.02,0.73,5.41,1.46,1.98,0.66,0.51,1.02,
De'Andre Hunter,2TM,"SF,PF",0.415,6.09,0.867,1.76,0.93,7.52,2.25,1.1,0.38,0.05,0.93,
Max Strus,CLE,"SG,SF",0.443,1.29,0.778,0.12,0.41,1.64,0.79,0.29,0.04,0.0,0.12,
Sam Merrill,CLE,SG,0.461,5.9,0.855,0.82,1.9,8.12,1.65,1.52,0.38,0.06,0.51,
Ochai Agbaji,2TM,"SG,SF",0.436,3.4,0.837,0.53,0.38,3.86,1.74,0.6,0.3,0.23,0.38,
Nikola Jovic,MIA,"PF,SF",0.366,3.84,0.683,1.2,0.57,4.18,1.89,1.26,0.34,0.23,0.8,
Bogdan Bogdanovic,LAC,"SG,SF",0.388,1.85,0.800,0.31,0.39,2.08,0.73,0.62,0.11,0.03,0.34,
Grayson Allen,PHO,SG,0.403,8.15,0.857,2.05,1.93,10.26,1.87,2.36,0.87,0.19,1.0,
Royce O'Neale,PHO,"SF,PF",0.421,7.61,0.711,0.48,2.57,9.32,4.57,2.57,1.05,0.38,1.24,
Trayce Jackson-Davis,2TM,"PF,C",0.573,1.49,0.514,0.9,0.0,2.2,1.75,0.45,0.19,0.32,0.26,
Quinten Post,GSW,C,0.440,5.39,0.791,0.49,1.14,6.29,3.27,1.14,0.33,0.41,0.65,
Jeremy Sochan,2TM,PF,0.496,1.56,0.731,0.32,0.16,1.93,1.29,0.48,0.21,0.11,0.27,
Corey Kispert,2TM,"SF,SG",0.467,4.81,0.794,1.2,1.06,6.51,1.63,1.13,0.21,0.14,0.57,
Gabe Vincent,2TM,PG,0.352,2.65,0.870,0.26,0.71,2.84,0.65,0.9,0.32,0.06,0.32,
Dalton Knecht,LAL,"SG,SF",0.455,2.3,0.727,0.26,0.46,2.77,0.92,0.26,0.13,0.13,0.26,
Tristan da Silva,ORL,"SF,PF",0.450,7.61,0.884,1.13,1.5,9.3,3.47,1.5,0.85,0.28,0.85,
Tre Mann,CHO,"PG,SG",0.360,3.68,0.852,0.32,0.58,3.55,1.1,1.03,0.32,0.06,0.65,
Josh Hart,NYK,"SG,SF",0.508,7.24,0.720,1.53,1.21,9.66,5.96,3.86,0.89,0.24,1.53,
Landry Shamet,NYK,SG,0.437,4.42,0.711,0.93,1.24,5.78,1.12,0.87,0.37,0.12,0.37,
Ziaire Williams,BRK,"SF,PF",0.425,5.26,0.850,1.71,1.02,6.97,1.64,0.75,0.96,0.27,0.75,
Lauri Markkanen,UTA,"PF,C",0.477,9.83,0.896,3.28,1.38,13.68,3.53,1.08,0.51,0.26,0.77,
Jrue Holiday,POR,PG,0.451,8.66,0.838,1.29,1.68,10.54,2.97,3.94,0.65,0.06,1.81,
D'Angelo Russell,DAL,PG,0.405,2.82,0.717,0.73,0.41,3.23,0.73,1.27,0.16,0.03,0.6,
Naz Reid,MIN,"PF,C",0.456,10.61,0.732,1.5,1.97,12.77,5.82,2.07,0.94,0.94,1.5,
Brook Lopez,LAC,C,0.428,6.59,0.757,0.91,1.37,7.77,3.29,1.19,0.55,1.1,0.73,
Donte DiVincenzo,MIN,"SG,PG",0.406,10.2,0.743,1.3,3.0,12.2,4.1,3.8,1.3,0.4,1.4,
Jordan Clarkson,NYK,"PG,SG",0.451,6.41,0.830,1.14,0.88,7.55,1.58,1.14,0.35,0.09,0.79,
Bradley Beal,LAC,SG,0.375,0.59,0.750,0.1,0.09,0.6,0.06,0.12,0.04,0.0,0.11,
Marcus Smart,LAL,PG,0.395,5.82,0.822,1.59,1.21,7.03,2.12,2.27,1.06,0.3,1.13,
Al Horford,GSW,"C,PF",0.426,3.95,0.846,0.33,0.88,4.55,2.69,1.43,0.38,0.6,0.49,
John Collins,LAC,"PF,C",0.552,8.08,0.766,1.85,1.09,11.44,4.46,0.84,0.76,0.59,1.18,
Yang Hansen,POR,C,0.310,1.21,0.824,0.42,0.05,1.15,0.79,0.26,0.05,0.1,0.37,
Neemias Queta,BOS,C,0.653,6.12,0.703,2.13,0.0,9.45,7.79,1.58,0.74,1.2,0.93,
Sam Hauser,BOS,PF,0.419,7.32,0.850,0.29,2.38,8.75,3.61,1.43,0.48,0.29,0.38,
Cam Whitmore,WAS,SF,0.456,2.05,0.742,0.38,0.2,2.36,0.72,0.18,0.18,0.1,0.23,
Alex Caruso,OKC,SG,0.423,3.69,0.804,0.61,0.61,4.23,1.91,1.37,0.89,0.2,0.61,
Jaime Jaquez Jr.,MIA,SF,0.507,11.16,0.769,2.65,0.73,14.09,4.57,4.3,0.64,0.27,1.83,
