player,team,pos,gp,mpg,fg_pct,fga,ft_pct,fta,tpm,pts,reb,ast,stl,blk,tov,rank,adp,ht_total
Nikola Jokic,DEN,C,72,35.1,0.573,18.3,0.816,6.8,1.8,28.4,12.7,10.4,1.6,0.7,3.5,1,1.7,15.96
Victor Wembanyama,SA,C,66,30.4,0.502,18.3,0.831,6.1,2.2,25.6,11.8,3.6,1.1,3.2,2.9,2,2.9,14.39
Shai Gilgeous-Alexander,OKC,PG,71,33.5,0.534,20.7,0.889,8.9,1.9,32.1,4.7,6.5,1.6,0.9,2.3,3,3.1,14.17
Luka Doncic,LAL,PG,68,35.4,0.465,22.9,0.781,9.6,4.0,32.7,8.7,8.8,1.7,0.5,4.0,4,4.6,10.94
Giannis Antetokounmpo,MIA,PF/C,69,34.2,0.608,19.9,0.628,11.0,0.3,31.4,11.9,6.5,1.0,1.1,3.3,5,5.3,10.31
Cade Cunningham,DET,PG,68,33.9,0.466,19.7,0.826,5.6,2.0,25.0,5.8,9.8,1.3,0.8,4.1,6,8.2,7.80
Anthony Edwards,MIN,SG/SF,74,35.3,0.487,20.0,0.818,6.6,3.7,28.7,5.6,3.5,1.2,0.7,3.0,7,6.8,7.62
Tyrese Maxey,PHI,PG/SG,70,36.1,0.458,18.2,0.885,5.2,2.8,24.2,3.4,5.8,1.8,0.5,2.2,8,16.3,7.59
Jayson Tatum,BOS,SF/PF,68,33.7,0.464,19.4,0.815,5.8,3.3,26.1,8.8,5.8,1.2,0.5,2.8,9,11.3,7.54
Stephen Curry,GS,PG,60,31.6,0.456,18.3,0.929,4.6,4.4,25.4,3.6,5.2,1.0,0.4,2.9,10,21.1,7.52
Kevin Durant,HOU,SF/PF,70,34.6,0.523,16.8,0.860,5.6,2.3,24.7,5.4,4.3,0.8,1.0,2.9,11,25.9,7.26
Anthony Davis,WAS,PF/C,65,31.1,0.514,16.8,0.767,6.1,0.6,22.5,10.9,3.2,1.1,1.9,2.1,12,12.8,7.23
Donovan Mitchell,CLE,PG/SG,72,33.4,0.464,20.1,0.846,5.8,3.3,26.9,4.7,5.4,1.5,0.3,2.6,13,21.7,6.84
Tyrese Haliburton,IND,PG/SG,63,30.9,0.467,13.0,0.852,2.8,2.8,17.3,3.3,9.6,1.3,0.6,1.5,14,73.2,6.55
Jamal Murray,DEN,PG,73,34.8,0.478,17.2,0.887,4.4,2.8,23.2,4.1,6.5,1.1,0.4,2.1,15,36.2,6.54
Karl-Anthony Towns,NY,C,73,31.3,0.514,14.7,0.844,5.4,1.7,21.3,11.8,2.9,0.9,0.6,2.5,16,14.4,6.47
Cooper Flagg,DAL,SF/PF,72,34.1,0.475,18.5,0.836,5.3,1.3,23.3,7.3,4.9,1.3,1.0,2.2,17,23.2,6.39
Jalen Johnson,ATL,PF,72,35.1,0.482,16.8,0.786,4.7,1.5,21.4,10.2,6.9,1.4,0.6,3.3,18,31.9,6.38
Kawhi Leonard,TOR,SF/PF,65,31.1,0.491,17.5,0.872,5.0,2.2,23.7,5.0,3.0,1.7,0.4,1.9,19,49.7,6.38
Trae Young,WAS,PG,70,33.4,0.436,16.0,0.868,7.1,2.7,22.8,2.9,10.8,1.1,0.2,4.3,20,22.2,6.14
Trey Murphy III,NO,SG/SF,68,35.2,0.463,16.0,0.888,4.0,3.2,21.6,5.5,3.7,1.3,0.5,1.9,21,73.1,5.98
Scottie Barnes,TOR,SG/SF,80,34.2,0.477,15.7,0.784,4.3,1.0,19.4,7.9,6.1,1.5,1.3,2.8,22,29.5,5.96
Chet Holmgren,OKC,PF/C,70,29.7,0.536,11.7,0.780,4.4,1.4,17.3,9.1,1.9,0.7,2.1,1.7,23,43.0,5.88
James Harden,CLE,PG/SG,72,33.4,0.421,14.0,0.878,6.4,2.6,20.0,4.6,8.2,1.1,0.5,3.4,24,18.1,5.81
Austin Reaves,LAL,PG/SG,70,34.4,0.472,14.5,0.874,5.9,2.6,21.5,4.6,5.7,1.1,0.3,2.6,25,51.9,5.59
Evan Mobley,CLE,PF/C,72,32.5,0.552,13.7,0.665,4.7,1.1,19.3,9.6,3.6,0.8,1.8,2.1,26,33.8,5.25
Kyrie Irving,DAL,PG,55,31.8,0.484,15.5,0.899,3.7,2.4,20.7,4.0,4.9,1.1,0.4,1.9,27,90.5,4.91
Jaren Jackson Jr.,UTA,PF/C,67,30.7,0.483,16.4,0.788,5.1,2.0,21.8,5.8,2.1,1.2,1.5,2.2,28,73.0,4.85
Amen Thompson,HOU,SG/SF,76,36.2,0.539,13.0,0.760,4.9,0.4,18.1,7.9,4.2,1.5,1.0,2.2,29,20.2,4.75
Dejounte Murray,NO,PG/SG,65,30.7,0.456,13.8,0.836,3.8,1.6,17.3,6.1,7.1,1.8,0.3,3.4,30,127.4,4.70
Devin Booker,PHO,PG/SG,68,33.5,0.459,17.9,0.884,6.9,2.1,24.6,3.8,6.3,0.8,0.2,2.9,31,20.3,4.65
Lauri Markkanen,UTA,SF/PF,65,34.1,0.452,17.8,0.886,5.4,3.0,23.8,6.7,1.9,0.9,0.5,1.5,32,85.3,4.62
Desmond Bane,ORL,SG/SF,76,33.6,0.484,14.5,0.904,3.5,2.2,19.4,4.9,4.6,1.1,0.4,2.2,33,49.2,4.52
Walker Kessler,LAL,C,68,30.2,0.666,7.3,0.570,2.6,0.5,11.8,10.8,1.8,0.7,2.2,1.9,34,75.7,4.41
Josh Giddey,CHI,PG/SG,70,32.0,0.457,12.7,0.771,3.8,1.8,16.3,8.5,8.4,1.2,0.6,3.3,35,31.8,4.41
Zach Edey,MEM,C,65,25.8,0.619,8.5,0.775,3.2,0.3,13.3,10.3,1.2,0.7,1.8,1.8,36,126.8,4.36
Jalen Duren,DET,C,70,28.4,0.652,10.7,0.738,5.2,0.0,17.7,11.1,2.5,0.8,0.9,1.9,37,66.7,4.33
Darius Garland,LAC,PG,68,31.4,0.468,16.1,0.872,3.3,2.9,20.8,2.8,7.0,1.2,0.2,2.8,38,90.7,4.32
Jalen Williams,OKC,SF/PF,68,31.2,0.484,16.0,0.805,4.3,1.5,20.4,5.2,5.3,1.5,0.6,2.1,39,32.4,4.23
Domantas Sabonis,SAC,PF/C,70,30.7,0.581,11.5,0.749,3.8,0.7,17.0,12.3,5.2,0.7,0.3,2.6,40,20.2,4.15
LeBron James,PHI,SF/PF,60,32.1,0.513,15.0,0.760,4.4,1.5,20.3,6.2,7.4,1.0,0.5,3.0,41,13.9,4.14
Derrick White,BOS,PG/SG,75,33.8,0.416,13.6,0.871,2.4,3.1,16.5,4.5,5.1,1.1,1.2,1.7,42,53.6,4.11
Tyler Herro,MIL,PG/SG,64,31.8,0.475,16.2,0.887,3.7,2.9,21.5,4.8,4.8,0.8,0.3,2.2,43,78.5,4.05
Jalen Brunson,NY,PG,72,34.2,0.476,18.9,0.831,6.1,2.5,25.5,3.1,6.9,0.8,0.1,2.4,44,20.6,4.04
Nickeil Alexander-Walker,ATL,PG/SG,76,33.0,0.456,14.2,0.881,4.1,3.0,19.6,3.8,3.6,1.1,0.5,1.9,45,110.8,3.98
Franz Wagner,ORL,SF/PF,64,32.5,0.468,18.0,0.852,5.5,1.6,23.2,5.6,4.3,1.2,0.4,2.1,46,52.2,3.93
LaMelo Ball,MIN,PG,65,30.2,0.431,16.4,0.867,3.2,2.9,19.8,4.5,7.1,1.3,0.2,2.9,47,31.3,3.88
Onyeka Okongwu,ATL,C,74,31.1,0.519,11.1,0.757,3.0,1.4,15.2,8.8,2.9,1.1,1.1,1.6,48,92.6,3.78
Joel Embiid,PHI,C,52,29.4,0.471,15.9,0.857,7.0,1.1,22.2,7.5,3.0,0.5,1.0,2.9,49,49.8,3.66
Alperen Sengün,HOU,C,72,33.3,0.508,15.9,0.691,5.6,0.4,20.5,10.0,5.7,1.2,1.0,3.0,50,31.6,3.60
Kel'el Ware,MIL,C,74,27.9,0.540,10.0,0.714,1.5,1.1,13.0,10.5,1.1,0.9,1.4,1.1,51,126.7,3.55
Bam Adebayo,MIA,PF/C,74,33.4,0.463,15.1,0.773,5.0,1.4,19.3,9.9,3.8,1.2,0.7,1.9,52,30.1,3.46
Paul George,BOS,SF/PF,58,31.2,0.434,14.2,0.820,2.7,2.6,17.1,5.4,4.1,1.8,0.5,2.2,53,95.8,3.46
Brandon Miller,CHA,SG/SF,69,31.4,0.425,16.8,0.885,3.3,3.4,20.6,4.9,3.5,1.0,0.7,2.6,54,100.9,3.45
Jalen Suggs,ORL,PG/SG,60,28.4,0.424,12.6,0.866,2.5,2.2,15.1,4.0,4.9,1.7,0.8,2.8,55,131.9,3.44
Matas Buzelis,CHI,SF/PF,75,31.3,0.460,13.5,0.795,3.1,2.4,17.2,6.4,2.1,0.8,1.7,2.1,56,121.1,3.42
Kon Knueppel,CHA,SG/SF,74,32.3,0.475,13.9,0.862,2.9,3.5,19.2,5.5,3.5,0.7,0.2,2.1,57,85.1,3.19
OG Anunoby,NY,SF/PF,68,33.2,0.479,12.5,0.819,3.0,2.2,16.7,4.8,2.1,1.5,0.8,1.5,58,69.7,3.16
Kristaps Porzingis,GS,PF/C,51,26.0,0.468,12.8,0.823,4.7,2.1,17.9,6.0,2.2,0.7,1.3,1.3,59,100.1,3.15
Damian Lillard,POR,PG,55,28.2,0.438,13.2,0.882,5.0,3.1,19.1,3.5,5.0,0.9,0.1,2.1,60,83.2,3.14
Brandon Ingram,LAC,SF/PF,72,34.1,0.474,17.5,0.826,4.4,1.9,22.1,5.7,4.1,0.8,0.7,2.8,61,85.4,3.11
Jimmy Butler III,GS,SG/SF,25,27.5,0.510,10.1,0.851,6.4,0.6,16.4,4.8,4.6,1.3,0.3,1.3,62,83.5,3.06
Donovan Clingan,POR,C,74,27.2,0.527,8.2,0.674,2.4,1.1,11.4,11.4,1.9,0.6,1.8,1.3,63,103.6,3.02
Zion Williamson,NO,PF/C,60,30.4,0.587,15.0,0.696,8.0,0.1,23.2,6.5,4.1,1.1,0.7,2.5,64,44.3,2.96
Cameron Boozer,MEM,PF,70,30.4,0.518,11.5,0.784,5.1,1.2,17.2,7.0,3.9,1.1,0.6,2.5,65,115.0,2.96
Ty Jerome,MEM,PG/SG,60,27.4,0.506,11.7,0.874,2.9,2.2,16.4,3.0,4.5,1.3,0.1,1.7,66,131.9,2.92
Michael Porter Jr.,BKN,SF/PF,60,32.0,0.485,15.1,0.818,3.2,2.8,20.1,6.9,2.4,0.8,0.4,1.7,67,63.7,2.86
Naz Reid,CHA,PF/C,74,30.8,0.459,13.3,0.756,2.0,2.5,16.2,7.1,2.6,1.0,1.1,1.7,68,98.6,2.79
Ryan Rollins,MIL,PG/SG,72,30.1,0.475,12.4,0.797,1.9,2.2,15.5,4.2,4.9,1.5,0.5,2.4,69,121.3,2.72
Ivica Zubac,IND,C,72,30.4,0.618,10.7,0.681,2.9,0.0,15.2,11.5,2.4,0.6,1.0,1.6,70,39.4,2.70
Jaden McDaniels,MIN,SF/PF,74,32.8,0.496,12.1,0.813,2.2,1.5,15.3,5.8,2.7,1.1,1.0,1.7,71,97.6,2.65
Zach LaVine,SAC,SG/SF,68,32.4,0.501,15.1,0.844,3.7,2.9,21.1,3.6,3.4,0.7,0.2,2.4,72,89.5,2.58
John Collins,DET,PF/C,70,28.9,0.541,11.2,0.810,3.0,1.4,16.0,6.6,1.4,0.9,0.9,1.9,73,114.8,2.53
Mark Williams,PHO,C,62,24.3,0.624,8.4,0.785,3.2,0.0,13.0,8.8,1.6,0.8,1.0,1.3,74,117.0,2.51
Immanuel Quickley,TOR,PG/SG,70,32.0,0.435,13.8,0.837,3.4,2.7,17.6,4.1,6.2,1.2,0.1,1.6,75,119.0,2.51
Pascal Siakam,IND,PF,72,34.5,0.501,17.7,0.711,5.2,1.8,23.2,7.2,3.8,1.1,0.5,1.9,76,24.4,2.41
Rudy Gobert,MIN,C,74,31.5,0.675,6.7,0.596,3.8,0.0,11.3,11.1,1.7,0.8,1.5,1.3,77,87.8,2.38
Deni Avdija,POR,SF/PF,68,33.3,0.469,13.3,0.793,6.8,1.7,19.6,6.8,5.0,0.9,0.5,3.1,78,62.9,2.37
Payton Pritchard,BOS,PG/SG,77,32.5,0.467,13.3,0.873,1.5,3.2,16.9,4.2,4.7,0.9,0.2,1.3,79,99.2,2.34
Julius Randle,BKN,PF,75,32.6,0.483,14.6,0.804,5.7,1.5,20.1,6.9,4.9,0.9,0.2,2.8,80,80.1,2.32
De'Aaron Fox,SA,PG/SG,72,30.5,0.474,15.2,0.799,3.9,1.7,19.3,3.9,5.8,1.2,0.3,2.3,81,41.9,2.31
Dyson Daniels,ATL,PG/SG,75,32.3,0.504,10.1,0.622,1.6,0.6,11.8,6.1,4.7,2.1,0.5,1.7,82,60.2,2.28
Day'Ron Sharpe,BKN,C,68,28.2,0.563,8.6,0.704,2.9,0.3,11.9,9.4,3.0,1.4,0.9,2.2,83,139.8,2.26
Derik Queen,NO,PF/C,80,28.5,0.474,10.6,0.796,3.9,0.3,13.5,8.1,4.2,1.2,1.1,2.7,84,133.6,2.23
Jarrett Allen,CLE,C,70,26.9,0.676,8.2,0.712,3.8,0.0,13.8,8.9,1.8,0.9,0.8,1.2,85,67.0,2.20
Ja Morant,POR,PG,62,30.4,0.465,14.5,0.845,5.5,1.4,19.5,3.4,6.6,1.0,0.2,3.2,86,46.8,2.14
Keyonte George,UTA,PG/SG,70,31.9,0.423,14.9,0.860,5.5,2.6,19.9,3.7,6.1,0.9,0.2,2.9,87,107.6,2.13
Josh Hart,NY,SG/SF,68,31.5,0.503,9.1,0.753,2.2,1.2,12.0,8.0,5.0,1.3,0.3,1.9,88,59.4,1.98
VJ Edgecombe,PHI,SG,74,34.1,0.438,13.5,0.815,2.4,2.0,15.7,5.6,4.1,1.4,0.5,1.8,89,105.6,1.94
Andrew Wiggins,MIA,SF/PF,68,31.4,0.461,13.5,0.771,3.4,2.2,17.2,4.9,2.8,1.1,1.0,1.6,90,93.8,1.91
Ausar Thompson,DET,SF/PF,74,28.2,0.529,9.2,0.602,2.9,0.2,11.6,6.4,3.2,2.2,1.0,1.7,91,110.3,1.87
Ajay Mitchell,OKC,PG/SG,68,30.1,0.487,11.4,0.865,2.9,1.2,14.8,3.8,4.0,1.4,0.3,1.6,92,139.7,1.87
Ayo Dosunmu,MIN,PG/SG,73,31.4,0.508,11.6,0.843,2.2,1.8,15.4,3.9,4.4,1.0,0.4,1.6,93,136.0,1.87
Jakob Poeltl,TOR,C,58,26.5,0.653,8.4,0.642,2.3,0.0,12.4,8.2,2.4,1.0,1.0,1.6,94,94.4,1.82
Keegan Murray,SAC,SF/PF,72,34.2,0.450,13.8,0.824,1.8,2.2,16.1,6.5,1.5,0.9,1.1,1.0,95,128.6,1.76
Isaiah Hartenstein,OKC,C,68,26.4,0.597,7.6,0.645,2.2,0.0,10.5,10.3,3.8,0.9,1.0,1.7,96,120.1,1.76
Cameron Johnson,DEN,SF/PF,60,30.8,0.477,11.0,0.875,3.0,2.4,15.6,4.1,2.9,0.8,0.4,1.3,97,139.5,1.76
Coby White,CHA,PG/SG,72,31.0,0.451,14.3,0.864,4.5,2.7,19.5,3.6,4.3,0.8,0.2,2.5,98,64.0,1.74
Myles Turner,MIL,C,70,27.4,0.463,9.9,0.758,2.8,2.1,13.3,5.8,1.5,0.7,1.8,1.4,99,76.5,1.70
Norman Powell,CHI,SG/SF,65,29.6,0.477,15.0,0.816,4.7,2.7,20.9,3.2,2.2,1.1,0.2,1.8,100,101.0,1.63
Neemias Queta,BOS,C,75,25.9,0.653,6.6,0.719,2.2,0.0,10.2,8.2,1.6,0.7,1.3,1.1,101,136.7,1.53
Paolo Banchero,ORL,SF/PF,73,35.2,0.456,18.0,0.756,8.5,1.5,24.3,8.3,5.2,0.8,0.6,3.1,102,36.7,1.51
Mikal Bridges,NY,SG/SF,80,32.5,0.496,12.3,0.815,1.2,1.8,15.0,3.3,3.5,1.0,0.6,1.2,103,68.6,1.31
Cason Wallace,OKC,PG/SG,78,30.4,0.451,8.4,0.817,0.8,1.4,9.6,3.7,2.9,2.1,0.5,1.0,104,136.9,1.29
Sandro Mamukelashvili,LAL,PF/C,74,25.8,0.517,9.8,0.749,2.3,1.9,13.7,6.2,2.1,0.9,0.6,1.0,105,139.9,1.22
Miles Bridges,PHO,SF/PF,72,30.1,0.445,14.7,0.845,3.5,2.0,18.0,6.4,3.4,0.6,0.5,1.7,106,75.2,1.19
Dylan Harper,SA,PG/SG,72,29.5,0.504,12.6,0.754,2.3,1.2,15.6,4.5,5.1,1.0,0.5,1.9,107,99.2,1.17
Collin Murray-Boyles,TOR,PF,68,28.0,0.579,7.8,0.657,2.5,0.4,11.0,6.5,2.4,1.2,1.2,1.3,108,139.5,1.06
Alexandre Sarr,WAS,PF/C,68,28.8,0.433,13.8,0.686,2.9,1.5,15.4,7.4,2.7,0.8,1.8,1.8,109,92.9,0.98
Christian Braun,DEN,SG/SF,72,31.8,0.560,9.5,0.815,2.5,1.0,13.8,4.9,2.6,0.9,0.4,1.0,110,99.7,0.95
Tre Jones,CHI,PG,68,25.9,0.549,8.4,0.837,2.9,0.6,12.3,3.2,5.3,1.1,0.2,1.3,111,140.2,0.95
Brandin Podziemski,GS,PG/SG,78,31.0,0.451,11.6,0.785,2.6,2.1,14.5,5.8,4.1,1.2,0.2,1.6,112,137.2,0.94
De'Andre Hunter,SAC,SF/PF,65,31.5,0.448,13.8,0.855,4.3,2.5,18.6,4.8,2.0,0.9,0.2,1.7,113,139.8,0.92
Jabari Smith Jr.,HOU,PF/C,75,35.2,0.446,12.4,0.796,2.7,2.2,15.4,7.5,1.6,0.7,0.9,1.3,114,127.6,0.86
Caleb Wilson,CHI,SF,72,30.4,0.491,10.5,0.720,5.5,1.0,15.2,8.0,2.0,1.2,1.0,1.8,115,117.3,0.81
Mitchell Robinson,BOS,C,65,22.8,0.709,4.1,0.448,1.9,0.0,6.7,9.8,1.0,1.1,1.4,0.8,116,138.8,0.79
Cedric Coward,MEM,SG/SF,70,28.8,0.450,13.3,0.844,3.0,1.8,16.3,6.6,3.1,0.7,0.5,1.9,117,139.6,0.78
Jaylen Brown,PHI,SG/SF,70,33.1,0.471,17.5,0.768,5.7,1.7,22.6,5.7,3.4,1.0,0.3,2.8,118,17.4,0.59
Reed Sheppard,HOU,PG/SG,74,25.8,0.415,11.0,0.800,1.0,2.6,12.5,2.9,3.3,1.5,0.7,1.5,119,103.1,0.57
Paul Reed,DET,PF/C,69,17.9,0.585,6.5,0.693,2.1,0.3,9.3,5.6,1.7,1.3,1.2,1.1,120,140.1,0.54
Kevin Porter Jr.,MIL,PG/SG,60,24.4,0.456,10.5,0.822,2.9,0.9,12.9,4.3,4.8,1.5,0.3,2.2,121,94.9,0.49
Quentin Grimes,LAL,SG/SF,74,30.8,0.459,11.6,0.799,3.3,2.1,15.5,4.4,3.5,1.0,0.4,2.0,122,138.7,0.46
Draymond Green,GS,PF/C,68,28.8,0.421,7.6,0.695,1.7,1.4,8.9,6.0,5.7,1.2,0.9,2.7,123,119.5,0.41
Nicolas Claxton,CHI,C,70,28.4,0.568,8.7,0.574,2.9,0.1,11.6,7.5,3.1,0.8,1.3,1.4,124,119.4,0.36
Toumani Camara,POR,SF/PF,80,33.1,0.448,10.2,0.713,1.7,2.2,12.6,5.5,2.4,1.3,0.5,1.6,125,129.6,0.35
Collin Gillespie,PHO,PG,75,26.4,0.420,9.7,0.868,1.1,2.6,11.7,3.9,4.4,1.2,0.2,1.4,126,139.6,0.34
Cam Spencer,MEM,PG/SG,65,23.8,0.465,7.8,0.947,1.9,2.0,11.1,2.6,5.3,0.8,0.2,1.2,127,140.1,0.32
Gui Santos,GS,SF,72,30.1,0.488,9.0,0.715,2.3,1.6,12.0,6.2,3.4,1.2,0.5,2.0,128,140.0,0.31
Jrue Holiday,POR,PG/SG,54,28.2,0.448,10.6,0.867,1.5,2.0,12.8,4.2,4.6,1.0,0.3,1.8,129,135.4,0.31
Devin Vassell,SA,SG/SF,68,30.5,0.441,12.6,0.806,1.9,2.5,15.1,4.0,2.7,1.1,0.4,1.1,130,126.6,0.26
Saddiq Bey,NO,SF/PF,72,29.2,0.451,12.7,0.842,3.9,2.0,16.7,5.3,2.4,0.9,0.1,0.9,131,138.8,0.18
Jusuf Nurkic,UTA,C,58,26.4,0.490,8.8,0.612,3.0,0.7,11.2,10.2,3.9,1.1,0.7,2.5,132,138.0,0.14
Fred VanVleet,HOU,PG/SG,60,31.2,0.378,11.3,0.814,2.0,2.4,12.6,3.3,5.0,1.4,0.4,1.3,133,138.1,0.13
Aaron Nesmith,IND,SG/SF,69,30.4,0.454,11.1,0.862,2.4,2.4,14.5,4.6,1.8,0.8,0.5,1.3,134,139.9,0.11
CJ McCollum,ATL,PG/SG,73,30.0,0.450,15.9,0.749,3.0,2.7,19.3,3.4,3.9,0.8,0.4,1.8,135,96.7,0.04
Robert Williams III,POR,C,60,17.1,0.691,4.2,0.660,0.9,0.1,6.5,6.8,1.0,0.6,1.5,0.8,136,140.1,-0.04
Andrew Nembhard,IND,PG/SG,64,30.4,0.449,10.8,0.813,3.1,1.3,13.6,3.2,6.4,1.1,0.2,2.1,137,111.3,-0.05
Peyton Watson,CLE,SF/PF,70,30.1,0.474,9.6,0.717,3.0,1.2,12.5,4.7,1.9,0.9,1.4,1.4,138,138.7,-0.12
Jalen Green,PHO,SG/SF,69,31.1,0.423,17.4,0.798,3.8,2.7,20.4,4.4,3.3,0.9,0.3,2.5,139,71.0,-0.15
Kyshawn George,WAS,SG/SF,68,29.0,0.406,10.3,0.785,2.1,2.0,11.9,4.9,3.5,1.1,0.9,2.0,140,135.7,-0.19
Anthony Black,ORL,PG/SG,68,30.4,0.436,11.3,0.746,3.5,1.3,13.7,3.8,3.9,1.4,0.8,2.2,141,136.3,-0.25
P.J. Washington,DAL,SF/PF,68,30.4,0.451,11.4,0.703,3.3,1.4,14.0,7.2,2.0,1.0,1.0,1.8,142,138.5,-0.25
Aaron Gordon,DEN,PF,58,27.9,0.516,10.3,0.789,3.9,1.6,15.3,5.2,3.0,0.5,0.3,1.3,143,123.3,-0.27
Tari Eason,HOU,SF/PF,60,24.2,0.450,9.4,0.766,1.4,1.3,10.8,6.1,1.4,1.4,0.6,1.2,144,136.1,-0.28
Malik Monk,SAC,PG/SG,68,26.2,0.439,12.2,0.869,2.2,2.0,14.6,2.8,4.2,0.8,0.5,1.9,145,121.7,-0.29
Bobby Portis,MIA,PF/C,68,25.1,0.478,11.9,0.776,1.3,1.8,14.1,7.4,1.9,0.7,0.3,1.1,146,132.3,-0.30
Jaime Jaquez Jr.,MIL,SG/SF,72,29.2,0.491,11.6,0.762,3.0,0.8,14.6,5.6,4.4,1.0,0.3,2.1,147,138.1,-0.32
Wendell Carter Jr.,ORL,C,70,29.3,0.490,8.3,0.768,3.1,0.8,11.3,7.8,2.1,0.8,0.7,1.3,148,139.8,-0.46
Stephon Castle,SA,PG/SG,70,31.4,0.448,13.6,0.729,5.5,1.3,17.5,5.0,6.3,1.2,0.3,3.0,149,74.7,-0.46
RJ Barrett,TOR,SG/SF,58,31.5,0.479,15.9,0.670,5.2,1.8,20.5,5.9,4.5,0.8,0.3,2.3,150,101.4,-0.51
Egor Demin,BKN,PG/SG,69,29.5,0.399,10.2,0.831,1.5,2.8,12.2,3.8,3.9,1.0,0.4,2.0,151,132.3,-0.53
Tobias Harris,SA,SF/PF,65,26.2,0.474,9.6,0.863,2.1,1.1,12.0,4.9,2.1,0.9,0.5,1.0,152,120.5,-0.54
Dereck Lively II,DAL,C,55,19.8,0.694,4.4,0.651,1.8,0.0,7.3,6.5,2.1,0.5,1.4,1.1,153,139.7,-0.60
Darryn Peterson,UTA,PG/SG,68,29.1,0.427,11.4,0.818,4.1,2.0,15.1,3.1,3.0,1.1,0.5,2.0,154,117.9,-0.64
Isaiah Stewart,MEM,PF/C,64,23.1,0.554,6.1,0.757,1.9,0.5,8.6,5.9,1.6,0.4,1.5,1.2,155,140.0,-0.67
Santi Aldama,DAL,SF/PF,64,26.5,0.481,10.5,0.677,2.0,1.8,13.2,5.1,2.9,0.8,0.6,1.2,156,132.3,-0.70
Herbert Jones,NO,SF/PF,68,30.4,0.397,8.9,0.814,1.4,1.4,9.6,3.7,3.0,1.7,0.5,1.5,157,139.8,-0.71
Jaylin Williams,OKC,PF/C,68,23.1,0.428,6.5,0.790,1.4,1.8,8.5,6.2,3.2,0.6,0.8,1.2,158,139.5,-0.71
Joan Beringer,MIN,C,69,18.4,0.664,5.8,0.703,2.2,0.0,9.2,5.4,0.7,0.4,1.5,0.7,159,139.9,-0.72
Isaiah Joe,DET,SG,70,25.4,0.447,9.3,0.872,1.5,3.1,12.7,3.1,1.8,0.8,0.2,0.7,160,140.0,-0.75
Julian Champagnie,SA,SF/PF,75,26.5,0.426,8.6,0.870,1.5,2.4,11.0,5.0,1.5,0.8,0.5,0.9,161,138.6,-0.92
Obi Toppin,IND,PF,60,21.0,0.522,8.6,0.820,1.7,1.6,12.0,4.6,2.0,0.6,0.3,1.0,162,138.8,-1.01
Bradley Beal,LAC,SG/SF,50,27.5,0.465,11.3,0.801,2.2,1.7,13.9,2.8,3.0,0.9,0.4,1.7,163,139.6,-1.11
Grayson Allen,CHA,PG/SG,64,22.0,0.422,9.3,0.841,2.3,2.5,12.2,2.8,2.7,1.0,0.3,1.3,164,139.9,-1.13
Collin Sexton,LAL,PG/SG,70,25.4,0.483,10.6,0.862,3.3,1.5,14.6,2.2,3.2,0.8,0.1,2.0,165,138.8,-1.13
Shaedon Sharpe,POR,SG/SF,64,28.0,0.452,15.0,0.787,3.3,1.9,18.1,4.1,2.5,1.0,0.2,2.3,166,114.8,-1.14
Moussa Diabaté,CHA,PF/C,72,25.5,0.616,5.3,0.633,2.4,0.0,8.0,8.8,1.6,0.8,0.9,1.1,167,139.7,-1.14
Dru Smith,MIA,PG,72,20.1,0.430,5.6,0.824,1.7,0.8,7.0,3.0,2.9,1.7,0.4,1.0,168,140.0,-1.15
Yanic Konan Niederhauser,LAC,C,50,21.4,0.641,5.1,0.759,3.2,0.1,9.0,6.0,0.6,0.3,1.5,1.2,169,139.9,-1.17
Kelly Oubre Jr.,IND,SG/SF,64,28.2,0.468,10.0,0.759,2.6,1.2,12.6,4.8,1.5,1.3,0.4,1.2,170,137.5,-1.23
Max Christie,DAL,SG,75,30.5,0.435,9.3,0.878,2.1,2.1,11.9,3.6,2.1,0.8,0.4,1.3,171,,-1.26
Dillon Brooks,PHO,SG/SF,63,30.1,0.434,15.2,0.824,3.4,2.3,18.3,3.6,1.7,0.9,0.2,1.3,172,134.4,-1.27
Davion Mitchell,MIA,PG,73,30.1,0.480,7.6,0.670,1.1,1.3,9.4,2.7,6.2,1.1,0.2,1.8,173,139.6,-1.28
Ace Bailey,UTA,SF/PF,72,27.9,0.443,12.6,0.752,1.3,1.9,14.1,4.3,1.9,0.9,0.7,1.5,174,132.0,-1.29
Yaxel Lendeborg,GS,SF/PF,72,23.5,0.497,5.9,0.828,2.4,1.0,8.8,5.1,1.9,0.6,0.7,0.6,175,132.6,-1.31
Jay Huff,IND,C,74,17.1,0.490,6.4,0.815,1.1,1.4,8.6,3.2,1.1,0.4,1.5,0.8,176,139.9,-1.34
Scotty Pippen Jr.,MEM,PG/SG,50,20.4,0.475,7.5,0.720,2.1,1.1,9.7,3.1,4.3,1.3,0.4,1.8,177,138.4,-1.37
Nikola Vucevic,ORL,C,64,21.2,0.493,9.1,0.815,1.2,1.1,11.0,6.3,2.3,0.5,0.5,1.0,178,49.7,-1.37
De'Anthony Melton,GS,PG/SG,55,22.2,0.407,10.5,0.815,2.3,1.5,11.9,3.2,2.6,1.5,0.4,1.8,179,140.0,-1.38
Daniel Gafford,DAL,C,64,21.7,0.648,6.0,0.671,3.0,0.0,9.8,6.4,1.2,0.5,1.2,1.1,180,133.0,-1.43
Daniss Jenkins,DET,PG,72,26.1,0.406,10.3,0.821,2.9,1.3,12.1,3.0,5.0,1.1,0.3,2.1,181,140.0,-1.50
Anfernee Simons,PHI,PG/SG,67,25.7,0.431,12.6,0.901,1.9,2.6,15.1,2.3,3.3,0.6,0.1,1.5,182,108.2,-1.52
Naji Marshall,DAL,SF/PF,72,26.1,0.510,9.9,0.777,3.0,0.8,13.1,4.3,2.9,1.0,0.1,1.5,183,139.7,-1.54
Royce O'Neale,CHA,SF/PF,70,24.6,0.422,7.3,0.718,0.4,2.4,8.9,4.4,2.3,0.9,0.4,1.0,184,140.0,-1.54
Pelle Larsson,MIA,SG/SF,71,30.4,0.480,8.9,0.771,3.4,1.1,12.3,3.9,3.5,1.0,0.3,1.5,185,139.9,-1.56
Jerami Grant,MEM,PF,50,26.5,0.418,10.8,0.825,4.1,2.0,14.4,3.0,1.9,0.7,0.7,1.5,186,138.9,-1.57
Ryan Kalkbrenner,CHA,C,68,19.2,0.753,3.8,0.717,1.5,0.0,6.8,4.9,0.7,0.4,1.3,0.8,187,140.1,-1.58
Duncan Robinson,DET,SG/SF,76,28.4,0.447,10.0,0.800,1.2,3.0,12.9,2.7,2.5,0.6,0.2,1.0,188,140.0,-1.58
Luke Kornet,SA,C,68,20.0,0.657,4.0,0.765,1.5,0.0,6.4,5.8,1.8,0.5,1.0,0.4,189,139.8,-1.61
Jared McCain,OKC,PG/SG,72,27.8,0.438,12.1,0.870,1.8,2.4,14.6,3.1,2.4,0.8,0.1,1.5,190,133.7,-1.62
Alex Caruso,OKC,PG/SG,58,19.4,0.435,5.8,0.814,1.0,1.1,6.9,3.0,2.4,1.5,0.5,0.8,191,138.4,-1.65
Rui Hachimura,LAC,SF/PF,70,30.1,0.512,9.4,0.743,1.5,1.8,12.5,4.2,1.1,0.7,0.4,0.7,192,139.3,-1.66
Kris Dunn,LAC,PG/SG,72,24.5,0.457,5.6,0.734,0.6,1.0,6.6,3.2,3.1,1.6,0.3,1.1,193,140.1,-1.67
Sam Merrill,CLE,SG,65,25.4,0.436,8.4,0.889,0.9,2.7,10.8,2.7,2.2,0.8,0.2,0.7,194,140.1,-1.71
Mikel Brown Jr.,BKN,PG,69,28.8,0.418,9.5,0.845,4.3,1.9,13.5,2.5,3.5,0.9,0.1,2.3,195,139.5,-1.72
Darius Acuff Jr.,SAC,PG,72,29.1,0.454,10.9,0.804,3.8,1.6,14.5,1.9,5.0,0.6,0.2,1.4,196,135.6,-1.74
Derrick Jones Jr.,LAC,SF/PF,58,25.8,0.515,7.8,0.731,1.7,1.1,10.4,3.5,1.0,1.0,0.7,0.9,197,,-1.77
Maxime Raynaud,SAC,C,72,23.2,0.571,8.0,0.785,2.0,0.3,11.0,6.6,1.2,0.5,0.5,1.1,198,139.8,-1.81
Jordan Poole,NO,PG/SG,50,20.0,0.414,10.3,0.876,2.7,2.3,13.2,1.9,2.9,0.7,0.3,1.9,199,94.2,-1.92
Allen Graves,TOR,SF,70,22.0,0.481,6.2,0.747,2.3,0.8,8.5,4.7,1.3,1.1,0.7,0.5,200,140.0,-1.96
