player,team,pos,rank,value,gp,mpg,fg_pct,fga,ft_pct,fta,tpm,pts,reb,ast,stl,blk,tov
Nikola Jokić,DEN,C,2,62.777,65.5,35.0,0.5671,17.68,0.8185,6.64,1.7,27.19,12.3,9.93,1.49,0.75,3.43
Giannis Antetokounmpo,MIA,PF,3,58.367,65,33.6,0.6033,20.0,0.6369,11.06,0.47,31.65,11.08,6.56,1.0,0.96,3.5
Luka Dončić,LAL,PG,1,64.125,61.0,35.8,0.4731,24.65,0.7824,10.28,4.28,35.64,8.17,8.67,1.68,0.53,3.88
Victor Wembanyama,SAS,C,4,54.001,65,30.5,0.5086,16.05,0.8308,5.73,2.08,23.17,11.36,3.23,1.11,3.28,2.5
Shai Gilgeous-Alexander,OKC,PG,6,51.419,67.6,33.2,0.538,19.68,0.8834,8.58,1.77,30.53,4.65,6.3,1.53,0.84,2.23
Jayson Tatum,BOS,PF/SF,5,53.103,68,35.0,0.4451,21.99,0.8191,6.65,3.62,28.64,9.04,6.06,1.17,0.48,2.8
Cade Cunningham,DET,PG,7,51.114,65.1,32.9,0.4691,19.98,0.8287,5.82,2.12,25.69,5.68,9.66,1.27,0.77,3.73
Tyrese Maxey,PHI,PG,28,42.687,63.4,36.0,0.4658,18.25,0.8922,5.1,2.8,24.35,3.85,5.8,1.4,0.45,2.05
Donovan Mitchell,CLE,PG/SG,18,44.723,67.2,34.0,0.4678,19.84,0.8509,5.83,3.25,26.77,4.5,5.5,1.45,0.28,2.6
Trae Young,WAS,PG,29,42.581,67.5,33.2,0.4249,16.11,0.8585,6.78,2.57,22.08,2.98,10.04,1.1,0.21,3.96
Scottie Barnes,TOR,PF/SF,27,42.922,69.0,32.4,0.4916,14.62,0.797,3.98,1.04,18.59,7.62,5.97,1.37,1.26,2.62
Anthony Edwards,MIN,PG/SG,10,46.91,66.0,34.9,0.4771,20.72,0.8167,6.95,3.61,29.06,5.38,4.2,1.32,0.73,2.91
Cooper Flagg,DAL,PG/SF/SG,13,45.948,67.0,34.3,0.4863,18.72,0.8356,5.48,1.26,24.04,7.2,5.18,1.36,1.02,2.46
Karl-Anthony Towns,NYK,C/PF,22,43.719,68.9,32.5,0.5169,14.8,0.8611,5.4,1.85,21.8,11.4,3.0,0.9,0.62,2.48
Alperen Şengün,HOU,C/PF,16,45.122,68.7,31.5,0.5224,15.21,0.7005,5.26,0.53,20.11,9.77,5.92,1.16,0.96,2.82
Bam Adebayo,MIA,C/PF,35,40.878,69.5,32.8,0.4612,14.83,0.7717,5.11,1.36,18.99,9.65,3.56,1.18,0.69,1.82
Jamal Murray,DEN,PG,21,44.169,67.9,34.5,0.4791,18.38,0.8817,4.78,3.04,24.87,4.37,6.73,1.04,0.45,2.23
Amen Thompson,HOU,PG/SG,47,38.65,69.5,35.0,0.541,12.2,0.7614,4.4,0.4,16.95,7.9,4.85,1.42,0.8,2.22
Jalen Johnson,ATL,PF/SF,8,48.463,60.9,33.2,0.4992,16.01,0.7848,4.67,1.58,21.24,10.01,7.29,1.3,0.58,3.04
Jalen Brunson,NYK,PG,11,46.092,67.2,34.5,0.4712,21.61,0.833,6.65,2.82,28.73,3.49,7.35,0.87,0.15,2.49
James Harden,CLE,PG,33,41.495,68,34.5,0.43,14.07,0.872,6.25,2.65,20.2,5.0,8.0,1.1,0.45,3.05
Kevin Durant,HOU,PF/SF,23,43.431,67.8,34.6,0.511,18.55,0.856,5.9,2.46,26.46,5.59,4.51,0.79,0.98,3.15
Jaylen Brown,PHI,PF/SF/SG,9,48.389,65.9,34.0,0.4749,22.9,0.7808,7.36,2.21,29.71,6.74,5.28,1.17,0.4,3.32
Devin Booker,PHX,PG/SG,20,44.541,66.1,33.9,0.4603,20.12,0.8782,7.84,2.28,27.68,4.16,6.77,0.87,0.29,3.04
LeBron James,PHI,PF/SF,12,46.072,63.9,33.2,0.5024,17.46,0.7435,5.33,1.73,23.23,6.62,7.86,1.12,0.56,3.32
Evan Mobley,CLE,C/PF,36,40.802,65.7,32.0,0.5534,13.1,0.6517,4.45,1.0,18.4,9.2,3.5,0.82,1.55,1.96
Paolo Banchero,ORL,PF,31,41.94,62.9,33.9,0.4673,16.41,0.7665,7.78,1.38,22.68,7.92,5.05,0.76,0.57,2.88
LaMelo Ball,MIN,PG,25,43.081,63.1,29.2,0.4151,18.68,0.8747,3.29,3.86,22.24,5.02,7.38,1.26,0.27,2.95
Deni Avdija,POR,PF/SF/SG,17,44.771,66.2,32.1,0.4753,15.93,0.7971,8.18,2.03,23.69,7.76,6.16,0.9,0.6,3.34
Tyrese Haliburton,IND,PG/SG,43,39.751,61,32.5,0.4777,12.82,0.8477,2.86,2.64,17.3,3.69,8.06,1.3,0.65,1.65
Julius Randle,BKN,PF,32,41.641,69.5,32.9,0.4776,16.65,0.7994,6.44,1.63,22.68,7.58,5.33,0.97,0.26,2.9
Josh Giddey,CHI,PG,15,45.301,62.1,31.1,0.4668,13.77,0.7787,3.98,1.9,17.86,8.54,9.01,1.12,0.61,3.24
Pascal Siakam,IND,C/PF,24,43.322,66.1,33.0,0.4951,19.25,0.7065,5.83,1.81,24.99,7.4,3.88,1.05,0.47,2.01
Dejounte Murray,NOP,PG/SG,37,40.548,64,32.2,0.4389,15.95,0.8219,3.65,1.85,18.85,5.9,6.95,1.68,0.36,3.1
Kawhi Leonard,LAC,SF/SG,39,40.371,59.0,30.4,0.4975,16.86,0.8758,4.94,2.22,23.32,5.67,3.2,1.59,0.44,1.86
Anthony Davis,WAS,C/PF,19,44.574,55,31.9,0.51,15.0,0.7745,5.1,0.6,19.85,10.6,2.9,1.08,1.79,1.92
Desmond Bane,ORL,PG/SG,54,36.683,70.4,32.9,0.4822,15.23,0.8986,3.9,2.25,20.44,4.74,4.61,1.08,0.45,2.16
Derrick White,BOS,PG/SG,64,35.049,70.3,33.4,0.4104,13.36,0.8784,2.41,2.82,15.91,4.39,5.0,1.05,1.16,1.72
Jalen Duren,DET,C,50,37.036,68.5,27.3,0.6586,9.94,0.7433,4.85,0.08,16.78,10.68,2.32,0.76,0.95,1.76
De'Aaron Fox,SAS,PG,56,36.458,65.7,31.2,0.476,15.35,0.7793,3.87,1.85,19.48,3.99,5.74,1.3,0.32,2.31
Lauri Markkanen,UTA,PF/SF,55,36.499,64.5,32.5,0.4621,16.0,0.8869,4.94,2.6,21.78,6.53,1.88,0.89,0.46,1.39
Stephen Curry,GSW,PG,34,41.404,58.8,32.0,0.4558,18.1,0.9222,4.5,4.35,25.0,3.95,5.15,1.04,0.4,2.65
VJ Edgecombe,PHI,PG/SG,85,32.44,69.5,32.5,0.4536,12.35,0.824,2.29,1.85,14.94,5.45,4.01,1.36,0.51,1.67
Austin Reaves,LAL,PG/SG,42,39.77,61.8,34.4,0.4781,14.95,0.869,6.13,2.52,22.15,4.77,5.86,1.09,0.37,2.69
Kon Knueppel,CHA,SF/SG,91,31.761,72.5,29.8,0.4889,12.56,0.8642,2.71,3.19,17.81,5.22,3.3,0.71,0.25,1.82
Dyson Daniels,ATL,SF/SG,80,32.83,70.0,30.5,0.5142,9.82,0.6303,1.58,0.58,11.67,6.02,4.9,2.1,0.49,1.65
Miles Bridges,PHX,PF,75,33.316,67.9,31.1,0.4518,14.4,0.835,3.35,1.98,17.78,6.26,3.32,0.66,0.51,1.61
Rudy Gobert,MIN,C,82,32.679,69.2,31.3,0.6566,6.79,0.5812,3.88,0.07,11.25,10.8,1.68,0.74,1.53,1.36
Trey Murphy,NOP,SF/SG,57,36.215,62.4,33.0,0.4685,14.5,0.8795,3.59,2.96,19.7,5.26,3.43,1.26,0.46,1.64
Ryan Rollins,MIL,PG,74,33.646,70,31.1,0.4816,12.43,0.8002,2.02,2.24,15.83,4.57,4.99,1.52,0.47,2.31
Michael Porter,BKN,PF/SF,41,40.229,62.9,32.4,0.4781,17.77,0.8303,3.7,3.28,23.34,7.56,2.64,0.88,0.41,1.88
Mikal Bridges,NYK,PF/SF/SG,99,30.371,73.0,33.6,0.4842,12.67,0.8177,1.56,1.96,15.5,3.69,3.63,1.13,0.64,1.29
Jalen Williams,OKC,PF/SF/SG,45,39.128,61.5,30.3,0.4966,15.94,0.8141,4.23,1.43,20.71,5.01,5.22,1.42,0.52,1.98
Kel'el Ware,MIL,C/PF,93,31.494,67.9,25.5,0.5439,9.04,0.7463,1.4,1.16,12.04,9.6,1.02,0.88,1.27,0.93
Stephon Castle,SAS,PG/SG,88,31.986,68.5,27.3,0.4688,11.35,0.7433,4.81,1.18,15.4,4.6,5.87,1.03,0.28,2.53
Onyeka Okongwu,ATL,C,92,31.702,69.0,27.9,0.5146,9.91,0.7655,2.6,1.37,13.56,7.45,2.62,0.96,0.95,1.4
Josh Hart,NYK,SF/SG,86,32.343,67.1,32.1,0.5011,9.11,0.7494,2.05,1.3,11.97,7.86,4.85,1.2,0.3,1.88
Chet Holmgren,OKC,C/PF,60,35.771,59.2,27.7,0.547,10.78,0.791,3.83,1.32,16.14,8.24,1.85,0.65,1.85,1.51
OG Anunoby,NYK,PF/SF,89,31.959,66.8,33.6,0.4807,12.32,0.8162,3.04,2.25,16.57,4.95,2.19,1.46,0.75,1.65
Donovan Clingan,POR,C,61,35.766,68.5,25.8,0.5324,8.17,0.6803,2.44,0.92,11.28,11.94,2.0,0.61,1.9,1.23
Jarrett Allen,CLE,C,78,32.912,65.1,28.0,0.6486,9.09,0.7178,4.06,0.09,14.79,8.77,2.02,0.94,0.87,1.33
Jaren Jackson,UTA,C/PF,69,34.412,61.7,28.1,0.4782,14.42,0.7955,4.45,1.7,19.03,5.23,1.94,1.08,1.34,2.0
Ivica Zubac,IND,C,81,32.804,62.5,29.1,0.6067,9.97,0.6955,2.74,0.08,14.09,10.07,2.22,0.5,0.93,1.56
Brandon Ingram,TOR,PF/SF/SG,30,41.969,58.9,33.9,0.4759,19.46,0.8182,5.2,2.07,24.84,5.91,4.63,0.84,0.74,2.71
Payton Pritchard,BOS,PG,107,29.302,71.7,29.7,0.4675,12.07,0.869,1.45,2.67,15.22,3.85,4.37,0.75,0.15,1.21
Domantas Sabonis,SAC,C/PF,14,45.873,51.5,31.5,0.5692,12.46,0.7359,4.2,0.71,17.99,13.59,6.21,0.82,0.39,2.85
Reed Sheppard,HOU,PG/SG,118,28.158,74,26.0,0.4373,11.04,0.8077,1.11,2.61,13.16,3.1,3.37,1.44,0.67,1.43
Derik Queen,NOP,C/PF,76,33.037,72.5,25.7,0.4871,10.21,0.8032,3.71,0.42,13.35,7.82,4.05,1.08,0.94,2.27
CJ McCollum,ATL,PG/SG,97,30.921,66.8,29.2,0.446,14.94,0.7578,2.84,2.53,18.01,3.39,3.7,0.8,0.45,1.73
RJ Barrett,TOR,PF/SF/SG,71,34.051,60.7,30.5,0.4875,14.73,0.6951,4.86,1.7,19.44,5.54,3.89,0.74,0.34,2.05
Ty Jerome,MEM,PG/SG,72,33.961,60,27.0,0.4948,13.15,0.8629,3.26,2.39,18.21,3.56,4.98,1.36,0.2,1.86
Darius Garland,LAC,PG,44,39.465,60.0,30.1,0.4677,16.96,0.8635,3.44,3.03,21.86,2.9,7.5,1.14,0.19,2.78
Keyonte George,UTA,PG/SG,77,32.944,61.5,29.6,0.4433,13.56,0.8727,5.16,2.31,18.84,3.53,5.39,0.84,0.21,2.58
Zion Williamson,NOP,PF/SF,63,35.28,56.7,28.1,0.5871,13.07,0.7087,6.86,0.13,20.34,5.64,3.58,0.98,0.59,2.11
Jimmy Butler,GSW,PF/SF/SG,53,36.684,54.6,30.6,0.5003,11.82,0.849,7.04,0.82,18.62,5.41,5.02,1.4,0.28,1.57
Naz Reid,CHA,C/PF,68,34.454,71.1,26.9,0.4621,13.69,0.751,2.1,2.57,16.8,7.06,2.33,0.96,1.02,1.62
Tyler Herro,MIL,PG/SG,67,34.595,57.1,30.5,0.4763,15.13,0.8869,3.35,2.65,20.03,4.67,4.37,0.75,0.27,2.03
Nickeil Alexander-Walker,ATL,PG/SG,70,34.232,71.8,30.7,0.4542,14.74,0.8762,3.5,3.14,19.6,3.57,3.5,1.23,0.54,1.82
Matas Buzelis,CHI,PF/SF,66,34.899,71.1,28.4,0.4755,13.87,0.7998,3.34,2.53,18.39,5.83,2.04,0.7,1.62,1.84
Nic Claxton,CHI,C/PF,106,29.356,66.7,27.3,0.5704,8.3,0.5967,2.87,0.12,11.29,7.17,3.04,0.73,1.25,1.32
Franz Wagner,ORL,PF/SF,59,36.094,54.1,30.7,0.4787,15.77,0.8459,5.05,1.5,20.87,5.31,3.82,1.05,0.35,1.86
Cameron Boozer,MEM,C/PF,52,36.698,62.6,32.4,0.4702,13.96,0.7821,3.56,2.09,18.0,6.88,3.77,1.17,0.69,1.93
Neemias Queta,BOS,C,123,27.718,67.2,25.5,0.6379,6.72,0.7172,2.24,0.1,10.29,7.96,1.69,0.78,1.27,1.05
Jaden McDaniels,MIN,PF/SF,124,27.711,70.3,30.7,0.504,10.31,0.8235,2.0,1.32,13.36,4.58,2.36,1.14,0.9,1.49
Brandon Miller,CHA,PF/SF/SG,46,39.012,57.0,30.8,0.4416,18.17,0.8807,3.71,3.59,22.91,5.16,3.46,1.07,0.71,2.46
Immanuel Quickley,TOR,PG/SG,84,32.446,59.7,29.9,0.4416,12.49,0.8334,3.08,2.43,16.03,3.89,5.49,1.11,0.11,1.47
Jabari Smith,HOU,PF,110,29.092,66.5,31.5,0.4609,11.1,0.7942,2.47,2.01,14.19,6.72,1.65,0.64,0.82,1.19
Jeremiah Fears,NOP,PG,138,26.506,73.0,24.5,0.4543,11.41,0.8,2.87,1.23,13.89,3.67,3.31,1.14,0.37,1.94
Andrew Wiggins,MIA,PF/SF/SG,102,30.161,64.1,29.8,0.4619,12.3,0.7706,2.89,1.94,15.53,4.67,2.55,1.01,0.89,1.52
Brandin Podziemski,GSW,PG/SG,125,27.707,69.4,27.3,0.4632,9.9,0.7901,2.37,1.77,12.82,5.15,3.61,1.04,0.21,1.4
Shaedon Sharpe,POR,PG/SG,96,31.177,61.3,29.4,0.4602,15.53,0.7947,3.58,2.0,19.14,4.45,2.71,1.14,0.2,2.39
Toumani Camara,POR,PF/SF/SG,142,26.312,72.2,31.3,0.4505,9.7,0.7236,1.64,2.16,12.08,5.19,2.27,1.19,0.49,1.54
Nikola Vučević,ORL,C,114,28.75,65.8,29.6,0.4962,9.03,0.8113,1.16,1.06,10.97,8.76,2.26,0.68,0.66,1.01
Ja Morant,POR,PG,40,40.351,54,31.5,0.4413,16.88,0.8511,5.98,1.5,21.49,4.41,7.33,1.23,0.35,3.2
Norman Powell,CHI,SF/SG,51,36.759,61.4,30.5,0.4707,18.02,0.8167,5.69,3.23,24.84,3.66,2.4,1.15,0.26,1.92
Alex Sarr,WAS,C,94,31.438,59.7,24.7,0.4627,11.73,0.7025,2.54,1.19,13.84,6.44,2.45,0.71,1.59,1.5
Myles Turner,MIL,C,126,27.666,67.7,26.0,0.4624,9.37,0.756,2.69,1.87,12.57,5.4,1.43,0.66,1.58,1.28
Joel Embiid,PHI,C,26,43.001,43.5,32.0,0.4828,16.35,0.8585,7.84,1.27,23.78,8.01,3.79,0.7,1.18,2.72
Jusuf Nurkić,UTA,C,58,36.174,60,27.0,0.4907,9.21,0.6084,3.1,0.7,11.63,11.4,4.54,1.19,0.73,2.49
Kevin Porter,MIL,PG/SG,73,33.727,57.9,27.5,0.4636,11.84,0.8385,3.39,1.1,14.92,4.73,5.71,1.7,0.37,2.37
Donte DiVincenzo,MIN,SF/SG,137,26.615,69.0,28.2,0.4158,9.94,0.7535,1.25,2.82,12.03,3.86,3.5,1.2,0.38,1.43
Darryn Peterson,UTA,PG/SG,105,29.404,62.4,29.5,0.4702,10.89,0.7821,2.78,1.63,14.04,5.36,3.26,1.01,0.6,1.66
AJ Dybantsa,WAS,PF/SF,112,28.898,62.3,29.0,0.4702,10.7,0.7821,2.73,1.6,13.8,5.26,3.2,0.99,0.59,1.64
Zach LaVine,SAC,SF/SG,98,30.906,58.0,32.0,0.4895,14.48,0.8475,3.57,2.67,19.87,3.56,3.13,0.74,0.23,2.23
Andrew Nembhard,IND,PG/SG,113,28.837,62.1,29.2,0.4555,10.77,0.8181,3.03,1.41,13.69,2.99,6.17,0.99,0.17,2.0
Maxime Raynaud,SAC,C,147,25.722,69.0,25.9,0.5722,8.91,0.7921,2.26,0.41,12.4,7.26,1.47,0.54,0.52,1.23
Wendell Carter,ORL,C,149,25.631,69.0,27.3,0.4997,7.77,0.7744,2.88,0.85,10.84,7.04,1.96,0.75,0.6,1.21
Devin Vassell,SAS,SF/SG,130,27.244,64.9,29.2,0.4486,11.72,0.8077,1.96,2.32,14.42,3.86,2.66,0.96,0.4,1.06
Coby White,CHA,PG/SG,48,37.685,61.7,29.6,0.4541,17.16,0.849,5.41,3.2,23.37,4.02,5.03,0.75,0.2,2.53
P.J. Washington,DAL,C/PF/SF,108,29.222,60.2,29.6,0.4502,11.02,0.7021,2.98,1.42,13.44,6.62,1.91,0.97,0.96,1.66
Draymond Green,GSW,C/PF,136,26.631,66.0,27.4,0.4211,7.29,0.6982,1.54,1.31,8.53,5.6,5.28,1.03,0.73,2.55
Jalen Green,PHX,SF/SG,101,30.329,57.8,27.9,0.4324,15.18,0.7975,3.34,2.36,18.15,4.14,3.05,0.88,0.3,2.12
Ausar Thompson,DET,SF/SG,135,26.701,65.7,23.9,0.5297,7.52,0.614,2.39,0.19,9.63,5.46,2.71,1.73,0.83,1.36
Jalen Suggs,ORL,PG,95,31.225,56.1,27.2,0.4409,11.29,0.8475,2.28,2.08,13.97,3.84,4.59,1.65,0.72,2.45
Paul George,BOS,PF/SF/SG,62,35.738,51.3,31.5,0.4364,14.68,0.8305,3.04,2.67,18.01,5.3,3.75,1.67,0.47,2.07
Collin Sexton,LAL,PG/SG,132,26.812,65.0,24.9,0.4852,11.68,0.8567,3.8,1.64,16.24,2.54,3.63,0.96,0.16,2.13
Jrue Holiday,POR,PG/SG,111,28.939,60.2,29.2,0.444,11.25,0.8445,1.63,2.09,13.46,4.44,4.86,0.97,0.3,2.1
Paul Reed,DET,C/PF,172,23.517,70,17.5,0.5765,6.46,0.6946,1.92,0.34,9.12,5.48,1.65,1.06,1.0,1.06
Mark Williams,PHX,C,116,28.606,58.8,23.2,0.6254,7.92,0.7848,3.01,0.11,12.38,7.91,1.44,0.85,0.95,1.17
Caleb Wilson,CHI,PF/SF,117,28.543,60.6,28.6,0.4702,10.56,0.7821,2.7,1.58,13.63,5.2,3.16,0.98,0.58,1.61
Quentin Grimes,LAL,SG,159,24.997,69.2,27.3,0.4571,9.86,0.8138,2.84,1.79,13.11,3.74,3.0,0.87,0.34,1.66
Day'Ron Sharpe,BKN,C,153,25.396,68,22.0,0.5733,6.05,0.6986,2.19,0.24,8.71,7.78,2.19,1.12,0.67,1.51
Isaiah Hartenstein,OKC,C,103,29.975,57.4,25.1,0.5948,6.85,0.6538,2.14,0.1,9.64,9.19,3.38,0.95,0.88,1.61
Tobias Harris,SAS,PF,141,26.331,65.4,27.7,0.4691,10.31,0.8589,2.34,1.21,12.89,5.1,2.31,0.9,0.52,1.06
Bennedict Mathurin,LAC,SF/SG,128,27.594,62.3,28.5,0.4507,11.65,0.8561,5.13,1.36,16.25,5.15,2.19,0.73,0.29,1.9
Anthony Black,ORL,PG/SF/SG,148,25.688,66.7,26.3,0.4537,9.67,0.7468,2.96,1.22,12.21,3.46,3.26,1.22,0.63,1.76
Naji Marshall,DAL,PF/SF/SG,158,25.011,68.0,26.5,0.5058,9.77,0.7722,3.08,0.83,13.1,4.38,2.89,0.98,0.13,1.47
Dillon Brooks,PHX,PF/SF/SG,139,26.468,63.7,30.2,0.4321,14.03,0.8315,2.66,2.2,16.53,3.6,1.76,0.9,0.19,1.42
Kyle Filipowski,UTA,C/PF,170,24.119,69.5,20.9,0.505,7.5,0.7373,2.32,0.96,10.25,6.31,2.25,0.81,0.42,1.39
Ace Bailey,UTA,PF/SF,167,24.656,68.0,25.5,0.4605,11.26,0.7668,1.26,1.79,13.13,4.06,1.83,0.81,0.64,1.34
Jaime Jaquez,MIL,PF/SF/SG,166,24.674,67.7,24.2,0.5018,9.65,0.774,2.43,0.71,12.28,4.41,3.58,0.73,0.26,1.65
John Collins,DET,C/PF,129,27.461,60.8,27.1,0.5385,10.16,0.7932,2.58,1.3,14.29,6.0,1.29,0.84,0.77,1.58
Cedric Coward,MEM,SF/SG,140,26.399,63.0,24.6,0.4807,9.88,0.8433,2.57,1.45,13.12,5.6,2.69,0.65,0.43,1.56
Bobby Portis,MIA,C/PF,134,26.749,62.1,24.2,0.4812,11.12,0.7582,1.24,1.69,13.33,6.7,1.69,0.66,0.3,1.06
Kelly Oubre,IND,PF/SF,119,28.065,58.9,31.5,0.4624,11.33,0.7584,2.94,1.48,14.19,5.26,1.7,1.33,0.5,1.34
Deandre Ayton,WAS,C,133,26.803,61.7,26.1,0.6223,8.8,0.6711,1.72,0.11,12.21,7.84,1.07,0.62,0.86,1.24
Keldon Johnson,SAS,PF/SF,178,22.931,72.0,22.8,0.504,9.47,0.7899,2.36,1.19,12.59,4.95,1.54,0.58,0.2,0.91
Jakob Poeltl,TOR,C,115,28.664,57.1,26.0,0.6456,7.92,0.6349,2.22,0.11,11.74,7.61,2.31,0.92,0.91,1.48
Ayo Dosunmu,MIN,PG/SG,90,31.888,61.9,28.8,0.5118,12.7,0.8493,2.41,2.03,17.09,3.81,4.49,0.96,0.36,1.53
Joan Beringer,MIN,C,175,23.351,70,20.0,0.6064,6.68,0.7412,2.25,0.4,10.16,5.27,1.31,0.55,1.26,0.82
Kyrie Irving,DAL,PG/SG,38,40.481,41.8,34.2,0.4803,17.8,0.9012,4.05,2.75,23.5,4.75,4.6,1.2,0.46,2.0
Damian Lillard,POR,PG,49,37.501,43.5,32.0,0.4348,14.88,0.9113,5.65,2.74,20.83,4.2,5.84,1.01,0.22,2.4
Kristaps Porziņģis,GSW,C,83,32.568,49.9,25.5,0.467,12.09,0.8296,4.52,1.85,16.89,5.68,2.26,0.64,1.27,1.29
Santi Aldama,DAL,PF/SF,121,28.046,57.8,25.6,0.4814,9.92,0.6839,1.99,1.65,12.56,6.14,2.74,0.8,0.61,1.14
Anfernee Simons,PHI,PG/SG,145,25.965,62.4,27.0,0.4365,12.93,0.894,2.02,2.66,15.75,2.65,3.34,0.61,0.14,1.56
Jerami Grant,MEM,PF/SF,127,27.596,58.5,29.5,0.4311,12.32,0.8169,4.74,2.18,16.67,3.42,2.16,0.76,0.68,1.83
Kyle Kuzma,MIL,PF/SF,168,24.625,65.5,26.0,0.4665,10.91,0.7045,2.67,1.29,13.35,4.71,2.55,0.59,0.38,1.84
Aaron Nesmith,IND,SF/SG,155,25.169,64,29.0,0.4522,10.51,0.8388,2.3,2.19,13.63,4.3,1.82,0.73,0.53,1.22
Malik Monk,SAC,PG/SG,154,25.256,63.6,24.6,0.4405,11.26,0.8607,2.11,1.95,13.69,2.62,3.83,0.69,0.45,1.76
Bub Carrington,WAS,PG/SG,187,21.962,73.0,25.9,0.4326,8.28,0.7654,1.21,1.8,9.89,3.47,4.23,0.62,0.22,1.86
Saddiq Bey,NOP,PF/SF,104,29.474,53.8,29.8,0.4504,12.38,0.8388,3.74,1.94,16.24,5.42,2.34,0.89,0.13,0.93
Isaiah Collier,UTA,PG,161,24.81,63.8,23.8,0.4834,7.81,0.7265,2.8,0.54,10.12,2.8,6.26,0.99,0.3,2.33
Brook Lopez,LAC,C,181,22.476,70.5,24.8,0.4549,7.97,0.7866,1.27,1.52,9.77,4.0,1.45,0.59,1.37,0.91
Julian Champagnie,SAS,PF/SF/SG,189,21.549,73.0,24.2,0.4365,7.63,0.8539,1.43,2.09,9.97,4.7,1.47,0.71,0.44,0.83
Walker Kessler,LAL,C,65,34.964,44.9,29.4,0.638,7.51,0.5953,2.59,0.39,11.51,10.69,1.9,0.72,2.21,1.59
Keegan Murray,SAC,PF/SF,109,29.115,53.9,33.5,0.4437,11.59,0.8054,1.51,1.85,13.35,6.08,1.66,0.92,1.05,0.95
Kyshawn George,WAS,SF/SG,144,26.172,59.9,25.6,0.4323,9.47,0.7961,2.04,1.76,11.58,4.46,3.38,0.94,0.76,1.86
Dennis Schröder,CHA,PG/SG,177,23.117,67.8,24.7,0.4076,9.35,0.8304,2.68,1.25,11.11,2.63,4.72,0.77,0.17,1.72
Cameron Johnson,DEN,PF/SF/SG,122,27.863,59.6,31.5,0.4723,10.71,0.8548,2.72,2.33,14.78,4.23,2.84,0.85,0.41,1.23
Tre Jones,CHI,PG/SF/SG,150,25.52,61.3,24.5,0.5437,8.06,0.8391,2.67,0.64,11.64,3.08,4.92,1.03,0.19,1.23
Cason Wallace,OKC,PG/SF/SG,191,21.451,68.7,25.0,0.4613,6.99,0.8113,0.8,1.22,8.31,3.08,2.42,1.6,0.41,0.85
Christian Braun,DEN,SF/SG,131,26.85,60.9,32.0,0.5433,9.49,0.7976,2.49,1.09,13.39,5.07,2.68,0.86,0.4,1.01
Dylan Harper,SAS,PG/SG,173,23.383,66.5,21.3,0.5177,8.88,0.771,1.7,0.9,11.4,3.37,3.63,0.76,0.35,1.3
Yaxel Lendeborg,GSW,PF/SF,146,25.816,60.1,25.9,0.4702,9.55,0.7821,2.44,1.43,12.32,4.7,2.86,0.89,0.52,1.46
Royce O'Neale,CHA,PF/SF,188,21.942,70.4,25.4,0.4177,7.45,0.7238,0.51,2.34,8.93,4.44,2.39,0.92,0.41,1.11
Tari Eason,HOU,SF/SG,160,24.948,61.3,23.8,0.4477,9.1,0.7695,1.36,1.33,10.52,5.9,1.48,1.27,0.58,1.19
Grayson Allen,CHA,SF/SG,151,25.476,60.0,26.4,0.4251,10.16,0.8447,2.47,2.58,13.3,3.08,2.98,1.05,0.31,1.37
Mikel Brown,BKN,PG/SG,152,25.413,60.2,25.5,0.4702,9.4,0.7821,2.4,1.41,12.13,4.63,2.82,0.87,0.52,1.44
Peyton Watson,CLE,PF/SF,87,32.048,61.7,31.5,0.492,11.28,0.727,3.55,1.5,15.18,5.25,2.12,1.08,1.63,1.51
Bilal Coulibaly,WAS,PF/SF,162,24.794,60.6,25.8,0.4393,8.77,0.7536,2.77,1.06,10.86,4.23,2.57,1.18,0.78,1.46
Jordan Poole,NOP,PG/SG,143,26.233,57.2,24.9,0.4114,12.28,0.8693,3.03,2.54,15.28,2.45,3.46,0.85,0.36,2.1
Keaton Wagler,LAC,PG/SG,157,25.029,59.8,25.1,0.4702,9.26,0.7821,2.37,1.38,11.94,4.56,2.77,0.86,0.51,1.42
Precious Achiuwa,SAC,C/PF,184,22.061,67.3,22.1,0.5192,7.2,0.5855,1.66,0.37,8.82,6.11,1.31,0.82,0.69,0.88
Davion Mitchell,MIA,PG,186,22.02,67.4,26.6,0.4798,7.02,0.6755,1.03,1.19,8.63,2.5,5.35,0.89,0.18,1.48
Morez Johnson,DAL,C/PF,163,24.731,59.9,24.8,0.4702,9.15,0.7821,2.34,1.37,11.8,4.5,2.74,0.85,0.5,1.4
Kingston Flemings,ATL,PG/SG,165,24.693,60.0,24.7,0.4702,9.14,0.7821,2.33,1.37,11.78,4.5,2.74,0.85,0.5,1.4
Darius Acuff,SAC,PG/SG,164,24.7,59.9,31.0,0.4702,7.71,0.7821,1.97,1.15,9.94,5.63,2.31,1.06,0.63,1.18
Tim Hardaway,MIA,SF/SG,199,20.521,71.4,26.7,0.4264,9.66,0.8201,2.23,2.5,12.56,2.63,1.5,0.52,0.13,0.64
Aaron Gordon,DEN,C/PF,100,30.37,52.9,30.5,0.511,11.08,0.7622,4.18,1.52,16.03,5.87,3.19,0.63,0.37,1.37
Fred VanVleet,HOU,PG,79,32.899,43.9,33.8,0.3939,12.36,0.8234,2.44,2.54,14.28,3.75,5.67,1.39,0.52,1.5
Mitchell Robinson,BOS,C,171,23.895,60,21.0,0.6588,4.12,0.4697,1.81,0.12,6.4,8.45,1.04,0.99,1.15,0.78
Duncan Robinson,DET,SF/SG,202,20.308,69.8,25.4,0.4461,8.8,0.7836,1.2,2.57,11.36,2.52,2.16,0.57,0.2,0.91
Kris Dunn,LAC,PG/SG,208,19.839,71.4,24.5,0.4612,5.68,0.753,0.79,0.93,6.77,3.19,3.21,1.48,0.25,1.21
De'Andre Hunter,SAC,PF/SF,169,24.206,58.2,26.1,0.4427,11.04,0.8526,3.33,1.91,14.52,3.99,1.77,0.72,0.19,1.46
Jaylen Wells,MEM,SF/SG,200,20.507,68.4,25.0,0.4414,9.09,0.8002,2.14,1.76,11.5,3.26,1.67,0.75,0.14,0.96
Max Christie,DAL,SF/SG,211,19.661,71.0,25.6,0.4486,7.9,0.8781,1.71,1.83,10.41,3.11,1.82,0.63,0.35,1.07
Yves Missi,NOP,C,196,20.938,66.4,20.9,0.5499,5.16,0.6157,1.89,0.08,6.92,6.28,1.33,0.39,1.35,0.87
Jake LaRavia,LAL,SF/SG,210,19.821,69.8,23.2,0.4667,6.12,0.755,1.87,0.98,8.11,3.93,1.95,1.13,0.43,1.1
Collin Gillespie,PHX,PG/SG,185,22.032,62.7,21.7,0.4248,7.95,0.8574,0.93,2.11,9.66,3.21,3.48,0.94,0.18,1.15
Kevin Huerter,DET,SF/SG,197,20.818,66.3,22.3,0.4443,8.35,0.7626,0.94,1.55,9.69,3.25,2.4,0.87,0.41,0.98
Moses Moody,GSW,PF/SF/SG,193,21.289,64.7,23.4,0.4493,8.34,0.7859,1.83,2.05,10.98,3.12,1.52,0.87,0.5,0.85
Klay Thompson,DAL,PF/SF/SG,201,20.439,67.1,22.9,0.3996,10.74,0.8358,0.92,2.71,12.06,2.52,1.61,0.54,0.34,1.04
Isaiah Stewart,MEM,C/PF,190,21.467,63.7,21.7,0.5466,6.11,0.7726,1.81,0.62,8.69,5.14,1.43,0.35,1.37,1.06
Nique Clifford,SAC,SF/SG,212,19.656,69.5,24.5,0.4306,7.83,0.7367,1.36,1.05,8.79,3.79,2.39,0.9,0.33,1.47
Scoot Henderson,POR,PG,156,25.16,54.1,25.0,0.4288,10.49,0.8112,3.07,1.63,13.12,2.97,4.34,0.92,0.26,2.41
Zaccharie Risacher,DAL,SF,203,20.252,67.1,21.9,0.471,8.33,0.6961,1.54,1.44,10.36,3.67,1.22,0.79,0.5,0.93
Rui Hachimura,LAC,PF/SF,194,21.131,64.2,28.2,0.5127,8.95,0.7343,1.41,1.63,11.84,3.83,1.1,0.63,0.35,0.71
Zach Edey,MEM,C,120,28.061,48.3,23.2,0.583,7.56,0.7457,2.24,0.39,10.88,8.69,1.28,0.63,1.36,1.57
Harrison Barnes,SAS,C/PF,221,18.715,71.5,25.1,0.4693,7.54,0.8121,1.84,1.7,10.27,2.98,1.7,0.57,0.16,0.73
Lonnie Walker,DEN,PF/SF/SG,198,20.702,63.2,21.5,0.4352,9.35,0.7852,1.5,1.84,11.15,3.12,2.1,0.59,0.35,1.13
Tristan da Silva,ORL,PF/SF,219,18.756,69.9,23.3,0.4473,7.44,0.873,1.16,1.38,9.06,3.57,1.63,0.74,0.31,0.85
Luguentz Dort,ATL,SF/SG,213,19.526,66.9,26.1,0.4134,7.56,0.7695,0.94,1.9,8.87,3.59,1.38,0.92,0.44,0.77
Egor Dëmin,BKN,PG/SG,180,22.499,58.0,24.3,0.4229,8.36,0.8304,1.37,2.26,10.47,3.32,3.26,0.81,0.36,1.52
Ajay Mitchell,OKC,PG/SG,179,22.875,56.3,22.5,0.4928,8.63,0.8632,2.3,0.96,11.45,3.0,3.02,1.05,0.28,1.2
Noah Clowney,BKN,C/PF,195,21.041,61.0,23.8,0.4072,8.35,0.8127,2.71,1.77,10.78,3.92,1.44,0.66,0.59,1.26
Al Horford,GSW,C/PF,182,22.361,57.4,23.5,0.4244,7.17,0.8402,0.67,1.6,8.25,5.12,2.29,0.61,0.92,0.88
Sam Hauser,BOS,PF/SF,222,18.346,69.6,23.2,0.4329,7.28,0.8477,0.33,2.37,8.96,3.58,1.31,0.52,0.27,0.45
Derrick Jones,LAC,PF/SF,204,20.158,62.3,24.9,0.5039,7.41,0.7396,1.72,1.06,9.8,3.41,1.18,0.9,0.71,0.85
Ziaire Williams,LAL,SF/SG,206,20.113,61.4,22.8,0.4278,7.77,0.8396,2.2,1.51,10.0,3.25,1.28,1.14,0.38,1.06
Will Riley,WAS,PF/SF/SG,225,17.86,69.0,20.1,0.4573,7.56,0.8087,2.23,1.0,9.73,2.79,1.9,0.69,0.15,1.12
Tre Johnson,WAS,PG/SG,209,19.824,62.0,21.9,0.4391,9.6,0.8604,1.46,1.74,11.43,2.81,1.97,0.55,0.3,1.35
Herbert Jones,NOP,SF/SG,176,23.172,52.9,28.3,0.4142,8.3,0.8205,1.43,1.37,9.42,3.51,2.75,1.49,0.52,1.32
Miles McBride,NYK,PG/SG,192,21.319,57.0,24.7,0.4252,8.87,0.8047,1.12,2.15,10.59,2.5,2.61,0.91,0.24,0.73
Sam Merrill,CLE,SF/SG,237,17.131,61.7,20.5,0.4406,6.97,0.8618,0.88,2.19,9.08,2.21,1.82,0.58,0.15,0.61
Pelle Larsson,MIA,SF/SG,217,18.841,64.0,22.1,0.4914,6.63,0.7861,2.57,0.81,9.35,2.98,2.67,0.66,0.21,1.11
Luke Kennard,PHX,PG/SF/SG,226,17.83,67.6,21.8,0.5047,6.12,0.8893,0.95,1.58,8.6,2.55,2.54,0.7,0.11,0.91
Jaylon Tyson,CLE,PF/SF/SG,230,17.603,61.2,18.0,0.495,6.68,0.7558,1.13,1.29,8.76,3.52,1.59,0.56,0.28,0.99
Bez Mbeng,UTA,PG/SG,227,17.733,66.1,20.7,0.499,5.08,0.7046,1.31,0.49,6.48,2.8,2.58,1.28,0.27,0.97
Khris Middleton,WAS,PF/SF,207,19.883,58.7,21.2,0.4363,8.18,0.8574,1.97,1.06,9.89,3.42,2.92,0.67,0.17,1.57
Patrick Williams,CHI,PF,228,17.621,66.2,22.2,0.3975,7.23,0.7375,1.22,1.39,8.03,3.35,1.68,0.73,0.44,1.14
Marcus Smart,HOU,PG/SF/SG,205,20.137,57.3,24.8,0.3993,7.37,0.8018,1.97,1.42,8.89,2.56,2.83,1.23,0.33,1.46
Nolan Traore,BKN,PG,214,19.137,60.0,21.4,0.4057,8.16,0.7971,1.71,1.1,9.09,2.03,3.63,0.8,0.41,2.04
Julian Reese,DEN,C,250,7.223,60.1,7.0,0.5195,2.23,0.6845,0.75,0.12,2.94,2.1,0.53,0.3,0.14,0.5
Jalen Smith,CHI,C/PF,218,18.776,60.6,15.8,0.4914,6.07,0.761,1.41,1.14,8.18,5.16,1.05,0.34,0.61,0.72
Aday Mara,OKC,C,215,19.008,59.7,19.0,0.4702,7.03,0.7821,1.79,1.05,9.06,3.46,2.1,0.65,0.38,1.07
D'Angelo Russell,MEM,PG/SG,183,22.123,51.3,21.3,0.4137,9.31,0.7882,2.11,1.59,10.96,2.47,4.1,0.67,0.27,1.63
Collin Murray-Boyles,TOR,C/PF,220,18.717,60.5,18.1,0.5762,5.18,0.686,1.6,0.34,7.41,4.14,1.64,0.76,0.74,0.85
Jamal Shead,TOR,PG/SG,243,15.764,71.6,17.8,0.394,5.28,0.7863,1.09,0.85,5.86,1.53,4.08,0.73,0.15,1.15
De'Anthony Melton,GSW,PG/SG,174,23.377,48.1,22.1,0.4112,9.82,0.8142,2.24,1.46,11.35,3.22,2.48,1.38,0.39,1.62
Sandro Mamukelashvili,LAL,C/PF,240,16.355,68.2,14.9,0.5162,5.48,0.75,1.33,1.01,7.67,3.48,1.29,0.52,0.35,0.59
AJ Green,MIL,SF/SG,242,15.885,70.0,23.6,0.4302,6.48,0.8394,0.67,2.33,8.46,2.4,1.62,0.46,0.11,0.74
Kentavious Caldwell-Pope,PHI,PG/SG,232,17.555,62.6,23.8,0.4258,6.8,0.8813,1.37,1.19,8.18,2.28,2.15,0.97,0.3,0.98
Sion James,CHA,SF/SG,248,15.034,73.0,21.3,0.3947,4.57,0.8347,1.23,1.0,5.63,3.43,1.96,0.62,0.25,0.78
Isaac Okoro,CHI,SF/SG,236,17.459,61.9,24.3,0.4713,6.57,0.7723,1.57,1.13,8.53,2.75,1.58,0.7,0.42,0.67
Jordan Goodwin,PHX,SF/SG,241,16.094,66.7,16.1,0.418,5.54,0.727,0.64,1.05,6.15,3.47,1.59,1.0,0.19,0.73
Josh Dix,OKC,PG/SG,224,18.02,59.2,18.0,0.4702,6.66,0.7821,1.7,1.0,8.59,3.28,1.99,0.62,0.36,1.02
Jaylin Williams,OKC,C,234,17.473,60.9,16.1,0.439,4.54,0.7949,1.06,1.21,6.03,4.59,2.1,0.43,0.53,0.79
Bennett Stirtz,OKC,PG/SG,231,17.575,59.0,17.6,0.4702,6.5,0.7821,1.66,0.97,8.38,3.2,1.94,0.6,0.36,0.99
Cormac Ryan,MIL,PG/SG,233,17.526,57.4,17.9,0.5033,6.7,0.8701,1.74,1.49,9.75,2.4,1.54,0.69,0.26,1.08
Max Strus,LAC,PF/SF,229,17.621,45.5,20.0,0.4379,6.5,0.7956,0.78,1.72,8.03,3.54,2.29,0.44,0.19,0.88
Alex Caruso,OKC,PF/SF,238,16.813,59.6,17.4,0.4365,5.18,0.7964,0.91,0.97,6.22,2.62,2.01,1.19,0.4,0.8
Goga Bitadze,ORL,C,247,15.101,65.2,13.1,0.6241,3.21,0.6897,1.26,0.09,4.96,4.12,1.21,0.47,0.82,0.62
Taurean Prince,DET,PF/SF,235,17.469,55.6,24.0,0.45,6.56,0.806,0.61,1.8,8.2,3.15,1.74,0.75,0.25,1.02
Jay Huff,IND,C,249,13.67,69.4,12.3,0.4823,4.47,0.8146,0.77,0.91,5.86,2.27,0.86,0.3,1.0,0.56
Dylan Cardwell,SAC,C/PF,239,16.754,54.0,15.3,0.5649,3.44,0.5835,0.96,0.16,4.62,5.26,1.17,0.52,1.02,0.68
Bogdan Bogdanović,HOU,PG/SF/SG,223,18.213,49.6,21.2,0.4164,8.05,0.8529,1.25,1.66,9.43,2.64,2.27,0.64,0.2,1.16
Grant Williams,CHA,PF,216,18.997,46.0,22.4,0.4444,6.19,0.8033,1.7,1.46,8.32,4.07,1.86,0.59,0.53,1.1
Dru Smith,MIA,PG/SG,244,15.614,55.9,15.2,0.4307,4.39,0.8202,1.33,0.59,5.45,2.32,2.2,1.22,0.29,0.77
Robert Williams,POR,C,245,15.277,53.8,12.3,0.6588,3.18,0.6649,0.74,0.17,4.85,4.57,0.8,0.43,0.97,0.61
Matisse Thybulle,LAL,SF/SG,246,15.107,44.0,15.5,0.4402,4.3,0.7621,0.78,1.03,5.41,2.02,1.09,1.48,0.47,0.74
