player,price,source,date
Nikola Jokic,1.9,ADP,2026-10-01
Victor Wembanyama,1.6,ADP,2026-10-01
Shai Gilgeous-Alexander,4.0,ADP,2026-10-01
Luka Doncic,3.5,ADP,2026-10-01
Giannis Antetokounmpo,7.5,ADP,2026-10-01
Anthony Davis,42.2,ADP,2026-10-01
Cade Cunningham,6.0,ADP,2026-10-01
Anthony Edwards,7.8,ADP,2026-10-01
Kevin Durant,16.6,ADP,2026-10-01
Jalen Williams,41.8,ADP,2026-10-01
Chet Holmgren,28.3,ADP,2026-10-01
Evan Mobley,30.1,ADP,2026-10-01
Donovan Mitchell,13.3,ADP,2026-10-01
Devin Booker,26.2,ADP,2026-10-01
Tyrese Maxey,8.6,ADP,2026-10-01
Karl-Anthony Towns,15.3,ADP,2026-10-01
Domantas Sabonis,25.4,ADP,2026-10-01
Alperen Sengun,18.8,ADP,2026-10-01
Jalen Brunson,21.4,ADP,2026-10-01
Trae Young,26.6,ADP,2026-10-01
Ja Morant,92.1,ADP,2026-10-01
Jaren Jackson Jr.,50.1,ADP,2026-10-01
Stephen Curry,23.6,ADP,2026-10-01
Bam Adebayo,30.1,ADP,2026-10-01
Cooper Flagg,10.3,ADP,2026-10-01
Scottie Barnes,14.3,ADP,2026-10-01
Franz Wagner,52.4,ADP,2026-10-01
Paolo Banchero,34.4,ADP,2026-10-01
Jalen Johnson,11.6,ADP,2026-10-01
Amen Thompson,23.6,ADP,2026-10-01
LeBron James,37.3,ADP,2026-10-01
Jaylen Brown,27.0,ADP,2026-10-01
Ivica Zubac,64.7,ADP,2026-10-01
De'Aaron Fox,80.1,ADP,2026-10-01
Jamal Murray,20.6,ADP,2026-10-01
James Harden,34.5,ADP,2026-10-01
Zion Williamson,68.9,ADP,2026-10-01
Kawhi Leonard,30.4,ADP,2026-10-01
Tyler Herro,69.5,ADP,2026-10-01
Desmond Bane,52.6,ADP,2026-10-01
Derrick White,47.2,ADP,2026-10-01
Jimmy Butler,115.9,ADP,2026-10-01
LaMelo Ball,26.3,ADP,2026-10-01
Darius Garland,66.2,ADP,2026-10-01
Josh Giddey,23.0,ADP,2026-10-01
Dyson Daniels,63.7,ADP,2026-10-01
Devin Vassell,116.3,ADP,2026-10-01
Jalen Duren,36.7,ADP,2026-10-01
Rudy Gobert,72.3,ADP,2026-10-01
Jarrett Allen,69.3,ADP,2026-10-01
Walker Kessler,38.8,ADP,2026-10-01
Myles Turner,100.6,ADP,2026-10-01
Deandre Ayton,114.4,ADP,2026-10-01
Mark Williams,108.6,ADP,2026-10-01
Kristaps Porzingis,98.6,ADP,2026-10-01
Joel Embiid,50.9,ADP,2026-10-01
Nikola Vucevic,114.3,ADP,2026-10-01
Jakob Poeltl,121.2,ADP,2026-10-01
Onyeka Okongwu,54.8,ADP,2026-10-01
Kel'el Ware,74.5,ADP,2026-10-01
Zach Edey,74.8,ADP,2026-10-01
Donovan Clingan,42.2,ADP,2026-10-01
Jusuf Nurkic,112.4,ADP,2026-10-01
Isaiah Hartenstein,105.7,ADP,2026-10-01
Daniel Gafford,109.0,ADP,2026-10-01
Dereck Lively II,166.0,XR,2026-10-01
Neemias Queta,117.3,ADP,2026-10-01
Mitchell Robinson,107.0,ADP,2026-10-01
Nic Claxton,89.4,ADP,2026-10-01
Alex Sarr,72.5,ADP,2026-10-01
Khaman Maluach,118.8,ADP,2026-10-01
Yves Missi,143.0,XR,2026-10-01
Clint Capela,294.0,XR,2026-10-01
Wendell Carter Jr.,114.6,ADP,2026-10-01
Goga Bitadze,265.0,XR,2026-10-01
Day'Ron Sharpe,94.4,ADP,2026-10-01
Tyrese Haliburton,15.7,ADP,2026-10-01
Jayson Tatum,9.3,ADP,2026-10-01
Kyrie Irving,52.1,ADP,2026-10-01
Damian Lillard,65.9,ADP,2026-10-01
Fred VanVleet,118.4,ADP,2026-10-01
Dejounte Murray,72.3,ADP,2026-10-01
Paul George,79.8,ADP,2026-10-01
Brandon Ingram,62.8,ADP,2026-10-01
Zach LaVine,101.9,ADP,2026-10-01
DeMar DeRozan,115.4,ADP,2026-10-01
Jalen Green,102.0,ADP,2026-10-01
Norman Powell,92.0,ADP,2026-10-01
Coby White,89.0,ADP,2026-10-01
Austin Reaves,22.6,ADP,2026-10-01
Jordan Poole,111.8,ADP,2026-10-01
CJ McCollum,108.1,ADP,2026-10-01
Anfernee Simons,110.0,ADP,2026-10-01
Malik Monk,213.0,XR,2026-10-01
Immanuel Quickley,96.9,ADP,2026-10-01
Jalen Suggs,110.8,ADP,2026-10-01
Stephon Castle,53.8,ADP,2026-10-01
Scoot Henderson,185.0,XR,2026-10-01
Reed Sheppard,121.7,ADP,2026-10-01
Andrew Nembhard,113.5,ADP,2026-10-01
Kevin Porter Jr.,120.3,ADP,2026-10-01
Ryan Rollins,79.0,ADP,2026-10-01
Dylan Harper,84.4,ADP,2026-10-01
VJ Edgecombe,73.3,ADP,2026-10-01
Keyonte George,56.8,ADP,2026-10-01
Isaiah Collier,184.0,XR,2026-10-01
Cason Wallace,118.3,ADP,2026-10-01
Bub Carrington,241.0,XR,2026-10-01
Jeremiah Fears,118.5,ADP,2026-10-01
Egor Demin,119.3,ADP,2026-10-01
Tre Johnson,220.0,XR,2026-10-01
Kon Knueppel,42.4,ADP,2026-10-01
Brandin Podziemski,117.3,ADP,2026-10-01
Moses Moody,261.0,XR,2026-10-01
De'Anthony Melton,245.0,XR,2026-10-01
Keon Ellis,257.0,XR,2026-10-01
Gradey Dick,239.0,XR,2026-10-01
Collin Sexton,116.8,ADP,2026-10-01
Dennis Schroder,171.0,XR,2026-10-01
Russell Westbrook,264.0,XR,2026-10-01
Jose Alvarado,277.0,XR,2026-10-01
Payton Pritchard,80.2,ADP,2026-10-01
Anthony Black,118.7,ADP,2026-10-01
Nickeil Alexander-Walker,59.7,ADP,2026-10-01
Mikal Bridges,79.7,ADP,2026-10-01
OG Anunoby,67.0,ADP,2026-10-01
Trey Murphy III,40.3,ADP,2026-10-01
Herbert Jones,134.0,XR,2026-10-01
Michael Porter Jr.,58.8,ADP,2026-10-01
Cameron Johnson,135.0,XR,2026-10-01
Andrew Wiggins,99.4,ADP,2026-10-01
Jaden McDaniels,90.3,ADP,2026-10-01
Bilal Coulibaly,203.0,XR,2026-10-01
Matas Buzelis,65.3,ADP,2026-10-01
Jaylen Wells,217.0,XR,2026-10-01
Zaccharie Risacher,273.0,XR,2026-10-01
Ace Bailey,118.2,ADP,2026-10-01
Cedric Coward,87.2,ADP,2026-10-01
Nique Clifford,227.0,XR,2026-10-01
Kyshawn George,119.0,ADP,2026-10-01
Brandon Miller,46.1,ADP,2026-10-01
Miles Bridges,98.2,ADP,2026-10-01
RJ Barrett,111.9,ADP,2026-10-01
Deni Avdija,40.1,ADP,2026-10-01
Shaedon Sharpe,214.0,XR,2026-10-01
Toumani Camara,109.2,ADP,2026-10-01
Kelly Oubre Jr.,113.7,ADP,2026-10-01
Aaron Nesmith,110.7,ADP,2026-10-01
Bennedict Mathurin,116.6,ADP,2026-10-01
Pascal Siakam,49.6,ADP,2026-10-01
Julius Randle,68.7,ADP,2026-10-01
Jonathan Kuminga,113.5,ADP,2026-10-01
Draymond Green,106.3,ADP,2026-10-01
Jabari Smith Jr.,93.4,ADP,2026-10-01
Tari Eason,118.7,ADP,2026-10-01
Dillon Brooks,114.2,ADP,2026-10-01
Quentin Grimes,119.3,ADP,2026-10-01
Kyle Kuzma,118.2,ADP,2026-10-01
Bobby Portis,111.4,ADP,2026-10-01
Aaron Gordon,112.1,ADP,2026-10-01
Peyton Watson,115.2,ADP,2026-10-01
Christian Braun,119.7,ADP,2026-10-01
Keegan Murray,120.2,ADP,2026-10-01
PJ Washington,115.5,ADP,2026-10-01
Naji Marshall,190.0,XR,2026-10-01
Klay Thompson,106.4,ADP,2026-10-01
Tim Hardaway Jr.,254.0,XR,2026-10-01
Rui Hachimura,109.4,ADP,2026-10-01
Santi Aldama,176.0,XR,2026-10-01
GG Jackson,219.0,XR,2026-10-01
Isaiah Stewart,113.7,ADP,2026-10-01
Ausar Thompson,88.1,ADP,2026-10-01
Ron Holland,269.0,XR,2026-10-01
Tobias Harris,113.6,ADP,2026-10-01
Duncan Robinson,215.0,XR,2026-10-01
De'Andre Hunter,172.0,XR,2026-10-01
Max Strus,209.0,XR,2026-10-01
Sam Merrill,270.0,XR,2026-10-01
Jaime Jaquez Jr.,109.5,ADP,2026-10-01
Nikola Jovic,234.0,XR,2026-10-01
Grayson Allen,115.5,ADP,2026-10-01
Royce O'Neale,216.0,XR,2026-10-01
Quinten Post,292.0,XR,2026-10-01
Tristan da Silva,237.0,XR,2026-10-01
Josh Hart,96.1,ADP,2026-10-01
Ziaire Williams,271.0,XR,2026-10-01
Lauri Markkanen,37.9,ADP,2026-10-01
Jrue Holiday,116.7,ADP,2026-10-01
Naz Reid,62.1,ADP,2026-10-01
Brook Lopez,108.0,ADP,2026-10-01
Donte DiVincenzo,251.0,XR,2026-10-01
Jordan Clarkson,246.0,XR,2026-10-01
Bradley Beal,212.0,XR,2026-10-01
Marcus Smart,218.0,XR,2026-10-01
Al Horford,106.0,ADP,2026-10-01
John Collins,116.1,ADP,2026-10-01
AJ Dybantsa,78.9,ADP,2026-10-01
Darryn Peterson,101.9,ADP,2026-10-01
Cameron Boozer,57.1,ADP,2026-10-01
Caleb Wilson,79.3,ADP,2026-10-01
Mikel Brown Jr.,118.0,ADP,2026-10-01
Darius Acuff Jr.,109.7,ADP,2026-10-01
Jerami Grant,118.3,ADP,2026-10-01
Yaxel Lendeborg,116.0,ADP,2026-10-01
Alex Caruso,107.3,ADP,2026-10-01
Kyle Filipowski,114.3,ADP,2026-10-01
Jared McCain,113.1,ADP,2026-10-01
Ayo Dosunmu,115.7,ADP,2026-10-01
Luguentz Dort,224.0,XR,2026-10-01
Derik Queen,82.2,ADP,2026-10-01
Moussa Diabate,114.5,ADP,2026-10-01
Derrick Jones Jr,225.0,XR,2026-10-01
Khris Middleton,247.0,XR,2026-10-01
Terrence Shannon Jr,222.0,XR,2026-10-01
Davion Mitchell,117.8,ADP,2026-10-01
Keldon Johnson,206.0,XR,2026-10-01
Sam Hauser,181.0,XR,2026-10-01
Ty Jerome,113.5,ADP,2026-10-01
Sandro Mamukelashvili,120.3,ADP,2026-10-01
Collin Murray-Boyles,115.4,ADP,2026-10-01
Ajay Mitchell,117.8,ADP,2026-10-01
Saddiq Bey,119.5,ADP,2026-10-01
Maxime Raynaud,118.0,ADP,2026-10-01
Collin Gillespie,119.2,ADP,2026-10-01
Paul Reed,113.7,ADP,2026-10-01
Keaton Wagler,117.8,ADP,2026-10-01
Adem Bona,285.0,XR,2026-10-01
Julian Champagnie,109.3,ADP,2026-10-01
Allen Graves,249.0,XR,2026-10-01
Tre Jones,118.2,ADP,2026-10-01
Robert Williams III,202.0,XR,2026-10-01
AJ Green,106.8,ADP,2026-10-01
Joan Beringer,182.0,XR,2026-10-01
Isaiah Joe,255.0,XR,2026-10-01
Jay Huff,189.0,XR,2026-10-01
Bronny James,103.5,ADP,2026-10-01
Aday Mara,108.6,ADP,2026-10-01
Luke Kennard,107.5,ADP,2026-10-01
Aaron Wiggins,110.6,ADP,2026-10-01
Brayden Burries,242.0,XR,2026-10-01
Daniss Jenkins,167.0,XR,2026-10-01
Oso Ighodaro,170.0,XR,2026-10-01
Scotty Pippen Jr.,183.0,XR,2026-10-01
Miles McBride,188.0,XR,2026-10-01
T.J. McConnell,231.0,XR,2026-10-01
Jalen Smith,228.0,XR,2026-10-01
Kris Dunn,191.0,XR,2026-10-01
Max Christie,252.0,XR,2026-10-01
Ryan Kalkbrenner,229.0,XR,2026-10-01
Noah Clowney,230.0,XR,2026-10-01
Luke Kornet,253.0,XR,2026-10-01
Jake LaRavia,175.0,XR,2026-10-01
Dylan Cardwell,197.0,XR,2026-10-01
Jaxson Hayes,281.0,XR,2026-10-01
Kevin Huerter,195.0,XR,2026-10-01
Jaylon Tyson,226.0,XR,2026-10-01
Jarace Walker,268.0,XR,2026-10-01
Ja'Kobe Walter,274.0,XR,2026-10-01
Jordan Goodwin,263.0,XR,2026-10-01
Jaylin Williams,223.0,XR,2026-10-01
Cam Spencer,233.0,XR,2026-10-01
Karlo Matkovic,284.0,XR,2026-10-01
Baylor Scheierman,296.0,XR,2026-10-01
Gui Santos,141.0,XR,2026-10-01
Justin Champagnie,256.0,XR,2026-10-01
Javonte Green,258.0,XR,2026-10-01
Harrison Barnes,260.0,XR,2026-10-01
Precious Achiuwa,204.0,XR,2026-10-01
Gary Payton II,266.0,XR,2026-10-01
Bruce Brown,267.0,XR,2026-10-01
Dominick Barlow,275.0,XR,2026-10-01
Jamal Shead,238.0,XR,2026-10-01
John Konchar,276.0,XR,2026-10-01
Jonas Valanciunas,278.0,XR,2026-10-01
Dru Smith,279.0,XR,2026-10-01
Pelle Larsson,147.0,XR,2026-10-01
Vit Krejci,280.0,XR,2026-10-01
Jock Landale,282.0,XR,2026-10-01
Dean Wade,283.0,XR,2026-10-01
Isaac Okoro,286.0,XR,2026-10-01
Brandon Williams,288.0,XR,2026-10-01
Ryan Dunn,287.0,XR,2026-10-01
Nicolas Batum,289.0,XR,2026-10-01
Mouhamed Gueye,291.0,XR,2026-10-01
Simone Fontecchio,290.0,XR,2026-10-01
Kentavious Caldwell-Pope,248.0,XR,2026-10-01
Marvin Bagley III,244.0,XR,2026-10-01
Terance Mann,293.0,XR,2026-10-01
Will Richard,295.0,XR,2026-10-01
Luka Garza,297.0,XR,2026-10-01
Jordan Walsh,298.0,XR,2026-10-01
Bones Hyland,235.0,XR,2026-10-01
Craig Porter Jr.,299.0,XR,2026-10-01
Ben Simmons,232.0,XR,2026-10-01
Will Riley,221.0,XR,2026-10-01
Kingston Flemings,243.0,XR,2026-10-01
Zach Collins,240.0,XR,2026-10-01
