player,age,team,gp,mpg,fga,fg_pct,fta,ft_pct,tpm,pts,reb,ast,stl,blk,tov
Luka Dončić,26,LAL,64,35.8,22.8,.476,10.1,.780,4.0,33.5,7.7,8.3,1.6,0.5,4.0
Shai Gilgeous-Alexander,27,OKC,68,33.2,19.4,.553,9.0,.879,1.7,31.1,4.3,6.6,1.4,0.8,2.2
Anthony Edwards,24,MIN,61,35.0,20.2,.489,7.2,.796,3.4,28.8,5.0,3.7,1.4,0.8,2.9
Jaylen Brown,29,BOS,71,34.4,21.7,.477,7.5,.795,2.0,28.7,6.9,5.1,1.0,0.4,3.6
Tyrese Maxey,25,PHI,70,38.0,21.4,.462,6.0,.892,3.1,28.3,4.1,6.6,1.9,0.8,2.4
Kawhi Leonard,34,LAC,65,32.1,19.4,.505,6.4,.892,2.6,27.9,6.4,3.6,1.9,0.4,2.0
Donovan Mitchell,29,CLE,70,33.5,20.0,.483,6.1,.865,3.2,27.9,4.5,5.7,1.5,0.3,2.8
Nikola Jokić,30,DEN,65,34.8,17.4,.569,7.4,.831,1.7,27.7,12.9,10.7,1.4,0.8,3.7
Giannis Antetokounmpo,31,MIL,36,28.9,16.6,.624,9.9,.650,0.4,27.6,9.8,5.4,0.9,0.7,3.2
Joel Embiid,31,PHI,38,31.6,18.3,.489,8.8,.854,1.4,26.9,7.7,3.9,0.6,1.2,2.9
Lauri Markkanen,28,UTA,42,34.4,19.2,.477,6.4,.896,2.7,26.7,6.9,2.1,1.0,0.5,1.5
Stephen Curry,37,GSW,43,30.9,18.6,.468,5.1,.923,4.4,26.6,3.6,4.7,1.1,0.4,2.8
Devin Booker,29,PHO,64,33.5,18.7,.456,8.1,.873,1.9,26.1,3.9,6.0,0.8,0.3,3.1
Jalen Brunson,29,NYK,74,35.0,19.9,.467,5.7,.841,2.6,26.0,3.3,6.8,0.8,0.1,2.4
Kevin Durant,37,HOU,78,36.4,17.6,.520,6.0,.874,2.4,26.0,5.5,4.8,0.8,0.9,3.2
Jamal Murray,28,DEN,75,35.4,18.1,.483,5.2,.887,3.3,25.4,4.4,7.1,0.9,0.4,2.3
Victor Wembanyama,22,SAS,64,29.2,16.9,.512,7.0,.827,1.9,25.0,11.5,3.1,1.0,3.1,2.4
Deni Avdija,25,POR,66,33.3,16.1,.462,9.2,.802,1.9,24.2,6.9,6.7,0.8,0.6,3.8
Michael Porter Jr.,27,BRK,52,32.5,18.4,.463,4.4,.859,3.4,24.2,7.1,3.0,1.1,0.3,2.3
Pascal Siakam,31,IND,62,33.2,18.6,.484,6.1,.693,1.7,24.0,6.6,3.8,1.1,0.4,2.2
Cade Cunningham,24,DET,64,33.9,18.6,.461,6.0,.812,2.0,23.9,5.5,9.9,1.4,0.8,3.7
James Harden,36,2TM,70,34.8,16.0,.434,7.5,.884,3.1,23.6,4.8,8.0,1.1,0.4,3.5
Keyonte George,22,UTA,54,33.1,16.3,.456,7.0,.892,2.5,23.6,3.7,6.1,1.1,0.3,3.1
Austin Reaves,27,LAL,51,34.5,14.9,.490,7.3,.871,2.3,23.3,4.7,5.5,1.1,0.4,3.0
Jalen Johnson,24,ATL,72,35.2,17.1,.489,5.3,.788,1.7,22.5,10.3,7.9,1.2,0.4,3.4
Paolo Banchero,23,ORL,72,34.8,16.0,.459,8.2,.775,1.2,22.2,8.4,5.2,0.7,0.6,3.1
Jayson Tatum,27,BOS,16,32.6,17.9,.411,4.9,.823,2.9,21.8,10.0,5.3,1.4,0.2,2.4
Norman Powell,32,MIA,58,29.6,15.4,.470,5.5,.827,2.7,21.7,3.5,2.5,1.1,0.2,1.9
Brandon Ingram,28,TOR,77,33.8,16.7,.477,4.6,.820,1.8,21.5,5.6,3.7,0.8,0.7,2.4
Trey Murphy III,25,NOP,66,35.5,15.9,.470,3.7,.886,3.2,21.5,5.7,3.8,1.5,0.4,1.8
Julius Randle,31,MIN,79,33.0,15.3,.481,6.3,.802,1.4,21.1,6.7,5.0,1.1,0.2,2.7
Cooper Flagg,19,DAL,70,33.5,17.1,.468,4.9,.827,1.0,21.0,6.7,4.5,1.2,0.9,2.3
Zion Williamson,25,NOP,62,29.7,13.0,.600,7.5,.716,0.0,21.0,5.7,3.2,1.0,0.5,2.0
LeBron James,41,LAL,60,33.2,15.3,.515,5.3,.737,1.3,20.9,6.1,7.2,1.2,0.6,3.0
Nickeil Alexander-Walker,27,ATL,78,33.4,15.3,.459,3.9,.902,3.2,20.8,3.4,3.7,1.3,0.5,2.1
Shaedon Sharpe,22,POR,50,29.4,17.4,.452,3.9,.787,2.1,20.8,4.3,2.6,1.4,0.1,2.9
Franz Wagner,24,ORL,34,30.0,14.9,.481,5.8,.823,1.4,20.6,5.2,3.3,0.9,0.3,1.7
Tyler Herro,26,MIA,33,31.3,15.6,.480,3.3,.917,2.5,20.5,4.8,4.1,0.7,0.4,1.9
Anthony Davis,32,DAL,20,31.3,16.7,.506,4.1,.728,0.5,20.4,11.1,2.8,1.1,1.7,2.1
Alperen Şengün,23,HOU,72,33.3,15.6,.519,5.2,.691,0.6,20.4,8.9,6.2,1.2,1.1,3.2
Dillon Brooks,30,PHO,56,30.4,17.1,.435,3.6,.842,2.3,20.2,3.6,1.8,1.0,0.2,1.8
Brandon Miller,23,CHO,65,30.3,16.1,.435,3.4,.892,3.1,20.2,4.9,3.3,1.0,0.7,2.5
Bam Adebayo,28,MIA,73,32.4,15.7,.442,5.8,.778,1.7,20.1,10.0,3.2,1.2,0.7,1.6
LaMelo Ball,24,CHO,72,28.0,17.3,.407,2.5,.899,3.8,20.1,4.8,7.1,1.2,0.2,2.8
Desmond Bane,27,ORL,82,33.6,14.7,.484,4.2,.908,2.0,20.1,4.1,4.1,1.0,0.5,2.0
Karl-Anthony Towns,30,NYK,75,31.0,13.8,.501,5.5,.858,1.5,20.1,11.9,3.0,0.9,0.5,2.5
Jimmy Butler,36,GSW,38,31.1,12.2,.519,7.6,.864,0.8,20.0,5.6,4.9,1.4,0.2,1.6
Ty Jerome,28,MEM,15,22.6,14.3,.474,3.7,.875,2.8,19.7,2.8,5.7,1.1,0.3,1.8
Jalen Duren,22,DET,70,28.2,11.5,.650,6.1,.747,0.0,19.5,10.5,2.0,0.8,0.8,1.9
Ja Morant,26,MEM,20,28.5,16.1,.410,5.9,.897,1.0,19.5,3.3,8.1,1.0,0.3,3.6
Jaren Jackson Jr.,26,2TM,48,30.3,15.0,.476,4.2,.803,1.8,19.4,5.7,2.0,1.1,1.4,2.2
RJ Barrett,25,TOR,57,30.3,14.3,.491,4.9,.717,1.7,19.3,5.3,3.3,0.7,0.3,1.7
Zach LaVine,30,SAC,39,31.4,14.0,.479,3.6,.880,2.5,19.2,2.8,2.3,0.7,0.3,1.9
Darius Garland,26,2TM,45,29.9,14.9,.460,2.7,.861,2.7,18.8,2.4,6.7,1.0,0.2,2.9
CJ McCollum,34,2TM,76,29.8,15.2,.455,3.1,.772,2.5,18.7,3.3,3.9,0.8,0.5,1.8
De'Aaron Fox,28,SAS,72,31.0,14.5,.486,3.4,.760,1.8,18.6,3.8,6.2,1.2,0.3,2.3
Jerami Grant,31,POR,57,29.7,12.8,.453,5.6,.814,2.4,18.6,3.5,2.1,0.7,0.6,2.1
Kon Knueppel,20,CHO,81,31.5,13.4,.475,2.8,.863,3.4,18.5,5.3,3.4,0.7,0.2,2.0
DeMar DeRozan,36,SAC,77,31.2,13.1,.497,5.6,.868,0.6,18.4,2.9,4.1,1.0,0.3,1.2
Amen Thompson,23,HOU,79,37.4,13.2,.534,4.9,.779,0.3,18.3,7.8,5.3,1.5,0.6,2.4
Evan Mobley,24,CLE,65,31.9,13.2,.546,4.6,.606,1.0,18.2,9.0,3.6,0.7,1.7,1.9
Scottie Barnes,24,TOR,80,33.5,14.0,.507,3.7,.815,0.9,18.1,7.5,5.9,1.4,1.5,2.6
Trae Young,27,2TM,15,25.6,11.8,.458,6.5,.825,1.8,17.9,2.0,8.0,0.9,0.1,2.6
Jalen Green,23,PHO,32,25.9,16.0,.422,2.7,.747,2.2,17.8,3.6,2.8,1.1,0.3,2.3
Saddiq Bey,26,NOP,72,31.2,13.4,.451,4.1,.841,2.1,17.7,5.6,2.5,0.9,0.1,0.9
Bennedict Mathurin,23,2TM,54,30.0,12.5,.430,6.2,.869,1.4,17.6,5.4,2.4,0.8,0.2,2.2
Coby White,25,2TM,50,25.0,12.5,.446,4.8,.817,2.3,17.4,3.4,4.0,0.5,0.1,2.6
Kevin Porter Jr.,25,MIL,38,33.2,13.5,.465,4.1,.878,1.2,17.4,5.2,7.4,2.2,0.5,2.9
Paul George,35,PHI,37,30.7,13.9,.439,3.0,.820,2.7,17.3,5.3,3.6,1.7,0.4,1.7
Ryan Rollins,23,MIL,74,32.1,13.9,.472,2.1,.796,2.5,17.3,4.6,5.6,1.5,0.4,2.7
Miles Bridges,27,CHO,77,31.0,13.5,.460,3.3,.822,1.9,17.1,5.8,3.2,0.6,0.4,1.4
Chet Holmgren,23,OKC,69,28.9,11.3,.557,4.1,.792,1.3,17.1,8.9,1.7,0.6,1.9,1.6
Jalen Williams,24,OKC,33,28.4,13.5,.484,3.9,.837,0.7,17.1,4.6,5.5,1.2,0.3,1.9
Josh Giddey,23,CHI,54,32.1,13.3,.448,4.2,.763,1.9,17.0,8.3,9.1,1.0,0.5,3.6
Payton Pritchard,28,BOS,79,32.4,13.8,.464,1.7,.890,2.7,17.0,3.9,5.2,0.7,0.1,1.4
Andrew Nembhard,26,IND,57,31.3,13.2,.442,4.1,.825,1.9,16.9,2.8,7.7,0.9,0.1,2.4
Kristaps Porziņģis,30,2TM,32,24.0,12.1,.446,4.9,.842,1.7,16.7,5.2,2.5,0.6,1.2,1.3
OG Anunoby,28,NYK,67,33.2,12.0,.484,3.3,.828,2.3,16.7,5.2,2.2,1.6,0.7,1.8
Stephon Castle,21,SAS,68,30.0,12.0,.471,5.6,.734,1.2,16.7,5.3,7.4,1.1,0.3,3.2
Dejounte Murray,29,NOP,14,27.8,13.0,.484,3.2,.867,1.4,16.7,5.4,6.4,1.6,0.2,3.4
Grayson Allen,30,PHO,51,28.8,13.1,.403,3.3,.857,3.1,16.5,3.0,3.8,1.4,0.3,1.6
Derrick White,31,BOS,77,34.1,14.4,.394,2.6,.902,2.7,16.5,4.4,5.4,1.1,1.3,1.7
Immanuel Quickley,26,TOR,70,31.9,12.9,.443,3.0,.821,2.5,16.4,4.0,5.9,1.3,0.1,1.5
Matas Buzelis,21,CHI,77,29.2,12.5,.463,3.1,.786,2.2,16.3,5.8,2.1,0.7,1.5,2.1
Jrue Holiday,35,POR,53,29.4,13.4,.451,2.0,.838,2.6,16.3,4.6,6.1,1.0,0.1,2.8
Alex Sarr,20,WAS,48,27.2,13.7,.482,3.0,.692,1.0,16.3,7.4,2.7,0.8,2.0,1.7
Dariq Whitehead,21,MEM,6,30.5,15.5,.398,1.2,.714,3.2,16.3,4.0,1.5,0.7,0.0,1.7
Aaron Gordon,30,DEN,36,27.9,11.1,.497,4.5,.767,1.7,16.2,5.8,2.7,0.6,0.3,1.1
VJ Edgecombe,20,PHI,75,35.0,13.7,.438,2.4,.818,2.0,16.0,5.6,4.2,1.4,0.5,1.8
Domantas Sabonis,29,SAC,19,29.7,11.6,.543,4.1,.727,0.3,15.8,11.4,4.1,0.9,0.2,2.7
Jabari Smith Jr.,22,HOU,77,35.1,12.6,.450,2.7,.775,2.3,15.8,6.9,1.9,0.7,0.9,1.4
Collin Sexton,27,2TM,68,23.7,10.9,.485,3.8,.855,1.6,15.4,2.3,3.3,1.1,0.1,2.1
Jarrett Allen,27,CLE,56,27.1,9.4,.638,4.7,.709,0.0,15.4,8.5,1.8,1.0,0.8,1.3
Jaime Jaquez Jr.,24,MIA,75,28.3,12.2,.507,2.9,.769,0.8,15.4,5.0,4.7,0.7,0.3,2.0
Andrew Wiggins,30,MIA,68,30.3,12.1,.475,2.4,.784,2.0,15.4,4.8,2.7,1.1,1.0,1.5
Naji Marshall,28,DAL,74,29.5,11.1,.510,4.1,.760,0.8,15.2,4.7,3.3,1.1,0.1,1.6
Onyeka Okongwu,25,ATL,74,31.0,11.6,.480,2.7,.757,1.9,15.2,7.6,3.1,1.1,1.1,1.7
Russell Westbrook,37,SAC,64,29.0,13.1,.427,2.9,.694,2.0,15.2,5.4,6.7,1.3,0.2,3.3
Nikola Vučević,35,2TM,64,28.4,12.5,.493,1.5,.828,1.6,15.1,8.4,3.3,0.6,0.6,1.3
Anthony Black,22,ORL,64,29.8,12.1,.447,3.6,.732,1.6,15.0,3.8,3.7,1.4,0.7,2.1
Kennedy Chandler,23,UTA,11,32.3,12.5,.445,3.9,.651,1.4,15.0,3.4,6.7,1.0,0.2,2.1
Brice Sensabaugh,22,UTA,75,23.5,11.4,.460,2.7,.826,2.2,14.9,3.1,1.9,0.7,0.2,1.7
Ayo Dosunmu,26,2TM,69,27.3,10.8,.517,2.1,.876,1.8,14.8,3.4,3.6,0.8,0.3,1.4
Kyshawn George,22,WAS,48,29.0,12.0,.438,2.7,.802,2.1,14.8,5.1,4.5,1.0,0.9,2.6
Jaden McDaniels,25,MIN,73,31.7,11.1,.515,2.4,.835,1.4,14.8,4.2,2.7,1.1,1.0,1.8
Peyton Watson,23,DEN,54,29.6,10.8,.491,3.5,.730,1.5,14.6,4.9,2.1,0.9,1.1,1.7
Mikal Bridges,29,NYK,82,32.8,11.7,.490,1.2,.827,1.9,14.4,3.8,3.7,1.3,0.8,1.0
Walker Kessler,24,UTA,5,30.8,7.4,.703,4.0,.700,1.2,14.4,10.8,3.0,1.4,1.8,3.2
Anfernee Simons,26,2TM,55,24.9,11.8,.440,1.4,.896,2.7,14.3,2.5,2.4,0.5,0.1,1.2
Jeremiah Fears,19,NOP,82,25.8,12.3,.434,3.0,.789,1.2,14.3,3.7,3.4,1.2,0.4,2.2
Cormac Ryan,27,MIL,11,24.6,9.3,.520,2.4,.923,2.5,14.3,2.5,1.7,1.0,0.3,1.5
Scoot Henderson,21,POR,30,24.9,11.4,.418,3.3,.840,1.9,14.2,2.7,3.7,0.9,0.3,2.4
P.J. Washington,27,DAL,56,31.0,11.8,.450,3.3,.687,1.4,14.2,7.0,1.8,1.0,1.1,1.7
Ivica Zubac,28,2TM,48,30.1,10.0,.598,3.0,.711,0.0,14.1,10.6,2.2,0.4,0.8,1.8
Tre Jones,26,CHI,65,27.0,9.5,.553,3.5,.841,0.6,14.1,3.1,5.4,1.2,0.2,1.4
Kelly Oubre Jr.,30,PHI,50,31.5,10.9,.467,2.9,.766,1.7,14.1,5.0,1.6,1.4,0.5,1.4
Santi Aldama,25,MEM,43,27.9,11.1,.479,2.7,.667,1.6,14.0,6.7,2.9,0.9,0.7,1.3
Keegan Murray,25,SAC,23,34.5,13.0,.420,2.1,.776,1.3,14.0,5.7,1.7,1.0,1.6,1.2
Devin Vassell,25,SAS,67,30.5,11.3,.437,1.9,.815,2.5,13.9,4.0,2.5,0.9,0.4,0.9
Ace Bailey,19,UTA,72,27.6,12.4,.443,1.2,.750,1.9,13.8,4.2,1.8,0.8,0.7,1.5
Aaron Nesmith,26,IND,45,29.7,11.4,.414,2.5,.829,2.3,13.8,4.2,1.9,0.6,0.5,1.4
Brandin Podziemski,22,GSW,82,28.5,10.6,.455,2.9,.797,1.9,13.8,5.1,3.7,1.1,0.2,1.6
Jalen Suggs,24,ORL,57,27.6,11.4,.435,2.1,.855,2.1,13.8,3.9,5.5,1.8,0.7,2.7
De'Andre Hunter,28,2TM,45,26.1,11.1,.415,3.2,.867,1.7,13.7,4.1,2.0,0.7,0.1,1.7
Bobby Portis,30,MIL,67,24.2,11.2,.488,1.0,.706,2.0,13.7,6.4,1.6,0.6,0.2,1.0
John Collins,28,LAC,69,27.1,9.6,.552,2.2,.766,1.3,13.6,5.3,1.0,0.9,0.7,1.4
Cedric Coward,22,MEM,62,25.8,10.5,.471,2.7,.843,1.5,13.6,5.9,2.8,0.6,0.4,1.7
Zach Edey,23,MEM,11,25.8,8.9,.633,2.9,.781,0.1,13.6,11.1,1.1,0.6,1.9,2.4
Ajay Mitchell,23,OKC,57,25.8,10.4,.485,2.8,.870,1.1,13.6,3.3,3.6,1.2,0.3,1.4
Naz Reid,26,MIN,77,26.1,11.3,.456,1.6,.732,2.1,13.6,6.2,2.2,1.0,1.0,1.6
Cam Thomas,24,2TM,42,21.0,11.0,.410,4.0,.811,1.2,13.5,1.7,2.6,0.2,0.1,1.8
Tim Hardaway Jr.,33,DEN,80,26.6,9.7,.447,2.5,.811,2.8,13.5,2.6,1.4,0.5,0.1,0.5
Reed Sheppard,21,HOU,82,26.2,11.5,.430,1.0,.802,2.8,13.5,2.9,3.4,1.5,0.7,1.5
Toumani Camara,25,POR,82,33.3,10.9,.440,1.7,.708,2.7,13.4,5.1,2.5,1.1,0.4,1.8
Quentin Grimes,25,PHI,75,29.4,10.1,.450,3.2,.840,1.7,13.4,3.6,3.3,0.9,0.4,1.8
Jordan Poole,26,NOP,39,23.9,11.4,.372,2.9,.860,2.5,13.4,2.0,3.1,0.6,0.4,1.8
Tobias Harris,33,DET,63,27.7,10.5,.469,2.5,.866,1.3,13.3,5.1,2.5,0.9,0.4,1.0
Keldon Johnson,26,SAS,82,23.3,9.7,.519,2.4,.794,1.2,13.2,5.4,1.4,0.6,0.1,0.9
Jaylon Tyson,23,CLE,66,26.9,10.2,.493,1.6,.738,2.0,13.2,5.1,2.2,0.8,0.4,1.5
Kyle Kuzma,30,MIL,69,26.2,10.0,.492,2.7,.726,1.2,13.0,4.5,2.7,0.7,0.4,1.7
Brandon Williams,26,DAL,66,22.2,9.3,.472,4.6,.793,0.5,13.0,2.9,3.9,0.9,0.3,1.9
Sam Merrill,29,CLE,52,26.5,9.3,.461,1.3,.855,3.0,12.8,2.6,2.4,0.6,0.1,0.8
Collin Gillespie,26,PHO,80,28.5,10.5,.418,1.1,.874,2.9,12.7,4.1,4.6,1.2,0.2,1.6
Deandre Ayton,27,LAL,72,27.2,8.3,.671,2.0,.645,0.0,12.5,8.0,0.8,0.6,1.0,1.2
GG Jackson II,21,MEM,55,21.4,9.3,.496,2.7,.742,1.2,12.5,4.3,1.5,0.6,0.8,1.5
Malik Monk,27,SAC,62,22.0,10.2,.438,1.7,.879,2.0,12.5,1.9,3.0,0.6,0.4,1.5
Maxime Raynaud,22,SAC,74,26.5,9.1,.571,2.3,.786,0.3,12.5,7.5,1.4,0.5,0.5,1.3
Jaylen Wells,22,MEM,69,26.4,10.1,.431,2.5,.784,1.9,12.5,3.2,1.6,0.9,0.1,1.1
Max Christie,22,DAL,77,29.1,9.4,.441,1.8,.899,2.3,12.3,3.2,2.0,0.6,0.4,1.2
Noah Clowney,21,BRK,66,27.0,9.6,.396,3.4,.804,2.0,12.3,4.1,1.6,0.8,0.7,1.5
De'Anthony Melton,27,GSW,49,23.0,10.8,.407,2.5,.826,1.5,12.3,3.2,2.6,1.6,0.4,1.9
Jonathan Kuminga,23,2TM,36,23.1,9.4,.463,3.4,.724,1.0,12.2,5.6,2.3,0.6,0.3,1.9
Donte DiVincenzo,29,MIN,82,30.4,10.2,.406,1.3,.743,3.0,12.2,4.1,3.8,1.3,0.4,1.4
Cameron Johnson,29,DEN,54,30.5,8.8,.480,2.1,.839,2.0,12.2,3.8,2.4,0.7,0.4,0.9
Tre Johnson,19,WAS,60,24.1,10.8,.419,1.5,.874,1.9,12.2,2.8,2.0,0.6,0.3,1.6
Duncan Robinson,31,DET,77,27.4,9.1,.456,1.4,.755,2.9,12.2,2.7,2.1,0.6,0.3,0.7
Donovan Clingan,21,POR,77,27.2,8.9,.520,2.6,.680,1.1,12.1,11.6,2.1,0.6,1.7,1.2
Moses Moody,23,GSW,60,25.7,9.3,.440,1.9,.770,2.5,12.1,3.3,1.6,1.0,0.6,1.0
Christian Braun,24,DEN,44,31.8,8.8,.519,2.3,.782,1.0,12.0,4.8,2.7,0.7,0.3,1.0
Josh Hart,30,NYK,66,30.2,9.0,.508,1.9,.720,1.5,12.0,7.4,4.8,1.1,0.3,1.9
Miles McBride,25,NYK,41,26.3,9.9,.423,1.1,.787,2.7,12.0,2.4,2.6,0.9,0.2,0.8
Tristen Newton,24,HOU,1,12.0,9.0,.444,3.0,.667,2.0,12.0,3.0,0.0,1.0,0.0,0.0
Dyson Daniels,22,ATL,76,33.2,10.2,.517,1.6,.615,0.3,11.9,6.8,5.9,2.0,0.4,1.8
Blake Hinson,26,UTA,14,20.4,8.2,.513,1.1,.750,2.6,11.9,2.4,1.1,0.4,0.1,0.4
Myles Turner,29,MIL,71,26.9,9.1,.440,2.5,.740,2.1,11.9,5.3,1.5,0.7,1.6,1.2
Wendell Carter Jr.,26,ORL,78,29.3,8.2,.512,3.2,.792,0.9,11.8,7.4,2.0,0.8,0.6,1.3
Dylan Harper,19,SAS,69,22.6,9.5,.505,1.7,.756,0.9,11.8,3.4,3.9,0.8,0.3,1.4
Julian Reese,22,WAS,13,30.9,9.2,.529,3.4,.636,0.0,11.8,10.5,1.8,1.4,0.6,2.5
Nic Claxton,26,BRK,69,27.8,8.4,.571,3.3,.616,0.0,11.7,6.9,3.7,0.7,1.1,1.4
Isaiah Collier,21,UTA,59,25.7,8.7,.495,3.5,.722,0.5,11.7,2.5,7.2,1.1,0.3,2.5
Bilal Coulibaly,21,WAS,56,26.2,9.7,.425,3.2,.746,1.2,11.7,4.3,2.6,1.3,1.0,1.4
Derik Queen,21,NOP,81,25.0,9.2,.473,3.4,.795,0.3,11.7,7.1,3.7,1.0,0.9,2.3
Klay Thompson,35,DAL,69,21.7,10.6,.393,0.7,.766,2.9,11.7,2.1,1.4,0.5,0.3,0.9
Mark Williams,24,PHO,60,23.6,7.3,.644,2.9,.771,0.0,11.7,8.0,1.0,0.9,0.9,1.1
Obi Toppin,27,IND,24,17.7,8.3,.503,1.9,.913,1.5,11.6,4.4,2.3,0.5,0.0,1.2
Jarace Walker,22,IND,76,25.7,9.6,.419,2.4,.749,1.8,11.6,5.1,2.5,0.8,0.3,1.8
Rui Hachimura,27,LAL,68,28.3,8.8,.514,1.1,.694,1.7,11.5,3.3,0.8,0.6,0.3,0.6
Kyle Filipowski,22,UTA,77,23.4,8.5,.492,2.8,.750,1.0,11.4,7.2,2.6,0.9,0.5,1.6
Pelle Larsson,24,MIA,70,26.4,8.0,.496,3.3,.797,0.9,11.4,3.5,3.4,0.7,0.2,1.4
Scotty Pippen Jr.,25,MEM,10,21.2,9.6,.448,2.3,.783,1.0,11.4,2.2,4.7,1.9,0.4,2.7
Sandro Mamukelashvili,26,TOR,80,21.9,7.9,.523,2.0,.747,1.4,11.2,4.9,1.9,0.8,0.5,0.8
Max Strus,29,CLE,12,24.0,8.8,.443,0.8,.778,2.8,11.2,5.4,2.0,0.3,0.0,0.8
Julian Champagnie,24,SAS,82,27.6,8.4,.437,1.6,.844,2.4,11.1,5.8,1.5,0.8,0.5,0.8
Isaiah Joe,26,OKC,71,21.2,7.6,.455,1.7,.894,2.5,11.1,2.5,1.3,0.7,0.2,0.6
Cam Spencer,25,MEM,72,23.8,7.7,.473,1.9,.940,2.0,11.1,2.5,5.6,0.7,0.2,1.3
Kel'el Ware,21,MIA,77,22.1,8.4,.530,1.2,.740,1.2,11.1,9.0,0.7,0.8,1.1,0.8
Alondes Williams,26,WAS,4,25.3,6.5,.615,2.0,.875,1.3,11.0,6.3,3.0,0.8,0.8,1.3
Rudy Gobert,33,MIN,76,31.3,6.5,.682,4.0,.526,0.0,10.9,11.5,1.7,0.8,1.6,1.4
Jusuf Nurkić,31,UTA,41,26.4,8.7,.503,2.8,.549,0.6,10.9,10.4,4.8,1.3,0.5,2.5
Dennis Schröder,32,2TM,70,24.2,9.0,.405,2.9,.834,1.1,10.8,2.7,4.9,0.8,0.2,1.8
Tyler Burton,25,MEM,12,25.6,9.3,.375,2.3,.852,1.8,10.8,4.2,1.0,0.9,0.3,0.9
Daeqwon Plowden,27,SAC,32,26.4,8.7,.430,1.5,.857,1.9,10.8,3.0,1.3,0.7,0.2,0.8
Bub Carrington,20,WAS,82,27.7,9.0,.424,1.4,.730,2.1,10.7,3.4,4.6,0.6,0.2,2.3
Jakob Poeltl,30,TOR,46,25.0,6.7,.700,2.1,.602,0.0,10.7,7.0,2.0,0.9,0.7,1.2
Jock Landale,30,2TM,68,22.1,8.1,.515,1.9,.635,1.1,10.6,5.7,1.7,0.5,0.5,0.9
Marvin Bagley III,26,2TM,60,20.0,6.9,.618,2.4,.660,0.4,10.5,6.1,1.4,0.5,0.7,1.0
Tari Eason,24,HOU,60,25.8,9.7,.416,1.1,.776,1.6,10.5,6.3,1.5,1.2,0.5,1.4
Adama-Alpha Bal,22,MEM,8,30.1,8.5,.412,1.3,.900,2.3,10.4,3.1,2.4,1.1,0.1,0.8
A.J. Green,26,MIL,78,29.1,7.9,.424,0.8,.855,3.0,10.4,2.7,1.9,0.5,0.1,1.0
Caleb Love,24,POR,49,20.7,10.0,.388,1.0,.735,1.9,10.4,2.3,2.5,0.6,0.1,1.3
Lucas Williamson,27,MEM,7,32.0,10.7,.333,1.1,1.000,2.1,10.4,5.4,2.6,1.6,0.1,1.4
Egor Dëmin,19,BRK,52,25.2,8.6,.399,1.3,.831,2.4,10.3,3.2,3.3,0.8,0.3,1.7
DaQuan Jeffries,28,SAC,3,20.0,6.3,.579,1.7,1.000,1.3,10.3,1.7,0.3,0.7,0.0,0.0
Will Riley,19,WAS,74,22.1,8.4,.439,2.4,.800,1.1,10.3,2.9,2.0,0.7,0.1,1.3
Khris Middleton,34,2TM,63,22.8,8.6,.420,2.2,.875,1.1,10.2,3.7,2.8,0.7,0.1,1.7
Neemias Queta,26,BOS,76,25.3,6.6,.653,2.3,.703,0.0,10.2,8.4,1.7,0.8,1.3,1.0
D'Angelo Russell,29,DAL,26,19.0,8.9,.405,2.3,.717,1.3,10.2,2.3,4.0,0.5,0.1,1.9
Jalen Smith,25,CHI,53,20.7,7.6,.483,1.8,.742,1.5,10.2,6.7,1.2,0.5,0.8,1.0
Ziaire Williams,24,BRK,56,22.9,7.7,.425,2.5,.850,1.5,10.2,2.4,1.1,1.4,0.4,1.1
Precious Achiuwa,26,SAC,73,23.9,8.2,.528,1.9,.554,0.4,10.1,6.7,1.4,0.9,0.7,0.9
Derrick Jones Jr.,28,LAC,50,27.0,7.6,.499,1.9,.763,1.1,10.1,3.5,1.4,0.9,1.0,0.8
Kevin Huerter,27,2TM,69,22.4,8.6,.451,1.0,.775,1.4,10.0,3.5,2.6,0.9,0.5,1.0
Jordan Miller,26,LAC,60,22.1,6.7,.531,2.9,.777,0.6,10.0,3.0,2.3,0.8,0.2,1.1
Toby Okani,24,MEM,6,36.2,11.7,.357,1.3,.125,1.5,10.0,3.5,1.0,0.7,0.5,0.5
Olivier-Maxence Prosper,23,MEM,53,18.6,6.6,.549,2.2,.754,1.1,10.0,3.5,1.0,0.8,0.2,0.9
Isaiah Stewart,24,DET,58,22.7,6.9,.550,2.3,.756,0.7,10.0,5.0,1.1,0.3,1.6,1.2
Harrison Barnes,33,SAS,77,25.8,7.5,.456,1.6,.829,1.8,9.9,2.8,1.9,0.6,0.2,0.8
Tristan Da Silva,24,ORL,77,24.7,8.1,.450,1.2,.884,1.6,9.9,3.7,1.6,0.9,0.3,0.9
Ausar Thompson,23,DET,73,26.0,7.9,.525,2.6,.571,0.1,9.9,5.7,3.1,2.0,0.9,1.5
Royce O'Neale,32,PHO,78,28.4,8.0,.421,0.5,.711,2.7,9.8,4.8,2.7,1.1,0.4,1.3
Zach Collins,28,CHI,10,18.4,6.4,.578,2.0,.700,0.9,9.7,5.6,1.5,0.2,0.4,1.0
Micah Potter,27,IND,47,19.3,6.2,.515,2.1,.842,1.5,9.7,5.0,1.5,0.5,0.3,1.0
Javon Small,23,MEM,41,20.2,7.0,.465,2.0,.829,1.5,9.7,3.1,3.7,0.8,0.2,1.4
Zaccharie Risacher,20,ATL,67,22.4,8.0,.455,1.3,.644,1.4,9.6,3.8,1.1,0.9,0.5,0.9
Daniel Gafford,27,DAL,55,21.7,5.7,.655,2.9,.683,0.0,9.5,6.9,1.1,0.8,1.3,1.1
Jay Huff,27,IND,82,21.0,7.5,.476,1.2,.828,1.5,9.5,4.0,1.5,0.5,1.9,0.9
T.J. McConnell,33,IND,56,17.2,8.0,.538,0.5,.862,0.3,9.4,2.2,5.1,1.0,0.2,1.1
Svi Mykhailiuk,28,UTA,50,23.1,7.2,.478,0.6,.893,2.0,9.4,2.5,1.9,0.5,0.1,0.8
Aaron Wiggins,27,OKC,65,21.8,8.2,.431,1.1,.736,1.5,9.4,3.1,1.7,0.9,0.4,1.2
Daniss Jenkins,24,DET,72,20.2,7.9,.408,2.2,.832,1.0,9.3,2.3,3.9,0.9,0.2,1.6
Davion Mitchell,27,MIA,70,28.6,7.6,.490,0.9,.646,1.3,9.3,2.7,6.5,1.0,0.2,1.5
Isaac Okoro,25,CHI,63,26.9,7.3,.460,1.8,.795,1.2,9.3,2.7,1.6,0.7,0.5,0.7
Landry Shamet,28,NYK,51,23.0,7.1,.437,1.5,.711,2.0,9.3,1.8,1.4,0.6,0.2,0.6
Marcus Smart,31,LAL,62,28.5,7.7,.395,2.1,.822,1.6,9.3,2.8,3.0,1.4,0.4,1.5
Jaden Hardy,23,2TM,57,15.8,7.5,.424,1.3,.733,1.8,9.2,1.5,1.0,0.3,0.1,1.1
Isaiah Hartenstein,27,OKC,47,24.2,6.3,.622,2.2,.610,0.0,9.2,9.4,3.5,1.0,0.8,1.7
Sam Hauser,28,BOS,78,24.8,7.7,.419,0.3,.850,2.5,9.2,3.8,1.5,0.5,0.3,0.4
Corey Kispert,26,2TM,58,18.6,6.8,.467,1.7,.794,1.5,9.2,2.3,1.6,0.3,0.2,0.8
Taurean Prince,31,MIL,26,23.5,7.3,.450,0.2,1.000,2.3,9.2,3.1,1.8,0.6,0.2,1.2
Gui Santos,23,GSW,68,20.5,6.8,.500,1.8,.725,1.1,9.2,3.9,2.3,0.9,0.3,1.5
Cam Whitmore,21,WAS,21,16.9,8.0,.456,1.5,.742,0.8,9.2,2.8,0.7,0.7,0.4,0.9
Quenton Jackson,27,IND,49,18.3,6.7,.470,2.4,.824,0.9,9.1,2.3,2.9,0.6,0.1,1.3
Tristan Vukcevic,22,WAS,49,13.7,6.5,.479,2.3,.784,1.0,9.0,3.0,1.1,0.5,0.7,1.3
Devin Carter,23,SAC,38,18.4,7.7,.414,2.5,.713,0.8,8.9,3.3,2.7,0.9,0.2,1.4
Herbert Jones,27,NOP,56,28.4,8.5,.383,1.1,.806,1.4,8.9,3.4,2.8,1.6,0.5,1.3
Nolan Traoré,19,BRK,56,22.2,8.6,.380,1.7,.787,1.1,8.9,1.8,3.8,0.8,0.4,2.3
Danny Wolf,21,BRK,57,20.8,7.7,.405,1.9,.771,1.2,8.9,4.9,2.2,0.5,0.6,1.3
John Poulakidas,22,DAL,13,19.5,7.0,.429,0.5,.857,2.4,8.8,2.3,0.8,0.5,0.3,0.3
Payton Sandfort,23,OKC,4,15.8,6.5,.500,1.0,.500,1.8,8.8,2.5,0.0,0.3,0.0,0.3
Cody Williams,21,UTA,67,24.3,7.6,.468,1.8,.706,0.4,8.8,3.0,2.0,0.8,0.4,1.1
Justin Champagnie,24,WAS,69,20.0,6.7,.502,1.5,.784,0.8,8.7,5.6,1.2,0.9,0.6,0.7
Jordan Goodwin,27,PHO,70,22.5,7.9,.413,0.8,.696,1.6,8.7,4.9,2.2,1.5,0.2,1.0
Day'Ron Sharpe,24,BRK,62,18.7,5.7,.601,2.5,.678,0.1,8.7,6.7,2.3,1.1,0.4,1.7
Jonas Valančiūnas,33,DEN,65,13.4,6.0,.582,2.1,.772,0.1,8.7,5.1,1.2,0.2,0.6,1.1
Jordan Clarkson,33,NYK,72,17.8,7.3,.451,1.3,.830,1.0,8.6,1.8,1.3,0.4,0.1,0.9
Nique Clifford,23,SAC,75,25.1,7.9,.418,1.3,.722,1.0,8.6,3.8,2.4,0.9,0.3,1.5
Cason Wallace,22,OKC,77,26.6,7.6,.432,0.9,.809,1.3,8.6,3.1,2.6,1.9,0.4,0.9
Jaden Ivey,23,2TM,37,18.1,6.9,.445,1.3,.809,1.4,8.5,2.5,1.8,0.6,0.4,1.1
Vít Krejčí,25,2TM,65,21.4,6.6,.448,0.8,.745,2.0,8.5,2.3,1.5,0.7,0.3,0.6
Simone Fontecchio,30,MIA,70,16.8,6.7,.412,1.5,.843,1.8,8.5,3.0,1.4,0.5,0.1,0.7
Bones Hyland,25,MIN,71,16.6,6.6,.453,1.2,.780,1.6,8.5,1.8,2.6,0.6,0.2,1.0
Brook Lopez,37,LAC,75,21.8,7.2,.428,1.0,.757,1.5,8.5,3.6,1.3,0.6,1.2,0.8
Collin Murray-Boyles,20,TOR,57,21.9,6.0,.579,1.9,.657,0.3,8.5,5.0,1.9,0.9,0.9,1.0
Luke Kennard,29,2TM,78,21.6,5.7,.533,0.9,.913,1.5,8.4,2.3,2.2,0.7,0.1,0.8
Kentavious Caldwell-Pope,32,MEM,51,21.3,7.2,.410,1.6,.913,1.1,8.4,2.5,2.7,0.8,0.2,1.2
Draymond Green,35,GSW,68,27.5,7.2,.418,1.2,.702,1.5,8.4,5.5,5.5,0.9,0.6,2.7
Jared McCain,21,2TM,67,17.3,7.2,.425,0.9,.864,1.5,8.3,2.0,1.3,0.5,0.1,0.8
Luguentz Dort,26,OKC,69,26.8,7.6,.385,0.8,.759,1.9,8.3,3.6,1.2,0.9,0.4,0.8
Al Horford,39,GSW,45,21.5,7.2,.426,0.6,.846,1.6,8.3,4.9,2.6,0.7,1.1,0.9
Josh Oduro,25,NOP,3,27.3,5.7,.647,2.0,.500,0.0,8.3,7.7,1.3,0.0,0.0,0.7
Kadary Richmond,24,WAS,3,22.3,5.3,.625,1.0,1.000,0.7,8.3,3.3,2.7,2.7,0.3,0.7
Malachi Smith,26,BRK,15,23.9,6.6,.485,0.5,1.000,1.3,8.3,3.4,3.3,0.8,0.3,0.9
Bradley Beal,32,LAC,6,20.2,8.0,.375,1.3,.750,1.2,8.2,0.8,1.7,0.5,0.0,1.5
LJ Cryer,24,GSW,18,16.2,6.5,.402,1.1,.895,2.1,8.2,1.6,1.0,0.2,0.0,0.8
Ron Holland,20,DET,78,19.9,7.0,.432,1.9,.805,0.6,8.2,4.0,1.2,1.2,0.3,1.2
Chaney Johnson,23,BRK,17,20.5,5.5,.543,2.1,.800,0.5,8.2,4.6,2.1,0.9,0.5,1.2
Jake LaRavia,24,LAL,82,25.1,6.4,.459,1.9,.763,1.0,8.2,4.0,1.8,1.3,0.5,1.1
Sharife Cooper,24,WAS,41,17.1,6.0,.514,1.5,.833,0.7,8.1,2.1,3.0,0.4,0.1,1.5
Luka Garza,27,BOS,69,16.2,5.2,.577,1.7,.769,0.8,8.1,4.1,1.0,0.4,0.4,0.7
Bez Mbeng,22,UTA,15,32.8,6.7,.500,1.7,.640,0.4,8.1,3.8,4.1,2.3,0.3,1.5
Bryce McGowens,23,NOP,42,21.0,5.6,.481,2.3,.779,0.9,8.1,2.1,1.5,0.6,0.2,0.4
Gary Trent Jr.,27,MIL,65,21.2,7.3,.387,0.8,.769,1.9,8.1,1.0,1.2,0.5,0.0,0.6
Mouhamadou Gueye,27,CHI,2,22.5,5.5,.545,2.0,.750,0.5,8.0,3.0,3.0,1.0,0.5,1.5
DeJon Jarreau,28,MEM,11,21.0,7.5,.398,2.1,.783,0.4,8.0,4.6,3.3,0.9,0.7,2.4
David Roddy,24,DEN,5,14.6,6.0,.500,1.4,1.000,0.6,8.0,4.0,0.8,0.8,0.2,0.4
Tre Scott,29,BRK,6,30.3,8.3,.380,1.0,.667,1.0,8.0,5.2,1.7,1.3,0.8,0.7
Nate Williams,26,GSW,14,17.1,6.3,.489,1.1,.867,0.9,8.0,2.1,1.0,0.4,0.0,1.1
Bruce Brown,29,DEN,82,24.4,6.4,.475,1.5,.762,0.7,7.9,3.9,2.1,1.0,0.2,1.1
Moussa Diabaté,24,CHO,73,26.0,5.0,.631,2.4,.659,0.0,7.9,8.7,1.9,0.8,1.0,1.0
Tyson Etienne,26,BRK,24,15.8,6.0,.400,1.5,.833,1.8,7.9,1.1,1.7,0.5,0.0,0.7
Leonard Miller,22,2TM,46,15.6,5.7,.553,1.2,.736,0.7,7.8,3.9,0.9,0.4,0.3,0.8
Walter Clayton,22,2TM,69,20.4,6.7,.384,1.8,.901,1.1,7.8,2.0,4.0,0.6,0.3,1.7
Paul Reed,26,DET,65,13.9,5.2,.617,1.7,.664,0.2,7.8,4.5,1.2,0.9,0.9,0.9
Oscar Tshiebwe,26,UTA,27,16.6,5.4,.634,1.8,.551,0.0,7.8,6.6,1.2,0.6,0.2,0.8
Dominick Barlow,22,PHI,71,23.8,5.6,.539,1.8,.718,0.3,7.7,4.8,1.2,0.9,0.7,0.8
Quinten Post,25,GSW,67,17.3,6.6,.440,0.6,.791,1.4,7.7,4.0,1.4,0.4,0.5,0.8
Ousmane Dieng,22,2TM,57,19.3,7.0,.422,0.8,.711,1.1,7.6,3.2,2.4,0.4,0.3,1.3
Buddy Hield,33,2TM,51,16.1,6.4,.437,0.7,.811,1.5,7.6,2.3,1.4,0.8,0.2,0.9
Ryan Kalkbrenner,24,CHO,69,21.4,4.2,.753,1.7,.716,0.0,7.6,5.5,0.8,0.5,1.5,0.9
Vince Williams Jr.,25,2TM,40,20.5,7.3,.353,1.3,.780,1.4,7.5,3.9,4.2,0.7,0.4,1.8
Jaxson Hayes,25,LAL,66,18.3,4.0,.756,2.3,.653,0.0,7.5,4.1,0.9,0.4,0.8,0.5
Gary Payton II,33,GSW,73,15.6,5.7,.583,0.5,.650,0.5,7.5,3.6,1.7,0.9,0.3,0.8
Ben Saraf,19,BRK,44,20.8,6.9,.396,2.0,.830,0.4,7.5,2.1,3.3,0.9,0.2,2.3
Ja'Kobe Walter,21,TOR,72,20.5,5.6,.446,1.3,.789,1.5,7.5,2.6,1.2,1.0,0.2,0.5
Josh Minott,23,2TM,49,17.0,5.1,.500,1.2,.787,1.3,7.4,3.2,0.9,0.9,0.5,0.9
Taylor Hendricks,22,2TM,59,18.9,6.0,.459,1.2,.681,1.1,7.4,3.7,0.9,0.8,0.5,0.8
Jose Alvarado,27,2TM,69,19.9,6.5,.416,0.7,.761,1.5,7.4,2.5,3.4,1.0,0.1,1.1
Bogdan Bogdanović,33,LAC,23,19.7,6.6,.388,1.1,.800,1.4,7.4,2.6,2.2,0.4,0.1,1.2
Caris LeVert,31,DET,60,19.2,6.5,.417,1.4,.679,1.0,7.4,2.0,2.7,0.9,0.7,1.4
Cameron Payne,31,PHI,22,17.0,6.8,.376,1.0,.864,1.5,7.4,2.0,2.6,1.1,0.3,0.5
Jamir Watkins,24,WAS,50,20.6,5.9,.446,1.6,.695,0.9,7.4,3.9,1.3,1.1,0.5,0.8
Kris Dunn,31,LAC,82,27.2,5.8,.476,1.0,.765,1.0,7.3,3.3,3.6,1.6,0.2,1.4
Nikola Jović,22,MIA,47,17.2,6.7,.366,2.1,.683,1.0,7.3,3.3,2.2,0.6,0.4,1.4
Kobe Sanders,23,LAC,68,19.9,5.6,.466,1.0,.826,1.2,7.3,2.3,1.6,0.7,0.1,1.2
Jalen Slawson,26,IND,13,23.9,5.9,.442,1.3,.706,1.2,7.3,4.4,2.8,1.5,1.1,1.3
Terance Mann,29,BRK,63,24.3,5.8,.457,1.3,.788,0.9,7.2,3.2,3.0,0.7,0.2,1.1
Pat Spencer,29,GSW,66,18.6,6.6,.427,0.9,.772,0.9,7.2,2.4,3.5,0.7,0.1,1.3
Julian Strawther,23,DEN,57,15.1,5.6,.467,1.2,.814,1.0,7.2,2.0,1.1,0.4,0.1,0.6
Jaylin Williams,23,OKC,65,19.6,5.4,.423,1.4,.793,1.5,7.2,5.5,2.4,0.5,0.6,1.0
Leaky Black,26,WAS,15,28.9,6.9,.388,0.5,.875,1.3,7.1,5.0,1.5,1.2,0.5,0.9
Seth Curry,35,GSW,10,13.3,4.9,.490,1.2,.917,1.2,7.1,1.2,1.0,0.3,0.0,0.2
Ben Sheppard,24,IND,65,21.4,6.0,.434,0.8,.765,1.3,7.1,3.0,1.8,0.6,0.1,0.6
Lawson Lovering,22,MEM,2,24.5,5.0,.600,2.5,.400,0.0,7.0,7.5,1.5,1.5,0.5,1.0
Ethan Thompson,26,IND,32,20.4,6.1,.378,1.5,.787,1.2,7.0,2.2,1.8,0.6,0.3,0.8
Grant Williams,27,CHO,36,19.8,5.1,.426,1.5,.815,1.4,7.0,3.9,1.6,0.5,0.5,0.9
Patrick Williams,24,CHI,72,20.5,6.6,.372,1.0,.720,1.3,7.0,3.0,1.5,0.7,0.4,1.0
Javonte Green,32,DET,82,17.6,5.0,.447,1.5,.840,1.1,6.9,2.8,0.7,1.2,0.3,0.5
Moritz Wagner,28,ORL,36,11.9,5.4,.426,2.0,.819,0.6,6.9,3.2,0.8,0.4,0.1,0.5
MarJon Beauchamp,25,PHI,14,14.0,5.4,.434,1.4,.684,1.1,6.8,2.3,1.1,0.6,0.3,0.9
Elijah Harkless,25,UTA,26,21.0,6.2,.335,2.5,.766,0.8,6.8,2.0,2.9,1.2,0.2,1.0
Keon Ellis,26,2TM,72,20.5,5.3,.440,1.0,.729,1.3,6.7,1.9,1.0,1.2,0.6,0.6
Isaiah Jackson,24,2TM,55,16.5,4.3,.637,1.9,.648,0.0,6.7,5.3,0.9,0.7,0.9,1.1
Cole Anthony,25,MIL,35,15.1,6.6,.424,0.7,.615,0.6,6.7,2.5,3.5,0.6,0.3,1.9
Kevin Love,37,UTA,37,16.6,5.4,.397,1.2,.841,1.4,6.7,5.8,1.8,0.4,0.2,0.8
Robert Williams,28,POR,59,17.1,4.2,.708,1.0,.596,0.2,6.7,7.0,1.0,0.6,1.5,0.8
Ryan Nembhard,22,DAL,60,19.5,6.5,.415,0.5,.806,0.8,6.6,2.2,5.3,0.4,0.0,1.4
Jamal Shead,23,TOR,82,22.6,6.1,.367,1.4,.784,1.0,6.6,1.7,5.4,0.9,0.2,1.4
Oso Ighodaro,23,PHO,82,22.0,4.5,.653,1.4,.453,0.0,6.5,5.1,2.3,0.9,0.7,1.2
Luke Kornet,30,SAS,68,21.0,4.0,.643,1.7,.825,0.0,6.5,6.1,1.9,0.5,1.0,0.4
Drake Powell,20,BRK,63,21.0,5.7,.402,1.2,.896,0.8,6.5,1.8,1.4,0.6,0.2,1.0
Trendon Watford,25,PHI,53,16.3,5.1,.515,1.5,.779,0.2,6.5,3.3,2.5,0.3,0.4,1.2
Kenrich Williams,31,OKC,56,15.3,5.3,.473,0.9,.635,0.9,6.5,3.3,1.4,0.6,0.1,0.8
Jevon Carter,30,2TM,53,16.4,5.8,.401,0.4,.789,1.5,6.4,1.7,1.6,0.8,0.2,0.7
Andre Drummond,32,PHI,63,19.5,5.3,.472,1.3,.631,0.5,6.4,8.4,1.3,0.6,0.8,1.0
Will Richard,23,GSW,69,20.0,5.0,.468,0.8,.852,1.0,6.4,2.5,1.3,1.2,0.1,0.8
Jalen Wilson,25,BRK,54,15.9,5.1,.396,1.8,.719,1.0,6.4,2.1,0.9,0.4,0.0,0.7
Rob Dillingham,21,2TM,65,14.9,6.3,.396,0.8,.745,0.6,6.3,2.0,2.2,0.7,0.1,1.5
Tyrese Martin,26,2TM,46,16.9,6.0,.394,0.6,.679,1.2,6.3,2.5,1.7,0.5,0.1,0.9
Kyle Anderson,32,3TM,43,19.8,4.7,.530,1.6,.706,0.1,6.2,3.5,2.9,1.0,0.6,0.9
Thomas Bryant,28,CLE,60,12.2,4.5,.506,1.1,.803,0.8,6.2,3.4,0.6,0.3,0.4,0.5
Alex Caruso,31,OKC,56,18.2,5.4,.423,0.9,.804,0.9,6.2,2.8,2.0,1.3,0.3,0.9
Kasparas Jakučionis,19,MIA,53,17.8,4.5,.429,1.2,.879,1.2,6.2,2.6,2.6,0.6,0.1,0.9
Jahmai Mashack,23,MEM,31,21.7,6.3,.395,1.1,.543,0.6,6.2,2.6,2.2,1.2,0.5,1.6
Nick Smith Jr.,21,LAL,30,12.5,5.4,.435,0.5,.733,1.1,6.2,0.8,1.0,0.3,0.1,0.7
Mac McClung,27,2TM,11,12.3,5.4,.390,1.6,.778,0.6,6.1,0.9,0.9,1.0,0.3,0.8
Gradey Dick,22,TOR,76,14.0,5.1,.419,1.2,.875,0.7,6.0,1.9,0.7,0.6,0.1,0.6
Justin Edwards,22,PHI,64,15.3,5.0,.447,0.6,.846,1.0,6.0,1.5,1.3,0.8,0.2,0.6
Hayden Gray,22,UTA,1,25.0,3.0,.667,2.0,1.000,0.0,6.0,0.0,1.0,1.0,1.0,1.0
Tidjane Salaün,20,CHO,37,15.5,4.3,.503,1.1,.650,1.0,6.0,4.0,0.7,0.4,0.2,0.7
Goga Bitadze,26,ORL,64,15.2,3.5,.676,1.5,.711,0.0,5.9,5.0,1.3,0.6,1.0,0.7
Charles Bassey,25,4TM,13,11.8,3.6,.660,1.5,.700,0.0,5.8,4.4,0.5,0.3,0.8,0.5
Kobe Brown,26,2TM,61,15.8,4.4,.469,1.0,.797,0.9,5.8,3.0,1.3,0.4,0.2,0.9
Nick Richards,28,2TM,48,14.6,4.2,.512,2.1,.644,0.1,5.8,5.1,0.3,0.2,0.7,1.2
Steven Adams,32,HOU,32,22.8,4.3,.504,2.5,.580,0.0,5.8,8.6,1.5,0.7,0.6,1.1
Branden Carlson,26,OKC,42,11.6,4.4,.527,0.6,.577,0.7,5.8,3.0,0.7,0.2,0.6,0.4
Ryan Dunn,23,PHO,70,19.4,5.2,.453,0.7,.489,0.8,5.8,4.2,1.5,0.9,0.4,0.8
Anthony Gill,33,WAS,55,17.3,3.9,.628,0.8,.739,0.3,5.8,2.9,1.3,0.6,0.4,0.7
Kris Murray,25,POR,57,23.4,4.8,.467,1.0,.684,0.6,5.8,3.6,1.4,0.9,0.4,0.8
Matisse Thybulle,28,POR,30,16.0,4.5,.433,0.8,.840,1.2,5.8,2.0,0.9,2.0,0.5,0.9
Nae'Qwan Tomlin,25,CLE,64,15.7,4.9,.478,1.0,.770,0.4,5.8,2.9,0.8,0.6,0.5,0.5
Dean Wade,29,CLE,59,22.3,4.7,.439,0.6,.711,1.2,5.8,4.2,1.5,0.7,0.4,0.3
Jamaree Bouyea,26,PHO,46,14.0,5.1,.458,0.8,.686,0.5,5.7,1.8,1.8,0.6,0.3,0.7
E.J. Liddell,25,BRK,26,13.4,4.3,.486,1.0,.808,0.7,5.7,2.7,0.9,0.2,0.4,0.6
Karlo Matković,24,NOP,62,14.7,3.8,.604,0.7,.732,0.6,5.7,3.7,0.8,0.4,0.9,0.5
Doug McDermott,34,SAC,29,15.1,4.8,.388,0.3,.889,1.7,5.7,1.3,0.8,0.2,0.1,0.4
Yves Missi,21,NOP,66,19.7,4.5,.544,1.5,.559,0.0,5.7,5.8,1.3,0.3,1.5,0.8
Mitchell Robinson,27,NYK,60,19.6,3.4,.723,1.7,.408,0.0,5.7,8.8,0.9,0.9,1.2,0.7
Guerschon Yabusele,30,2TM,67,15.0,4.7,.401,1.1,.750,1.0,5.6,3.5,0.9,0.4,0.2,0.6
Terrence Shannon Jr.,25,MIN,43,12.5,4.0,.450,1.6,.800,0.7,5.6,1.1,0.9,0.3,0.0,0.6
Dru Smith,28,MIA,70,16.3,4.6,.415,1.5,.829,0.5,5.6,2.5,2.6,1.4,0.3,0.8
Eric Gordon,37,PHI,6,12.3,3.5,.571,0.3,.500,1.3,5.5,0.3,0.5,0.7,0.2,0.5
Killian Hayes,24,SAC,23,17.7,6.0,.304,1.2,.929,0.7,5.5,2.3,3.5,0.9,0.2,1.2
Aaron Holiday,29,HOU,57,13.7,4.4,.417,0.7,.854,1.2,5.5,1.0,1.1,0.5,0.1,0.7
Jett Howard,22,ORL,55,12.6,4.6,.418,0.7,.949,1.0,5.5,1.6,0.8,0.2,0.2,0.3
Spencer Jones,24,DEN,64,22.1,4.1,.504,0.8,.608,0.9,5.5,3.3,0.8,0.8,0.5,0.5
Tre Mann,24,CHO,53,12.6,5.7,.360,0.5,.852,0.9,5.5,1.7,1.6,0.5,0.1,1.0
Baylor Scheierman,25,BOS,77,18.6,4.3,.453,0.4,.903,1.3,5.5,3.5,1.5,0.5,0.1,0.6
Jamal Cain,26,ORL,40,12.2,3.8,.487,1.2,.848,0.7,5.4,2.0,0.7,0.3,0.1,0.5
Dylan Cardwell,24,SAC,44,20.6,4.1,.587,1.2,.510,0.0,5.4,7.5,1.4,0.7,1.5,0.9
Haywood Highsmith,29,PHO,7,13.0,3.3,.522,1.0,.857,1.1,5.4,1.9,1.0,0.6,0.0,0.0
Sion James,23,CHO,82,22.5,4.5,.371,1.2,.837,1.0,5.4,3.5,2.0,0.6,0.2,0.8
Pete Nance,25,MIL,47,15.7,4.1,.515,0.2,.364,1.1,5.4,2.7,1.0,0.3,0.3,0.6
Tyrese Proctor,21,CLE,50,10.9,4.5,.413,0.9,.889,0.9,5.4,1.3,1.5,0.5,0.0,0.8
Jordan Walsh,21,BOS,68,17.8,3.9,.509,0.8,.772,0.7,5.4,4.0,0.8,0.7,0.5,0.5
Rayan Rupert,21,2TM,64,16.8,4.9,.393,0.8,.778,0.7,5.2,2.9,1.1,0.9,0.1,0.9
Trey Alexander,22,NOP,9,12.3,4.1,.514,0.6,.600,0.7,5.2,1.2,1.0,0.7,0.2,0.3
Drew Eubanks,28,SAC,42,13.1,3.7,.596,1.4,.561,0.0,5.2,3.0,0.5,0.4,0.6,0.7
Andersson Garcia,25,UTA,5,33.8,5.8,.310,1.8,.778,0.2,5.2,8.4,2.8,1.6,0.8,1.4
Garrison Mathews,29,IND,15,13.1,3.5,.404,1.5,.826,1.1,5.2,1.1,0.7,0.4,0.2,0.2
Asa Newell,20,ATL,44,11.4,3.8,.538,0.7,.552,0.7,5.2,2.2,0.6,0.4,0.3,0.5
Jalen Pickett,26,DEN,50,16.1,4.6,.422,0.4,.789,1.0,5.2,2.3,2.3,0.3,0.1,0.7
Marcus Sasser,25,DET,38,12.0,4.7,.390,0.5,.833,1.2,5.2,1.0,2.0,0.5,0.1,0.8
Nikola Topić,20,OKC,10,16.0,5.1,.431,0.5,.400,0.6,5.2,1.9,4.4,0.5,0.0,2.5
Ochai Agbaji,25,2TM,62,15.7,4.5,.436,0.7,.837,0.5,5.1,2.3,0.8,0.4,0.3,0.5
Sidy Cissoko,21,POR,75,19.1,4.5,.398,1.2,.659,0.8,5.1,2.2,1.5,0.7,0.3,0.9
Johnny Furphy,21,IND,35,18.4,4.3,.470,1.0,.486,0.7,5.1,4.4,1.2,0.6,0.2,0.8
Jordan Hawkins,23,NOP,51,13.6,5.0,.366,0.5,.852,0.9,5.1,1.7,0.8,0.3,0.2,0.7
Jericho Sims,27,MIL,67,19.7,2.8,.784,1.1,.620,0.0,5.0,5.5,1.6,0.3,0.3,1.1
Adem Bona,22,PHI,71,17.4,3.1,.595,1.6,.708,0.0,4.8,4.3,0.5,0.4,1.2,0.8
Blake Wesley,22,POR,31,11.6,4.0,.452,1.5,.553,0.3,4.8,1.3,2.0,0.5,0.2,1.0
Tyler Smith,21,DAL,12,13.8,4.2,.420,0.5,.667,0.8,4.7,2.8,0.4,0.5,0.0,0.5
KJ Simpson,23,2TM,20,12.9,5.0,.343,0.9,.611,0.6,4.6,1.9,2.2,0.8,0.0,1.3
Lonzo Ball,28,CLE,35,20.8,5.0,.301,0.6,.667,1.1,4.6,4.0,3.9,1.3,0.3,1.5
Malaki Branham,22,WAS,28,9.8,3.3,.473,1.2,.824,0.5,4.6,1.6,0.8,0.4,0.1,0.5
Zyon Pullin,24,MIN,5,8.6,2.6,.692,0.8,1.000,0.2,4.6,0.6,1.8,0.2,0.0,0.6
Jeremiah Robinson-Earl,25,2TM,22,16.4,4.5,.370,0.8,.944,0.5,4.6,4.7,0.7,0.4,0.0,0.5
PJ Hall,23,2TM,19,11.3,3.1,.508,1.5,.793,0.2,4.5,3.9,0.5,0.2,0.5,0.8
Moussa Cisse,23,DAL,38,13.9,3.0,.574,2.1,.469,0.0,4.5,5.7,0.2,0.5,1.2,0.8
Mike Conley,38,MIN,54,18.4,4.0,.335,0.9,.900,1.0,4.5,1.7,2.9,0.6,0.3,0.6
Josh Okogie,27,HOU,78,17.4,3.8,.425,0.9,.594,0.8,4.5,2.6,0.9,0.8,0.2,0.5
Taelon Peter,23,IND,38,12.9,4.2,.380,0.4,.625,1.1,4.5,1.6,1.1,0.7,0.1,0.7
Craig Porter Jr.,25,CLE,64,17.9,4.0,.450,0.6,.600,0.5,4.5,3.4,3.2,0.9,0.6,0.9
John Konchar,29,2TM,56,19.9,3.6,.472,0.8,.727,0.5,4.4,4.3,2.1,1.5,0.7,0.6
RayJ Dennis,24,3TM,17,12.1,4.9,.313,0.5,.889,0.8,4.4,1.5,1.9,0.2,0.2,1.0
Gabe Vincent,29,2TM,53,16.6,4.1,.352,0.4,.870,1.1,4.4,1.0,1.4,0.5,0.1,0.5
Mouhamed Gueye,23,ATL,77,15.3,3.8,.452,0.8,.645,0.5,4.4,3.6,0.9,0.8,0.5,0.4
Kam Jones,23,IND,37,16.6,4.6,.402,0.2,.500,0.6,4.4,1.6,3.2,0.5,0.0,1.0
DeAndre Jordan,37,NOP,12,16.6,2.7,.656,1.4,.647,0.0,4.4,6.3,0.9,0.3,0.8,0.8
Tyler Kolek,24,NYK,62,11.7,4.0,.435,0.3,.700,0.7,4.4,1.6,2.7,0.4,0.1,0.9
Jase Richardson,20,ORL,54,10.9,3.5,.473,0.9,.717,0.5,4.4,1.2,1.1,0.4,0.0,0.5
Jarred Vanderbilt,26,LAL,65,17.4,3.7,.471,0.9,.589,0.4,4.4,4.5,1.3,0.8,0.3,0.9
Keshon Gilbert,22,2TM,4,18.5,3.0,.417,1.8,1.000,0.0,4.3,1.3,3.0,0.8,1.0,2.0
Rasheer Fleming,21,PHO,55,12.2,3.9,.405,0.6,.559,0.8,4.3,2.3,0.3,0.4,0.4,0.5
Josh Green,25,CHO,58,15.7,3.1,.459,0.5,.893,1.0,4.3,1.8,0.8,0.6,0.1,0.6
Keshad Johnson,24,MIA,32,8.8,3.3,.490,0.9,.724,0.4,4.3,1.9,0.3,0.5,0.3,0.4
Yanic Konan Niederhäuser,22,LAC,41,10.3,2.4,.640,1.5,.758,0.0,4.3,2.9,0.3,0.1,0.7,0.6
Skal Labissière,29,WAS,3,12.7,3.3,.600,0.0,,0.3,4.3,3.0,1.0,0.7,0.3,0.3
Dereck Lively II,21,DAL,7,16.4,2.6,.611,1.4,.800,0.0,4.3,5.3,1.9,0.6,1.6,1.4
Liam McNeeley,20,CHO,31,11.9,3.1,.400,1.3,.821,0.8,4.3,2.4,0.8,0.2,0.1,0.4
Grant Nelson,23,BRK,4,8.8,2.3,.556,2.5,.700,0.0,4.3,1.5,1.3,0.3,1.3,1.0
Micah Peavy,24,NOP,61,15.0,4.5,.385,0.5,.759,0.5,4.3,1.9,1.0,0.7,0.1,0.3
Jabari Walker,23,PHI,64,11.9,3.3,.455,1.1,.735,0.5,4.3,3.0,0.5,0.4,0.2,0.4
Carter Bryant,20,SAS,71,11.5,3.7,.408,0.6,.714,0.7,4.2,2.5,0.7,0.2,0.3,0.5
Ron Harper Jr.,25,BOS,29,11.0,3.8,.418,0.1,.750,1.0,4.2,1.7,0.8,0.3,0.3,0.3
Dalton Knecht,24,LAL,54,10.2,3.5,.455,0.4,.727,0.7,4.2,1.4,0.4,0.2,0.2,0.4
A.J. Lawson,25,TOR,24,9.4,3.3,.436,0.8,.778,0.8,4.2,1.8,0.3,0.5,0.2,0.3
Tristan Enaruna,24,CLE,9,9.4,3.1,.500,0.9,.750,0.3,4.1,1.6,0.8,0.6,0.0,0.3
Nicolas Batum,37,LAC,74,17.5,3.2,.403,0.1,.818,1.2,4.0,2.5,0.9,0.6,0.3,0.5
Tony Bradley,28,2TM,41,11.0,2.9,.547,1.0,.744,0.0,4.0,2.8,0.5,0.1,0.2,0.4
Jaylen Clark,24,MIN,68,13.1,3.4,.434,1.0,.657,0.5,4.0,1.8,0.6,0.7,0.1,0.3
Brandon Clarke,29,MEM,2,10.0,4.5,.333,2.0,.500,0.0,4.0,3.0,0.5,1.0,0.0,0.0
Riley Minix,25,2TM,9,6.4,2.6,.609,0.3,1.000,0.4,3.9,0.7,0.6,0.2,0.1,0.3
Joan Beringer,19,MIN,40,7.9,2.5,.663,0.9,.703,0.0,3.9,2.3,0.3,0.2,0.7,0.3
Hugo González,19,BOS,74,14.6,3.3,.476,0.4,.500,0.6,3.9,3.3,0.5,0.6,0.3,0.5
Caleb Martin,30,DAL,58,14.8,3.3,.450,1.1,.607,0.3,3.9,2.5,1.4,0.7,0.3,0.7
Koby Brea,23,PHO,12,7.0,3.0,.417,0.2,1.000,1.1,3.8,0.7,0.8,0.1,0.0,0.3
Clint Capela,31,HOU,75,12.3,3.0,.520,1.0,.577,0.0,3.8,4.6,0.7,0.5,0.8,0.5
Noah Penda,21,ORL,59,12.8,3.4,.404,0.8,.688,0.5,3.8,3.2,1.2,0.5,0.3,0.7
Omer Yurtseven,27,GSW,9,11.6,2.9,.423,2.0,.667,0.0,3.8,3.3,0.9,0.2,0.1,1.0
Patrick Baldwin Jr.,23,3TM,9,11.3,3.0,.407,0.8,.714,0.7,3.7,2.6,0.6,0.3,0.6,0.6
Dalen Terry,23,2TM,48,11.5,3.2,.439,0.6,.533,0.5,3.7,1.8,1.4,0.6,0.3,0.5
DaRon Holmes,23,DEN,25,8.4,2.4,.508,0.6,.786,0.8,3.7,1.4,0.6,0.0,0.2,0.5
Larry Nance Jr.,33,CLE,35,12.8,3.5,.419,0.4,.462,0.6,3.7,2.7,1.0,0.6,0.2,0.6
Zeke Nnaji,25,DEN,52,12.0,2.9,.470,0.8,.773,0.3,3.7,2.6,0.6,0.3,0.5,0.5
Tolu Smith,25,DET,15,9.1,2.4,.500,2.0,.667,0.0,3.7,3.3,0.9,0.1,0.4,0.5
Jeremy Sochan,22,2TM,44,10.7,2.9,.496,0.6,.731,0.3,3.6,2.4,0.9,0.4,0.2,0.5
Mohamed Diawara,20,NYK,69,9.2,3.1,.423,0.3,.750,0.7,3.6,1.4,0.8,0.2,0.1,0.4
Myron Gardner,24,MIA,45,9.1,2.7,.480,0.6,.731,0.6,3.6,2.7,1.0,0.4,0.2,0.4
Olivier Sarr,26,CLE,4,9.8,1.8,.714,1.3,.400,0.5,3.5,2.8,1.3,0.5,0.8,0.5
Keaton Wallace,26,ATL,53,10.1,3.2,.398,0.3,.667,0.7,3.5,1.1,1.8,0.5,0.1,0.5
Trayce Jackson-Davis,25,2TM,53,9.4,2.3,.573,1.4,.514,0.0,3.4,2.7,0.7,0.3,0.5,0.4
Taj Gibson,40,MEM,10,9.7,2.6,.462,0.8,.875,0.3,3.4,2.7,0.6,0.2,0.1,0.1
Yuki Kawamura,24,CHI,18,11.6,2.9,.327,1.1,.895,0.6,3.4,1.8,2.6,0.5,0.0,0.8
Drew Timme,25,LAL,27,8.7,2.4,.576,0.3,.556,0.4,3.4,1.2,0.9,0.2,0.0,0.5
AJ Johnson,21,2TM,48,9.5,3.7,.324,0.8,.850,0.3,3.3,1.1,1.0,0.2,0.1,0.6
Dorian Finney-Smith,32,HOU,37,16.8,3.6,.333,0.2,.889,0.7,3.3,2.5,1.0,0.4,0.2,0.6
Enrique Freeman,25,MIN,4,9.3,2.0,.500,1.0,.750,0.5,3.3,2.5,0.5,0.5,0.8,0.5
Malevy Leons,26,GSW,25,11.0,2.9,.444,0.8,.789,0.2,3.3,2.1,0.9,0.6,0.4,0.5
Dwight Powell,34,DAL,63,14.3,1.6,.644,1.8,.696,0.0,3.3,4.1,1.1,0.5,0.3,0.7
Isaiah Stevens,25,SAC,3,14.3,2.3,.429,1.3,1.000,0.0,3.3,1.0,3.3,1.7,0.0,0.7
James Wiseman,24,IND,4,14.5,2.5,.600,0.5,.500,0.0,3.3,2.0,0.8,0.0,0.3,1.3
Amir Coffey,28,2TM,46,10.7,2.5,.487,0.6,.786,0.4,3.2,1.2,0.6,0.2,0.1,0.2
Alex Antetokounmpo,24,MIL,6,3.5,1.3,.375,2.5,.733,0.3,3.2,1.0,0.2,0.0,0.2,0.2
Kelly Olynyk,34,SAS,42,8.6,2.3,.490,0.9,.711,0.3,3.2,1.8,1.2,0.4,0.1,0.6
Jamison Battle,24,TOR,61,8.5,2.4,.510,0.2,.643,0.6,3.1,1.5,0.4,0.1,0.0,0.3
Miles Kelly,23,DAL,14,9.6,3.1,.364,0.1,1.000,0.7,3.1,1.7,0.9,0.3,0.1,0.4
Mark Sears,23,MIL,7,3.7,1.9,.462,1.1,.750,0.6,3.1,0.3,0.3,0.0,0.0,0.6
Tyus Jones,29,3TM,67,14.6,3.3,.349,0.1,.778,0.6,3.0,1.1,2.4,0.6,0.0,0.4
CJ Huntley,24,PHO,4,10.0,2.8,.545,0.0,,0.0,3.0,1.3,0.5,0.3,0.0,0.0
Chris Livingston,22,CLE,3,5.7,2.3,.571,0.3,1.000,0.0,3.0,1.0,0.3,0.3,0.0,0.0
Khaman Maluach,19,PHO,46,8.9,2.3,.533,0.7,.710,0.1,3.0,2.9,0.1,0.1,0.7,0.5
Emanuel Miller,25,CHI,5,6.6,2.6,.462,0.4,.500,0.4,3.0,0.6,0.8,0.4,0.0,0.0
Monte Morris,30,IND,6,10.8,3.3,.350,0.7,.500,0.3,3.0,1.2,1.5,0.2,0.2,0.3
Julian Phillips,22,2TM,48,8.9,2.5,.421,0.5,.783,0.4,2.9,1.0,0.2,0.5,0.1,0.2
Kobe Bufkin,22,LAL,16,7.4,3.1,.300,0.8,.917,0.3,2.9,0.8,0.6,0.1,0.2,0.3
Bronny James,21,LAL,42,8.9,2.7,.409,0.2,.857,0.5,2.9,0.5,1.2,0.5,0.1,0.6
Curtis Jones,24,DEN,10,8.8,2.7,.407,0.2,.500,0.6,2.9,1.1,1.0,0.4,0.0,0.2
David Jones García,24,SAS,11,6.2,2.3,.520,0.5,.500,0.3,2.9,1.2,1.6,0.5,0.1,0.5
Chris Paul,40,LAC,16,14.3,3.5,.321,0.1,.500,0.6,2.9,1.8,3.3,0.7,0.0,1.0
Duop Reath,29,POR,32,8.1,2.3,.446,0.2,.833,0.7,2.9,1.2,0.3,0.2,0.3,0.2
Cam Christie,20,LAC,55,8.7,2.5,.381,0.9,.760,0.2,2.8,1.4,0.6,0.3,0.1,0.4
Kevon Looney,29,NOP,21,14.7,2.9,.417,0.5,.700,0.1,2.8,5.6,1.6,0.4,0.5,0.4
Norchad Omier,24,LAC,6,4.0,1.7,.700,0.5,1.000,0.0,2.8,1.2,0.3,0.2,0.0,0.0
Jae'Sean Tate,30,HOU,46,8.8,2.4,.514,0.2,.636,0.2,2.8,1.6,0.5,0.2,0.1,0.3
Rocco Zikarsky,19,MIN,5,7.2,1.6,.625,0.8,1.000,0.0,2.8,2.8,0.4,0.0,1.0,0.2
Christian Koloko,25,3TM,27,13.2,2.7,.419,0.6,.667,0.0,2.7,3.0,0.7,0.5,0.9,0.6
Gary Harris,31,MIL,48,13.8,2.2,.442,0.2,.889,0.6,2.7,1.3,1.1,0.6,0.2,0.4
Antonio Reeves,25,CHO,10,6.8,2.0,.500,0.0,,0.7,2.7,0.8,0.3,0.1,0.0,0.1
Pat Connaughton,33,CHO,42,7.1,2.0,.447,0.5,.650,0.5,2.6,1.5,0.4,0.3,0.0,0.3
Jonathan Isaac,28,ORL,52,10.0,2.1,.422,1.1,.603,0.1,2.6,2.5,0.4,0.4,0.6,0.3
Mo Bamba,27,2TM,4,11.0,2.8,.455,0.0,,0.0,2.5,5.5,0.3,0.0,0.8,0.5
JD Davison,23,HOU,28,7.8,2.3,.375,0.7,.684,0.3,2.5,1.2,1.3,0.2,0.2,0.3
John Tonje,24,BOS,6,7.0,2.3,.286,0.7,1.000,0.5,2.5,1.0,0.3,0.3,0.0,0.0
Hunter Dickinson,25,NOP,5,8.4,2.8,.357,0.4,1.000,0.0,2.4,1.0,0.4,0.2,0.4,0.6
Andre Jackson Jr.,24,MIL,48,8.5,2.5,.328,0.7,.625,0.3,2.4,1.5,0.9,0.4,0.1,0.6
Chaz Lanier,24,DET,34,7.7,2.6,.315,0.2,.833,0.6,2.4,0.7,0.5,0.2,0.0,0.1
Kevin McCullar Jr.,24,NYK,21,7.4,2.2,.426,0.2,.400,0.4,2.4,1.3,1.0,0.4,0.0,0.6
Lachlan Olbrich,22,CHI,37,9.3,2.1,.468,1.1,.375,0.1,2.4,3.0,1.1,0.3,0.2,0.4
Lindy Waters III,28,SAS,40,7.1,2.2,.375,0.1,.667,0.7,2.4,0.7,0.5,0.2,0.0,0.2
Chris Boucher,33,BOS,9,10.4,2.8,.320,0.4,.750,0.2,2.3,2.0,0.3,0.6,0.8,0.1
Caleb Houstan,23,ATL,18,4.2,1.4,.538,0.2,1.000,0.6,2.3,0.6,0.2,0.1,0.1,0.2
Luke Travers,24,CLE,12,8.6,3.0,.250,0.8,1.000,0.1,2.3,2.0,0.8,0.6,0.3,0.3
Jeff Green,39,HOU,30,5.8,2.3,.368,0.2,1.000,0.4,2.2,0.8,0.3,0.1,0.1,0.1
Yang Hansen,20,POR,43,7.0,2.3,.310,0.8,.824,0.1,2.2,1.5,0.5,0.1,0.2,0.7
Ariel Hukporti,23,NYK,54,9.2,1.5,.563,0.6,.788,0.0,2.2,2.9,0.5,0.2,0.5,0.6
Alijah Martin,24,TOR,23,6.3,2.2,.320,0.8,.789,0.2,2.2,0.9,0.5,0.3,0.2,0.3
Hunter Tyson,25,DEN,21,7.7,2.5,.269,0.6,.846,0.3,2.2,1.7,0.8,0.1,0.0,0.2
Chris Youngblood,23,2TM,34,5.4,1.9,.349,0.3,.900,0.5,2.1,0.8,0.4,0.1,0.1,0.1
Dalano Banton,26,2TM,6,10.3,2.0,.333,0.7,1.000,0.0,2.0,0.8,1.8,0.3,0.8,1.3
Isaiah Crawford,24,HOU,14,6.6,1.7,.417,0.4,.833,0.2,2.0,1.1,0.4,0.1,0.2,0.3
Trentyn Flowers,20,CHI,2,3.0,1.5,.667,0.0,,0.0,2.0,0.5,0.5,0.0,0.0,0.5
Colby Jones,23,DET,1,7.0,3.0,.333,0.0,,0.0,2.0,4.0,2.0,0.0,0.0,0.0
Johnny Juzang,24,MIN,21,4.2,1.8,.421,0.4,.625,0.3,2.0,0.8,0.3,0.1,0.0,0.2
Jayson Kent,23,POR,5,4.4,1.4,.571,0.2,1.000,0.2,2.0,1.0,0.0,0.2,0.2,0.0
Maxi Kleber,34,LAL,43,10.7,1.7,.452,0.6,.538,0.1,2.0,2.0,0.6,0.4,0.3,0.4
Jordan McLaughlin,29,SAS,44,6.4,1.8,.418,0.2,.857,0.4,2.0,0.7,0.9,0.5,0.0,0.3
Alex Morales,28,ORL,4,6.0,1.8,.429,0.5,1.000,0.0,2.0,0.8,1.0,0.0,0.0,1.0
Sean Pedulla,23,LAC,7,4.4,2.1,.333,0.0,,0.4,1.9,0.4,0.7,0.0,0.0,0.1
Adou Thiero,21,LAL,25,6.0,1.2,.516,0.9,.636,0.0,1.9,1.1,0.4,0.3,0.1,0.4
Bobi Klintman,22,DET,12,5.9,2.3,.333,0.3,.000,0.3,1.8,1.6,0.5,0.3,0.0,0.5
Isaiah Livers,27,PHO,36,9.6,1.8,.344,0.3,.750,0.3,1.8,1.7,0.6,0.4,0.2,0.3
Cody Martin,30,IND,4,13.8,2.5,.200,1.5,.500,0.0,1.8,3.5,0.5,1.0,0.5,1.0
Orlando Robinson,25,ORL,4,6.3,1.3,.600,0.0,,0.3,1.8,1.0,0.8,0.3,0.0,0.0
Jahmir Young,25,MIA,14,4.1,1.8,.400,0.1,1.000,0.2,1.8,0.3,0.6,0.1,0.0,0.2
Brooks Barnhizer,23,OKC,40,8.7,1.8,.380,0.3,.700,0.2,1.7,2.0,0.6,0.3,0.1,0.3
Pacôme Dadiet,20,NYK,29,4.7,1.7,.333,0.4,.818,0.2,1.7,0.9,0.4,0.1,0.0,0.1
Wendell Moore Jr.,24,DET,6,10.0,1.2,.571,0.3,1.000,0.0,1.7,1.0,0.7,0.3,0.3,0.2
Mason Plumlee,35,2TM,20,8.6,0.7,.786,0.7,.643,0.0,1.6,2.7,1.0,0.5,0.0,0.6
Harrison Ingram,23,SAS,7,3.7,0.9,.833,0.0,,0.1,1.6,0.4,0.1,0.0,0.0,0.1
Jacob Toppin,25,ATL,5,3.4,1.2,.667,0.0,,0.0,1.6,0.2,0.2,0.0,0.2,0.0
Xavier Tillman Sr.,27,2TM,30,6.1,1.5,.435,0.1,.250,0.1,1.5,1.4,0.4,0.3,0.2,0.3
Buddy Boeheim,26,OKC,4,3.8,1.5,.333,0.0,,0.5,1.5,0.0,0.0,0.0,0.0,0.0
Joe Ingles,38,MIN,27,5.7,1.0,.593,0.1,1.000,0.3,1.5,0.7,1.3,0.3,0.1,0.5
Jonathan Mogbo,24,TOR,40,6.2,1.1,.591,0.4,.643,0.0,1.5,1.7,0.6,0.3,0.2,0.4
Thanasis Antetokounmpo,33,MIL,34,4.4,0.9,.469,0.9,.567,0.0,1.4,0.9,0.4,0.4,0.2,0.3
Amari Williams,24,BOS,22,6.6,0.9,.500,0.6,.714,0.0,1.4,1.8,0.5,0.1,0.5,0.5
Isaac Jones,25,2TM,7,5.1,1.0,.429,0.6,.750,0.0,1.3,0.7,0.1,0.0,0.1,0.1
Colin Castleton,25,ORL,4,5.3,1.3,.400,0.3,1.000,0.0,1.3,2.0,0.3,0.3,0.0,0.5
Nigel Hayes-Davis,31,PHO,27,7.2,1.7,.326,0.1,.500,0.1,1.3,1.2,0.3,0.3,0.1,0.3
Dillon Jones,24,NYK,7,5.6,1.3,.222,0.6,1.000,0.1,1.3,1.0,0.6,0.4,0.0,0.0
TyTy Washington Jr.,24,LAC,16,5.5,1.2,.474,0.0,,0.2,1.3,0.4,1.1,0.4,0.2,0.2
Javonte Cooke,26,POR,19,4.9,2.2,.220,0.1,1.000,0.2,1.2,1.0,0.4,0.3,0.0,0.5
Kyle Lowry,39,PHI,14,8.4,1.8,.160,0.4,.833,0.3,1.2,0.6,0.8,0.1,0.1,0.3
Trey Jemison,26,NYK,13,6.3,0.8,.600,0.1,1.000,0.0,1.0,1.4,0.4,0.1,0.2,0.8
Trevor Keels,22,MIA,8,1.9,1.5,.250,0.0,,0.3,1.0,0.3,0.0,0.1,0.0,0.0
Hunter Sallis,22,PHI,7,3.7,0.7,.600,0.3,.500,0.0,1.0,0.1,0.6,0.0,0.1,0.7
Dario Šarić,31,SAC,5,8.2,1.2,.167,0.4,1.000,0.2,1.0,1.2,0.4,0.0,0.0,0.4
Stanley Umude,26,SAS,2,3.5,1.0,.500,0.0,,0.0,1.0,0.0,0.5,0.5,0.0,0.0
Bismack Biyombo,33,SAS,25,5.6,0.6,.600,0.3,.714,0.0,0.9,1.0,0.2,0.2,0.1,0.3
Johni Broome,23,PHI,11,5.0,2.2,.167,0.5,.333,0.0,0.9,1.5,0.4,0.3,0.2,0.3
N'Faly Dante,24,ATL,4,3.8,1.0,.250,0.3,1.000,0.0,0.8,1.8,0.0,0.5,0.0,0.3
Markelle Fultz,27,TOR,5,7.2,2.2,.182,0.0,,0.0,0.8,0.2,1.6,0.4,0.0,0.8
Vladislav Goldin,24,MIA,9,2.7,0.4,.750,0.1,1.000,0.0,0.8,1.0,0.3,0.0,0.3,0.3
Chris Mañon,24,LAL,9,5.1,0.7,.333,0.4,.750,0.0,0.8,1.1,0.3,0.6,0.2,0.1
Drew Peterson,26,CHO,6,10.7,2.7,.125,0.3,.500,0.0,0.8,1.5,0.3,0.5,0.2,0.0
Garrett Temple,39,TOR,22,3.3,0.7,.267,0.4,.667,0.1,0.8,0.4,0.4,0.2,0.1,0.3
Max Shulga,23,BOS,11,3.3,0.7,.250,0.2,1.000,0.1,0.6,0.5,0.2,0.1,0.0,0.3
Jahmyl Telfort,24,LAC,8,4.0,0.5,.000,0.5,.250,0.0,0.1,0.4,0.1,0.1,0.0,0.1
Darius Brown II,26,CLE,1,3.0,1.0,.000,0.0,,0.0,0.0,1.0,0.0,0.0,0.0,0.0
Noa Essengue,19,CHI,2,3.0,1.5,.000,0.0,,0.0,0.0,0.0,0.0,0.5,0.0,0.0
Tosan Evbuomwan,24,NYK,5,1.6,0.2,.000,0.0,,0.0,0.0,0.4,0.0,0.0,0.0,0.0
Chucky Hepburn,22,TOR,2,6.5,3.0,.000,0.0,,0.0,0.0,0.5,1.0,0.5,0.0,0.5
League Average,,,,,,.471,,.783,,,,,,,
